Id,Location,Name,Category,Description,Latitude,Longitude,Altitude,Date verified,Open,Electricity,Wifi,Kitchen,Parking,Restaurant,Showers,Water,Toilets,Big rig friendly,Tent friendly,Pet friendly,Sanitation dump station,Outdoor gear,Groceries,Artisan goods,Bakery,Rarity in this area,Repairs vehicles,Repairs motorcycles,Repairs bicycles,Sells parts,Recycles batteries,Recycles oil,Bio fuel,Electric vehicle charging,Composting sawdust,Recycling center
4761342d-6fe6-46a7-a118-094ccc650227,"State Line Campground, United States",State Line Campground,Established Campground,8 free BLM camping spots with pit toilets. Limited LTE service from solar powered booster station. One of the eight spots is reserved for tent only.,36.7783,-119.4179,0.0,2024-07-12 00:00:00 UTC,Yes,No,No,No,Yes,No,No,No,Yes,No,Yes,Yes,No,No,No,No,No,,No,No,No,No,No,No,No,No,No,No
c9b41dd2-7631-4fb3-8b9b-063b68013397,"White Pocket, United States",White Pocket,Established Campground,"Sleeping place right in front of the White Pocket on the parking. Super quiet, 0 Services. Ideal for morning and sunset photos! In case you are unlucky in the lottery for „the wave“ - this is the place to visit. It is just wonderful here, no permits required, you can stay overnight. Wonder around and enjoy. The last 9 km is deep sand, 4x4 required, high clearance as well. We made it with a Sprinter. It is a remote place.",31.9809,-99.8864,0.0,2024-07-12 00:00:00 UTC,Yes,No,No,No,Yes,No,No,No,No,Yes,Yes,Yes,No,No,No,No,No,,No,No,No,No,No,No,No,No,No,No
e127c1c0-d69a-4f5d-929b-69d195641f0c,"Tolsona River RV Park and Campground, United States",Tolsona River RV Park and Campground,Established Campground,"An old standby for us. Multiple sites for large or small RV's and tents along a windy creek. Hot showers cost .25/minute, wifi close to office.",43.8287,-120.5234,0.0,2024-07-12 00:00:00 UTC,Yes,Yes,Yes,No,Yes,No,Yes,Yes,Yes,Yes,Yes,Yes,Yes,No,No,No,No,,No,No,No,No,No,No,No,No,No,No
1b6793a8-b12a-467e-bb51-ec01bf59c709,"Beverly Beach State Park, United States",Beverly Beach State Park,Established Campground,"This is a great campground for a first night on the Oregon coast. It is a very nice State Park campground with great beach access under a highway 101 overpass. A beautiful old growth loop-system campground with full hookups, tent sites (good selection), hot showers, clean bathrooms, but no wifi available.",39.3579,-111.0475,0.0,2024-07-12 00:00:00 UTC,Yes,Yes,No,No,Yes,No,Yes,Yes,Yes,Yes,Yes,Yes,Yes,No,No,No,No,,No,No,No,No,No,No,No,No,No,No
b6197b0a-074c-468e-bf00-5a87b92afb98,"Sunset Bay State Park, United States",Sunset Bay State Park,Established Campground,"Another night, another campground. Full hookups, hot showers, no wifi. Price: $21/tent site",39.5993,-105.7205,0.0,2024-07-12 00:00:00 UTC,Yes,Yes,No,No,Yes,No,Yes,Yes,Yes,Yes,Yes,Yes,No,No,No,No,No,,No,No,No,No,No,No,No,No,No,No
a24a4bf5-4dd6-4ab5-a519-5e4d783d4df4,"Clam Beach County Park, United States",Clam Beach County Park,Established Campground,"This is a very small campground for cars and RVs. Paved lot right by the ocean with toilets (a bit scary), and a picnic site. Maximum stay is 3 nights and fees were $30/night. There appears to be a camp host across the road. Verizon good. AT&T good. Water available.",34.1104,-111.0167,0.0,2024-07-12 00:00:00 UTC,Yes,No,No,No,Yes,No,No,Yes,Yes,Yes,Yes,Yes,No,No,No,No,No,,No,No,No,No,No,No,No,No,No,No
be696b74-f226-4952-b032-15ae8a11fc89,"Doran County Park, United States",Doran County Park,Established Campground,"Busy campground on a spit outside of Bodega Bay, CA. Reservations are required for camping due to pandemic. Cost for a basic (no hook-ups) site is $37/night + $4.44 taxes + $9.50 ""reservation fee"". $7 if you want to use the dump station. Flush toilets, pay for hot showers, no wifi but good Verizon coverage. Lots of day-use folks on sunny days. Water is potable but tastes salty/bad.",47.8249,-120.6477,0.0,2024-07-12 00:00:00 UTC,Yes,No,Yes,No,Yes,No,No,No,No,Yes,No,Yes,Yes,No,No,No,No,,No,No,No,No,No,No,No,No,No,No
43a990b0-5d10-4479-8243-53f47292f895,"KOA Chula Vista, United States",KOA Chula Vista,Established Campground,"Stayed dec 30 &31 and paid $50 for the first night. The second night was supposed to be $90 but the super nice staff gave it to us for $65. It was a huge splurge but we had been sick and in rain for a week and just wanted nice facilities. Thus place was amazing! Dare I say even worth the price? Fenced dog park, trails,one mile to the beach, super clean facilities, garbage pickup at your site, tons of activities for kids, pool, hot tub, laundry, store but best of all perhaps THE best staff of any place of any kind we have ever stayed. Every single employee was friendly and efficient and went out of their way to be helpful- truly wonderful.",27.7509,-81.408,0.0,2024-07-12 00:00:00 UTC,Yes,Yes,Yes,No,Yes,Yes,Yes,Yes,Yes,Yes,Yes,Yes,No,No,No,No,No,,No,No,No,No,No,No,No,No,No,No
c4241716-4c9c-49de-999a-79f81201b7e9,"Willard Bay State Park, United States",Willard Bay State Park,Established Campground,"State park with pull through at campsites. $20 per site. Pretty view of the lake. Lots of freeway and train noise. There is a second campground adjacent that has hookups for rvs.
Note: GPS Coordinates have been updated. Location is now correct: 41.41994, -112.054806. This park in is Utah, just off Highway 15.",43.1743,-107.1671,0.0,2024-07-12 00:00:00 UTC,Yes,Yes,No,No,Yes,No,Yes,Yes,Yes,Yes,Yes,Yes,Yes,No,No,No,No,,No,No,No,No,No,No,No,No,No,No
96eaf2d5-d0d3-4a33-baa3-123c51038146,"The Cove at Fish Lake, United States",The Cove at Fish Lake,Established Campground,"A great spot to go camping for the weekend, rent a boat and go fishing. There are lots of established campsites. Few sites have hookups, be sure to make a reservation if you need them.

$30/h for motorboat, $40/h for pontoon.
$20 dry camping, $35 with hookups.

showers are coin-operated. Good cell reception",46.9904,-110.224,0.0,2024-07-12 00:00:00 UTC,Yes,Yes,No,No,Yes,No,Yes,Yes,Yes,Yes,Yes,Yes,No,No,No,No,No,,No,No,No,No,No,No,No,No,No,No
ea473226-98ab-4b6b-8b23-85b715c50175,"Wolf Gap Campground, United States",Wolf Gap Campground,Established Campground,"This is a beautiful free campground on the border of Virginia and West Virginia. There are ten sites, each with a picnic table, a BBQ pit, a fire pit, a large tent pad, and a parking spot. There is also a large parking lot for extra vehicles or for day use. The day use area has several BBQ pits and tables. There are also pit toilets, and a water spigot, although we didn't check if it worked since we always carry plenty just incase. Two trail heads start at this site. It is located about 55 minutes NW of Luray on the 675. The road in is good, but narrow and winding. Very beautiful. You can stay for free up to 21 days! US National Forests are amazing. The photos we've included are of different sites. The blue dot on the screenshot is Wolf Gap, the green marker is Luray, VA, for reference. No generators, please. Keep this peaceful place peaceful.",38.9256,-116.2654,0.0,2024-07-12 00:00:00 UTC,Yes,No,No,No,Yes,No,No,No,Yes,Yes,Yes,Yes,No,No,No,No,No,,No,No,No,No,No,No,No,No,No,No
9862f739-a547-40c7-afed-0a92bc6e0185,"Trout Pond Recreational Area, United States",Trout Pond Recreational Area,Established Campground,Excellent campground with good facilities. Nearby hiking opportunities and very few people in the colder months. Great lake for boating or fishing.,44.2035,-114.5726,0.0,2024-07-12 00:00:00 UTC,Yes,Yes,No,No,Yes,No,Yes,Yes,Yes,Yes,Yes,Yes,No,No,No,No,No,,No,No,No,No,No,No,No,No,No,No
8a38f9de-92b9-43b0-8ae7-3fc37d5e4618,"Rocky Gap State Park, United States",Rocky Gap State Park,Established Campground,Great campground open year-round. Most people stay at the casino which is nowhere near the campground. Campground is very peaceful during the colder months. Excellent hiking and recreational opportunities at the site.,34.6675,-105.6853,0.0,2024-07-12 00:00:00 UTC,Yes,Yes,No,No,Yes,No,Yes,Yes,Yes,Yes,Yes,Yes,Yes,No,No,No,No,,No,No,No,No,No,No,No,No,No,No
80a628a7-242a-4fd3-9310-e1920c675f6d,"Patapsco Valley State Park - Hollofield Campground, United States",Patapsco Valley State Park - Hollofield Campground,Established Campground,"Great campground near Baltimore. Place can be crowded at times, and a little noisy, but all in all good place to stay so close to a populated area. Some good hiking and epic mountain biking nearby.",36.9382,-119.2177,0.0,2024-07-12 00:00:00 UTC,Yes,Yes,No,No,Yes,No,Yes,Yes,Yes,Yes,Yes,Yes,Yes,No,No,No,No,,No,No,No,No,No,No,No,No,No,No
f3c04fec-bebd-4b95-88b1-4ca88b2b6bd4,"Liberty Campground, United States",Liberty Campground,Established Campground,"Free. BLM campground at the head of the Liberty / Table Mountain 4WD trail system. Vault toilets that are well maintained. No water or hookups. There are 15 campsites total.

The homeowners a few hundred yards east on Liberty Road sell ice.",32.1408,-99.6862,0.0,2024-07-12 00:00:00 UTC,Yes,No,No,No,Yes,No,No,Yes,Yes,Yes,Yes,Yes,No,No,No,No,No,,No,No,No,No,No,No,No,No,No,No
6dd8b0d9-8627-4214-88c5-2decb5cd9d46,"Palmer State Fairgrounds, United States",Palmer State Fairgrounds,Established Campground,"Gated fairgrounds, full hook ups",43.9886,-120.3232,0.0,2024-07-12 00:00:00 UTC,Yes,Yes,Yes,No,Yes,No,No,Yes,Yes,Yes,No,No,No,No,No,No,No,,No,No,No,No,No,No,No,No,No,No
a3968a98-edea-4f6e-b5a9-323518d4c68a,"Browns Lake, United States",Browns Lake,Established Campground,Located on Browns lake. Sate camp site with fees and can be busy during the week end. During the week however it can be almost deserted.,39.5178,-110.8473,0.0,2024-07-12 00:00:00 UTC,Yes,No,No,No,Yes,No,No,Yes,Yes,Yes,Yes,Yes,No,No,No,No,No,,No,No,No,No,No,No,No,No,No,No
653ed73e-686c-4934-bde7-c1625d55193f,"Brandywine Group Campground, United States",Brandywine Group Campground,Established Campground,Great group area near main facilities. Large swimming area and secluded camping spot.,39.7592,-105.5203,0.0,2024-07-12 00:00:00 UTC,Yes,Yes,No,No,Yes,No,Yes,Yes,Yes,Yes,Yes,Yes,No,No,No,No,No,,No,No,No,No,No,No,No,No,No,No
0a11cbbf-d5a2-483e-9fe0-65c0f803d736,"South Ruby Campground, United States",South Ruby Campground,Established Campground,"$15 per camping unit. Nice views.
I’m April of 2025 I found the sites to be $8 per night. I was the only one here so super quiet and clean. Never saw the pit toilets but there are toilets down on Browns Dike.",34.2703,-110.8165,0.0,2024-07-12 00:00:00 UTC,Yes,No,No,No,Yes,No,No,Yes,Yes,Yes,Yes,Yes,No,No,No,No,No,,No,No,No,No,No,No,No,No,No,No
936f4079-28b8-40c4-b811-67a81f399d55,"Mountain View RV Ranch, United States",Mountain View RV Ranch,Established Campground,"Close to the border, former KOA, friendly staff. $29 plus tax for full hook up. Spent the evening watching Monday night football on the aging big screen TV with the camp host Charles. Also available is propane, small store with beer, and coin op laundry.",47.9848,-120.4475,0.0,2024-07-12 00:00:00 UTC,Yes,Yes,Yes,No,Yes,No,Yes,Yes,Yes,Yes,Yes,Yes,No,No,No,No,No,,No,No,No,No,No,No,No,No,No,No
45ca23d2-3b0b-4ae6-814a-97f6c4c8dd45,"Guajome Regional Park, United States",Guajome Regional Park,Established Campground,"Cheapest camping you will find anywhere near Carlsbad or San Diego, and we didn't need reservations in the summer (everywhere else is full). Extremely clean, pay hot showers, full hookups. Now $29 USD.

Tent, RV, van, camper trick, CABIN Available! Established city run & maintained park with full hookups, dump station, recreation abound! Booked 2 nights, will update upon stay!

Park office 760-724-4489 reservations 877-565-3600",27.9108,-81.2078,0.0,2024-07-12 00:00:00 UTC,Yes,Yes,No,No,Yes,No,Yes,Yes,Yes,Yes,Yes,Yes,Yes,No,No,No,No,,No,No,No,No,No,No,No,No,No,No
9975a9d8-acce-4eb9-aa30-6dbc8cea66f6,"Essence Of Tranquility, United States",Essence Of Tranquility,Established Campground,"Hot tubs (artesian) and camping or cabins. Also a communal kitchen and Rec room. Fee includes soaks, showers, use of facilities. Super highspeed wifi for those who work remote",43.3342,-106.9669,0.0,2024-07-12 00:00:00 UTC,Yes,Yes,Yes,No,Yes,No,Yes,Yes,Yes,No,Yes,Yes,No,No,No,No,No,,No,No,No,No,No,No,No,No,No,No
047fe60f-b7d8-4c9d-b0d3-b9b3ce6626fe,"The Mill Casino & RV Park, United States",The Mill Casino & RV Park,Established Campground,"This casino is just outside of Coos Bay, Oregon, and has RV park camping ($65+/night). The RV camping has nice paved spots with a bit of green space and picnic tables. Water and Electricity is available at each RV spot. There are nice clean washrooms, showers, and laundromat with access to the hotel pool and hot tub, and a small frontage store selling bare essentials. Restaurants are in the Casino, and be sure to check the local deals at the casino restaurants as they have different buffets a couple times a week.

T-Mo Reception: 3bars & LTE (fast)",47.1503,-110.0238,0.0,2024-07-12 00:00:00 UTC,Yes,Yes,Yes,No,Yes,Yes,Yes,Yes,Yes,Yes,No,Yes,Yes,No,No,No,No,,No,No,No,No,No,No,No,No,No,No
ca347ce8-8eb4-437e-b875-e950c8fc6710,"Jedediah Smith State Park, United States",Jedediah Smith State Park,Established Campground,"Note - no facilities available out of season
Although this campsite was $35.00/night, it was beautiful. At that price (with no electricity at the sites) some would say it was overpriced, but you are in the heart of the Redwood forest! It was quiet, and so serene. There are warm showers ($0.50/5 min) and running water in the washrooms. The water from the taps along the campsite loops was drinkable as well. There is a short nature walk that takes you through the Redwood glades and then along the bank of the Smith River. The River also has a day-use area and beach that was pretty cool as well. The water is crystal clear, and we spent some time at the Day-use area swimming once we had reached the noon check-out time. The sneaky idea is to make sure you do not pass through the park exit before going to the day use. The Campground also sells firewood and has great pits for mingling with your neighbors after dark.",39.0855,-116.0652,0.0,2024-07-12 00:00:00 UTC,Yes,No,No,No,Yes,No,Yes,Yes,Yes,No,Yes,Yes,Yes,No,No,No,No,,No,No,No,No,No,No,No,No,No,No
2cbfa320-6bc6-43dd-ac12-60a0e3f920c7,"Hot Well Dunes, United States",Hot Well Dunes,Established Campground,"This is a BLM site with a $3 per night fee. Includes pit toilets, picnic tables, trash cans and two hot spring outdoor HOT TUBS!! Spaces are dispersed in the desert sand and privacy is easy to find. Hot tubs fill from solar pump so only hot/flowing during the day. The tubs are empty at sunset. Great location, great price.",44.3634,-114.3724,0.0,2024-07-12 00:00:00 UTC,Yes,No,No,No,Yes,No,No,No,Yes,Yes,Yes,Yes,No,No,No,No,No,,No,No,No,No,No,No,No,No,No,No
dac10754-e82b-41f3-a4d2-2be6869f7aa2,"Fort Stevens State Park, United States",Fort Stevens State Park,Established Campground,"MUST HAVE RESERVATIONS AS OF 1/1/25

Got a spot! We arrived late at 9:00pm and checked the information board at the welcome center. They had a list of available sites posted up. We did self check in and slept in our car. It was wonderful! Sure, it is pricey at $35/ night, but the Oregon coast doesn't seem to have many pull out spots, so we were grateful for this awesome spot! The walking trails, beach and shipwreck were AMAZING! Such a great spot!",34.8274,-105.4851,0.0,2024-07-12 00:00:00 UTC,Yes,Yes,Yes,No,Yes,No,Yes,Yes,Yes,Yes,Yes,Yes,Yes,No,No,No,No,,No,No,No,No,No,No,No,No,No,No
aff9edad-60c7-4ba9-8f57-3ac4ed7d54c8,"Trailers Inn RV Park, United States",Trailers Inn RV Park,Established Campground,"Stayed in 31-S which fits up to 20 feet. USD 46.30 for full hook up. Wifi is now upgraded so was fast. Don’t expect friendly reception. rest was okay being only 12 miles from downtown price is for the location not view. Small book exchange, TV room next to office. Toilets clean.",37.0981,-119.0175,0.0,2024-07-12 00:00:00 UTC,Yes,Yes,Yes,No,Yes,No,Yes,Yes,Yes,Yes,No,Yes,No,No,No,No,No,,No,No,No,No,No,No,No,No,No,No
f111f053-ac6e-4fe8-a091-f1bdad33bb9c,"Bussey Point Campground, United States",Bussey Point Campground,Established Campground,"Enjoy nature at its finest. Located at the entrance of Bussey Point wilderness recreation area- a 2,545 acre peninsula on J. Strom Thurmond Lake- the campground provides a relaxing getaway for the nature enthusiast for hiking, mountain biking, or horseback riding. The Bussey Point horse trail was created by horseback riders for horseback riders. This trail circles the peninsula and is 12.5 miles long. Along with the horse trail, there are an additional 20 miles of roads and trails located within the area that all are welcome to use (no motor vehicles please). Located within the area are 15 food plots, six hike/bike/ride/boat in camping/picnic sites, and several natural beaches. Ample deer and turkey inhabit the area along wiht other mammals and birds to provide on of the best opportunities on teh lake to view wildlife in its natural setting. Adjacent to the area is the campground with 14 primitive campsites without water or electic, however, there are picnic tables, fire rings, and grills located at each site. There is also a boat launching ramp, hand pump for drinking water, and rustic toilets locatd throughout the area. 
Camping fee is $10 per night per site and day use is free. There are restrooms on site, but no showers.

Lantern Posts
• Tent Pads
• Trailhead Parking
• Grills
• Lake Access
• Horseback Riding Trails
• Tables
• Campfire Rings
• Vault Toilets
• Hitching Racks
• Pit Toilets
• Boat Ramp
• Bank",32.3007,-99.486,0.0,2024-07-12 00:00:00 UTC,Yes,No,No,No,Yes,No,No,No,Yes,No,Yes,Yes,No,No,No,No,No,,No,No,No,No,No,No,No,No,No,No
5c522a02-c276-48d2-bc36-699fb28942a6,"Magnolia Springs State Park, United States",Magnolia Springs State Park,Established Campground,"Primitive, prepared and RV sites available. Full capability cabins are available. See website for nightly cost (2014 cost $20 for tent walk in and $28 for site with electric).",44.1485,-120.123,0.0,2024-07-12 00:00:00 UTC,Yes,Yes,No,No,Yes,No,Yes,Yes,Yes,Yes,Yes,Yes,No,No,No,No,No,,No,No,No,No,No,No,No,No,No,No
b36eb4ad-0fc0-48a5-929a-024e62ec5b78,"Crazy Horse Campground, United States",Crazy Horse Campground,Established Campground,"Crazy Horse RV Resort is a clean, full-service RV park located in the heart of Kanab, Utah — the perfect basecamp for exploring Southern Utah’s most popular destinations, including Zion National Park, Bryce Canyon, Coral Pink Sand Dunes, and the Grand Canyon North Rim.

We offer spacious full-hookup RV sites with 30/50 amp service, along with tent sites, a heated swimming pool, clean bathhouse, and 24/7 laundry facilities. Our location provides easy access to downtown Kanab, local UTV trails, hiking, and sightseeing.

In addition to RV and tent camping, we offer unique lodging options including Luxury Conestoga Wagons, Yurts, and spacious Apartments large enough for the whole family, making Crazy Horse a great option for groups traveling together.

Whether you're staying for a night or planning a longer visit, Crazy Horse RV Resort offers comfort, convenience, and a central location for exploring everything Southern Utah has to offer.

Pull-Through RV Sites
Daily: $59.95 + tax
Weekly: $359.70 + tax

Back-In RV Sites
Daily: $55.00 + tax
Weekly: $330.00 + tax
Monthly (Oct–Jan Only): Starting at $795 – $895 + electric

Tent Pricing: $30.00 Per Night + Tax

Dumping Station: $10 Dump Only / Dump and Water $30

Bathhouse: Showers are $10",39.6777,-110.6471,0.0,2024-07-12 00:00:00 UTC,Yes,Yes,Yes,No,Yes,No,Yes,Yes,Yes,Yes,Yes,Yes,Yes,No,No,No,No,,No,No,No,No,No,No,No,No,No,No
f7e51838-269d-46c6-8b15-2e171a3a8498,"Anza Borrego - NICE, United States",Anza Borrego - NICE,Wild Camping,"Free camping in Anza Borrego Park. Great stop along the highway - the sites are tucked away enough so the traffic noise is minimal. Sites are well dispersed and private with fire rings and pit toilets. Beautiful desert scenery with diverse landscape. Decent cell phone coverage.

You can drive in with 2WD but need 4WD to get the spots further in. Appears to be gravel with not too much difficulty with 2WD. We almost got our ProMaster stuck. Be careful!",39.5501,-105.7821,0.0,2024-07-12 00:00:00 UTC,Yes,No,Yes,No,Yes,No,No,No,Yes,No,Yes,Yes,No,No,No,No,No,,No,No,No,No,No,No,No,No,No,No
2956a418-17e9-4b40-9831-0e579dc7fd6d,"Spencer Hot Springs, United States",Spencer Hot Springs,Wild Camping,"Sweet hot springs with 3 pools. Lots of places for vehicle or tent camping with good views.
Several pools, the one in the center can be somewhat adjusted temperature- wise.
Roads leading fhere are 2wd dirt roads and should be easy unless wet.",34.0612,-111.0783,0.0,2024-07-12 00:00:00 UTC,Yes,No,No,No,Yes,No,No,Yes,No,Yes,Yes,Yes,No,No,No,No,No,,No,No,No,No,No,No,No,No,No,No
bea1a520-07fa-4bab-a369-37f1e2141bdf,"Burr Trail - NICE, United States",Burr Trail - NICE,Wild Camping,"Very quiet sleeping places on the Burr Trail to Boulder on a BLM road. Only saw trucks and vans as road is extremely uneven. RV 24 ft max due to the overhang at the entrance.

Tons of good camping off the Burr Trail once you've entered Grand Staircase-Escalante. All BLM. Just dirt roads and fire rings. There is vegetation and hills so still very private. It's sandy — use caution if it's rainy, the clay turns to butter.",47.7757,-120.7093,0.0,2024-07-12 00:00:00 UTC,Yes,No,No,No,Yes,No,No,No,No,No,No,No,No,No,No,No,No,,No,No,No,No,No,No,No,No,No,No
365ae548-053f-4064-a19f-95ae29877eac,"Coral Pink Sand Dunes - OK, United States",Coral Pink Sand Dunes - OK,Wild Camping,Free camping without nothing in the BLM area. But you can also everywhere else camped nearby! Price: Free,27.7017,-81.4696,0.0,2024-07-12 00:00:00 UTC,Yes,No,No,No,Yes,No,No,No,No,No,No,No,No,No,No,No,No,,No,No,No,No,No,No,No,No,No,No
1ae93933-42a2-4603-98da-2a43cd690474,"Egan Creat Trail System Recreation Area, United States",Egan Creat Trail System Recreation Area,Wild Camping,"Recreation Area with NO ""no camping"" or ""no overnight"" signs. Although right off the highway, it's pretty quiet. 2 shelters with tables and garbage cans. A couple of trails to hike, OHV or MTB.
Free",43.1251,-107.2287,0.0,2024-07-12 00:00:00 UTC,Yes,No,No,No,Yes,No,No,No,No,Yes,Yes,Yes,No,No,No,No,No,,No,No,No,No,No,No,No,No,No,No
dcbb6c90-2b31-4076-b9e9-1ace9ba179f4,"Elyn - OK, United States",Elyn - OK,Wild Camping,"Sleeping area in NF. Was super quiet here, albeit cold.",46.9412,-110.2856,0.0,2024-07-12 00:00:00 UTC,Yes,No,No,No,Yes,No,No,No,No,No,No,No,No,No,No,No,No,,No,No,No,No,No,No,No,No,No,No
a35e09d7-c66d-4852-94ba-826a06891d66,"Lake Mead RA - NICE, United States",Lake Mead RA - NICE,Wild Camping,"Nice place outside the Lake Mead Recreation Area between the Valley of Fire and Las Vegas on a 4x4 route slightly away from the main road. Very quiet, aircraft can be heard sometimes.",38.8764,-116.327,0.0,2024-07-12 00:00:00 UTC,Yes,No,No,No,Yes,No,No,No,No,No,No,Yes,No,No,No,No,No,,No,No,No,No,No,No,No,No,No,No
ae0329e0-01d5-4110-a960-2d2ab5002dcd,"Salton Sea - OK, United States",Salton Sea - OK,Wild Camping,"Sleeping place behind a palm tree at the Salton Sea. You can sleep anywhere here beside the road. Is not especially beautiful, but good starting point for the Salton Sea bird watching.",44.1543,-114.6342,0.0,2024-07-12 00:00:00 UTC,Yes,No,No,No,Yes,No,No,No,No,No,No,Yes,No,No,No,No,No,,No,No,No,No,No,No,No,No,No,No
2d2b3ab0-9e7d-42c2-9637-9be9b56c4eb7,"Schlafplatz vor Vegas - OK, United States",Schlafplatz vor Vegas - OK,Wild Camping,"Sleeping place on a gravel road just before Vegas in NF. One has to go back there since before the site belongs to a camp. Was very quiet, even when not specifically just beautiful. Weak cell signal.",34.6183,-105.7469,0.0,2024-07-12 00:00:00 UTC,Yes,No,Yes,No,Yes,No,No,No,No,No,No,Yes,No,No,No,No,No,,No,No,No,No,No,No,No,No,No,No
a17a4ff7-5a2b-4508-87ee-c32d812c0373,"Smokey Mountain Rd - NICE, United States",Smokey Mountain Rd - NICE,Wild Camping,"Very nice place on top of the cliff with great views! Large area with awesome view, fire ring. Permit for overnight stay is not necessary.

Smokey Mountains Road/Kelly Grade to this point is in sections very steep, but a great experience. Don't attempt too soon after rain storm as road can get slick. Curvy shelf road all the way to top of Kelly Grade.

Quiet and beautiful. Certainly often windy, but luckily there's no wind at night. Weak signals.",36.889,-119.2793,0.0,2024-07-12 00:00:00 UTC,Yes,No,Yes,No,Yes,No,No,No,No,No,Yes,Yes,No,No,No,No,No,,No,No,No,No,No,No,No,No,No,No
e4e858f4-1965-4d5c-9f00-8728eb47dfd4,"BLM Free Camping West of Zion, United States",BLM Free Camping West of Zion,Wild Camping,"Sleeping place just off the main road on well marked road. Big rigs welcome. Warm according to circumstances but quiet at night. Verizon decent, good t-mobile. Good 5G internet on my phone.",32.0916,-99.7478,0.0,2024-07-12 00:00:00 UTC,Yes,No,No,No,Yes,No,No,No,No,Yes,Yes,Yes,No,No,No,No,No,,No,No,No,No,No,No,No,No,No,No
aacb1215-c5fc-47b7-99ba-a0d020628325,"National Forest Outside Durango, United States",National Forest Outside Durango,Wild Camping,"Free. Great quiet camping in canyon next to river. National forest. At end of First Fork road (12 miles on a good dirt road), a few miles east of Durango on the way to Pagosa Springs. Trails.",43.9394,-120.3848,0.0,2024-07-12 00:00:00 UTC,Yes,No,No,No,Yes,No,No,Yes,Yes,Yes,Yes,Yes,No,No,No,No,No,,No,No,No,No,No,No,No,No,No,No
c20e0dc6-7617-417f-b0ad-ae1408165215,"National Forest outside Ouray, United States",National Forest outside Ouray,Wild Camping,"Beautiful mountain scenery along this 40 mile dirt road which crosses Owl Creek mountain pass, between Ridgway and Montrose. Cold at night. No facilities, free. Plenty of boondocking opportunities.",39.4686,-110.9089,0.0,2024-07-12 00:00:00 UTC,Yes,No,No,No,Yes,No,No,Yes,No,Yes,Yes,Yes,No,No,No,No,No,,No,No,No,No,No,No,No,No,No,No
30bcd1a8-08cf-49bd-a3f5-dfa770c5f8a6,"National Forest outside Crested Butte, United States",National Forest outside Crested Butte,Wild Camping,"Free. Beautiful mountain scenery, 15 minutes on dirt road outside town of Crested Butte along Kebler Pass Road. Dirt road but easy to get here in a class C. Kebler Pass Road is a thoroughfare and there's a lot of traffic on the road.

Gorgeous view to Beckwith Mountain. Easy trail down to the river. There are more campsites at Horse Ranch Park and the Cliff Creek Trailhead just northwest of the GPS marker. Horse Ranch has a pit toilet.

Wildlife includes black bears, elk, beaver, and deer. Mosquitoes were relentless — never camp here without preparation.",39.71,-105.5819,0.0,2024-07-12 00:00:00 UTC,Yes,No,No,No,Yes,No,No,Yes,No,No,Yes,Yes,No,No,No,No,No,,No,No,No,No,No,No,No,No,No,No
8ebad945-50bd-45c8-ba11-b9d4136a0fc5,"National Forest outside Glenwood Springs, United States",National Forest outside Glenwood Springs,Wild Camping,"Free. National Forest camping off a dirt road, with good views in all directions. Quiet, only sound you hear are distant cows. No facilities.",34.2211,-110.8781,0.0,2024-07-12 00:00:00 UTC,Yes,No,No,No,Yes,No,No,No,No,No,Yes,Yes,No,No,No,No,No,,No,No,No,No,No,No,No,No,No,No
8bd6c74c-c38f-4f75-bc7f-d66ed5db0450,"Flaming Gorge national Forest, United States",Flaming Gorge national Forest,Wild Camping,Free wild camping in Flaming Gorge. Great mountain scenery.,47.9356,-120.5091,0.0,2024-07-12 00:00:00 UTC,Yes,No,No,No,Yes,No,No,No,No,Yes,Yes,Yes,No,No,No,No,No,,No,No,No,No,No,No,No,No,No,No
ca8736ca-ca36-4d05-9ca0-be07c659da5e,"Big Run Falls, United States",Big Run Falls,Wild Camping,"This is a primitive site located along a forest road in Monongahela National Forest. The forest road is graded in sections, but is unimproved in other sections. Four-wheel drive may not be required, but is strongly recommended. The site is marked by a fire circle, and a large, deteriorating picnic table. There is room for roughly a half dozen vehicles, or a couple of modately-sized off-road campers. While we've never encountered other campers there, it is evidently a popular spot. It is a superb destination for hiking, biking, and exploring. There are a number of amazing waterfalls in the immediate vicinity.",27.8616,-81.2694,0.0,2024-07-12 00:00:00 UTC,Yes,No,No,No,Yes,No,No,Yes,No,No,Yes,Yes,No,No,No,No,No,,No,No,No,No,No,No,No,No,No,No
43d18d13-e1aa-4024-b5cb-c83b94a3763a,"Cherry Tree Hunter's Camp, United States",Cherry Tree Hunter's Camp,Wild Camping,"Small open area in the forest, no creeks or other water sources. Has a quality fire ring, and plenty of space for tents. thick pine canopy stops underbrush from growing too thick. Really pleasant campsite.",43.285,-107.0285,0.0,2024-07-12 00:00:00 UTC,Yes,No,No,No,Yes,No,No,No,No,No,Yes,Yes,No,No,No,No,No,,No,No,No,No,No,No,No,No,No,No
c9d0c92d-8490-48bd-be52-36f17a69442e,"Cal Anderson Park, United States",Cal Anderson Park,Wild Camping,"We rolled into Capitol Hill, Seattle thinking that it would be easy to poach a spot on the street, only to find that the streets were all over crowded with bumper to bumper parking. We did find the Gold mine though - Cal Anderson Park, just off of Broadway and Pike Street - One of the places where Grunge Rock started. Cal Anderson park was nominated for some kind of ""wholesome award"" and was indeed a fantastic place to park for the night (in small Camper Van style -Not a place for big rigs). The pay parking ends at 20:00 and then it is free until 08:00 weekdays and weekends. It is located right beside the park itself which has a well lit Soccer field (lights out around 23:00), Tennis courts, basketball, a walking area, and is well used by Seattle-ites. There are some fantastic pubs like The Unicorn, or Nuemo's (Nirvana played there) a couple blocks away on Pike Street. The parking spots are Back in- Horizontal spots, so again- No Big rigs (Sorry).",47.1011,-110.0854,0.0,2024-07-12 00:00:00 UTC,Yes,No,No,No,Yes,Yes,No,No,No,No,No,Yes,No,No,No,No,No,,No,No,No,No,No,No,No,No,No,No
aebbea75-0ecb-4a1c-ab57-d1476c2c42b0,"Devil's Half Acre Meadow, United States",Devil's Half Acre Meadow,Wild Camping,Primitive road. One fire pit. Enough space for multiple tents and vehicles. Big open meadow. Another area across the road as well. Road is closed during the snow season. Not recommended for anything bigger than a 170 sprinter.,39.0363,-116.1268,0.0,2024-07-12 00:00:00 UTC,Yes,No,No,No,Yes,No,No,No,No,No,Yes,Yes,No,No,No,No,No,,No,No,No,No,No,No,No,No,No,No
f8fc7603-5d0d-40a4-b814-3303b1232f5e,"Near Batty Pass Caves, United States",Near Batty Pass Caves,Wild Camping,"Near the base of Fifty-Mile mountain. Two large, flat, primitive sites can accommodate fairly large groups, plus there is another site farther down with less flat space. This location is very near Batty Pass caves, three old rancher caves worth visiting if you are in the area. This location is also near (on the other side of the Hole-in-the-Rock road) Peek-a-boo and Spooky gulches (part of the upper end of Coyote gulch), two popular, short, and excellent non-technical slot canyons. Dogs are allowed in this location, but note that if you are here for Coyote Gulch features, dogs are not allowed there.",44.3142,-114.434,0.0,2024-07-12 00:00:00 UTC,Yes,No,No,No,Yes,No,No,No,No,No,Yes,Yes,No,No,No,No,No,,No,No,No,No,No,No,No,No,No,No
7c127e68-3199-4fd9-b888-c69333e43778,"West of Blanding, United States",West of Blanding,Wild Camping,Very scenic overlook.,34.7782,-105.5467,0.0,2024-07-12 00:00:00 UTC,Yes,No,No,No,Yes,No,No,No,No,No,Yes,Yes,No,No,No,No,No,,No,No,No,No,No,No,No,No,No,No
6066245c-779f-4b60-9b82-05f0dc0a64dd,"Near Robsons Mining World, United States",Near Robsons Mining World,Wild Camping,"Permits needed for overnight stay.

A desert camping location that is tucked back in the trees. Dry camp. The nearby attraction has a restaurant with limited hours. Interesting glimpse into mining life.",37.0489,-119.0791,0.0,2024-07-12 00:00:00 UTC,Yes,No,No,No,Yes,No,No,No,No,Yes,Yes,Yes,No,No,No,No,No,,No,No,No,No,No,No,No,No,No,No
4ed49da3-5cf8-4b86-bb24-5d6d272ed4f6,"Snyder Hill, West Side-Tucson, AZ, United States","Snyder Hill, West Side-Tucson, AZ",Wild Camping,This is a piece of BLM land northeast of the junction of San Joaquin Rd and W Ajo Highway. To the southwest of Tuscon. The area is accessed from the San Joaquin Rd and is criss-crossed with gravel tracks. It is fairly level and covered in small desert trees and bushes so it is possible to remain unseen from the adjacent roads if your vehicle is not too high. It is also possible to pitch a tent as there was one here at the same time as me. There are no facilities whatsoever and traffic noise can be heard from the Ajo 86 Highway. The use of the site is free. T-Mobile 5G service.,32.2515,-99.5476,0.0,2024-07-12 00:00:00 UTC,Yes,No,Yes,No,Yes,No,No,No,No,Yes,Yes,Yes,No,No,No,No,No,,No,No,No,No,No,No,No,No,No,No
4bc0f736-1f30-4915-93d9-9a57bb15a2ea,"Agua Fria National Monument, United States",Agua Fria National Monument,Wild Camping,"Lots of areas for off road camping with solitude. Road starts off easy, but 4wd / high clearance needed further on & on side roads. Bloody Basin exit off I-17. Archaeological site too that you can walk around.",44.0993,-120.1846,0.0,2024-07-12 00:00:00 UTC,Yes,No,No,No,Yes,No,No,No,No,No,Yes,Yes,No,No,No,No,No,,No,No,No,No,No,No,No,No,No,No
1d53536c-f92c-44fe-9d68-fce59b3dadcb,"Hurricane Creek Camp, United States",Hurricane Creek Camp,Wild Camping,"Trail directly off I40 Westbound in NC. Camp site just about a mile in from interstate. You turn off interstate at the end of guard rail, not an exit. Boondock camping. Large low hanging branches, not ok if you are taller than 8 feet.",39.6285,-110.7087,0.0,2024-07-12 00:00:00 UTC,Yes,No,No,No,Yes,No,No,Yes,No,No,Yes,Yes,No,No,No,No,No,,No,No,No,No,No,No,No,No,No,No
e446dd70-41ba-4f59-be85-3bd72f03b708,"Muley Point, United States",Muley Point,Wild Camping,"This area is full of great wild camp options but this is one of our favorites even though the secret seems to be out so you will probably not be alone. It can get windy up here but the views are unbeatable. Only amenity here is fire pits. For an unforgettable drive, head north off the 163 through the valley of the gods (road turns off 7.5 miles north of Mexican Hat) on your way here. Roads in are dirt and not suitable for huge rigs.
Four bars on cell service.",39.8699,-105.3817,0.0,2024-07-12 00:00:00 UTC,Yes,No,No,No,Yes,No,No,No,No,No,Yes,Yes,No,No,No,No,No,,No,No,No,No,No,No,No,No,No,No
398780da-251d-4741-b3dc-348f252797c2,"Marshall Lake Dispersed Camping, United States",Marshall Lake Dispersed Camping,Wild Camping,Open camp sites in the middle of a tall pine forest. About 5 minutes off Lake Mary Road. Huge open areas with lots of places to choose from. Some spots have rock fire pits.,34.381,-110.6779,0.0,2024-07-12 00:00:00 UTC,Yes,No,No,No,Yes,No,No,No,No,Yes,Yes,Yes,No,No,No,No,No,,No,No,No,No,No,No,No,No,No,No
1d96b455-c54d-4da2-99f3-739e05ebf3b1,"Kaibab Forest Dispersed Camping, United States",Kaibab Forest Dispersed Camping,Wild Camping,Free camping at about a dozen sites in a pine forest with fire pits.,48.0955,-120.3089,0.0,2024-07-12 00:00:00 UTC,Yes,No,No,No,Yes,No,No,No,No,Yes,Yes,Yes,No,No,No,No,No,,No,No,No,No,No,No,No,No,No,No
2e1b9ef3-03b2-46d4-bbf0-7a6b30be98de,"Lincoln National Forest Wild Camp, United States",Lincoln National Forest Wild Camp,Wild Camping,"Lots of pull outs off this forest road to camp. We chose this one with a meadow, fire ring and a pile of wood. Near Rim Trail trail head. Free and very remote.",28.0215,-81.0692,0.0,2024-07-12 00:00:00 UTC,Yes,No,No,No,Yes,No,No,No,No,Yes,Yes,Yes,No,No,No,No,No,,No,No,No,No,No,No,No,No,No,No
8d5ab6a7-c475-46cc-80c1-68b9fa21b240,"McDonalds Kanab - NAJA, United States",McDonalds Kanab - NAJA,Informal Campsite,Shakedown at McDonalds in Kanab for the morning to drive directly to the raffle Wave.,43.0759,-107.2903,0.0,2024-07-12 00:00:00 UTC,Yes,No,Yes,No,Yes,Yes,No,No,No,Yes,No,Yes,No,No,No,No,No,,No,No,No,No,No,No,No,No,No,No
d947df5e-2426-4286-ac97-058712e2abef,"Sand Wash Wild Horse Area, United States",Sand Wash Wild Horse Area,Informal Campsite,"Free camping in the middle of the Sand Wash Wild Horse area. No facilities, BLM land. This spot is next to a small natural pond where lots of wild horses and other animals like pronghorn come to drink.",46.892,-110.3472,0.0,2024-07-12 00:00:00 UTC,Yes,No,No,No,Yes,No,No,No,Yes,Yes,Yes,Yes,No,No,No,No,No,,No,No,No,No,No,No,No,No,No,No
1c156498-73ba-4498-b137-96bbf977c065,"Rest Stop After Tonopah, NV, United States","Rest Stop After Tonopah, NV",Informal Campsite,"Rest area with basic amenities: restrooms, picnic tables, water, parking area for RVs., low traffic",38.8272,-116.3886,0.0,2024-07-12 00:00:00 UTC,Yes,No,Yes,No,Yes,No,No,Yes,Yes,Yes,No,Yes,No,No,No,No,No,,No,No,No,No,No,No,No,No,No,No
d0afe95e-0289-440e-ac04-6577b00faae1,"Rest Stop On Highway 40, United States",Rest Stop On Highway 40,Informal Campsite,"Free parking, big rig friendly. Not very level.",44.1051,-114.6958,0.0,2024-07-12 00:00:00 UTC,Yes,No,No,No,Yes,No,No,No,Yes,Yes,No,Yes,No,No,No,No,No,,No,No,No,No,No,No,No,No,No,No
c39ce950-1c8c-4321-a7e9-0f21754b1e73,"Trinidad Rest Area Southbound, United States",Trinidad Rest Area Southbound,Informal Campsite,"There is a sign that posts an 8 hour limit. Plenty of car spots and truck spots as well. The rest area has running water, trash cans, picnic tables and flush toilets (heated bathrooms which is a plus). Another nice thing to find out, is that you can use stoves (either at the picnic tables, or outside of your vehicle). They are patrolled by both state troopers and highway patrol and I would think are pretty safe.
Starlink is 200 mbps down. I arrived at 9 pm. A couple of rvs and trucks. TMobile and Verizon are not working. No rv dump.",34.5691,-105.8085,0.0,2024-07-12 00:00:00 UTC,Yes,No,No,No,Yes,No,No,Yes,Yes,Yes,No,Yes,No,No,No,No,No,,No,No,No,No,No,No,No,No,No,No
eacb50df-3c5c-459b-94b0-6122195a3a63,"Flying J, United States",Flying J,Informal Campsite,"A great last stop in USA before crossing into Mexico. Free to camp , pay showers ( $12) , internet $ 1.99 for an hour.",36.8398,-119.3409,0.0,2024-07-12 00:00:00 UTC,Yes,No,Yes,No,Yes,Yes,Yes,Yes,Yes,Yes,No,Yes,No,No,No,No,No,,No,No,No,No,No,No,No,No,No,No
58d27d54-c8b0-4ef3-a30e-cf5760786e4d,"New Mexico Welcome Center, United States",New Mexico Welcome Center,Informal Campsite,Free to camp out in their parking lot overnight. Clean bathrooms open all night. Noisy (right by highway) but convenient & free. Water fountain and water bottle filling stations. The welcome center is closed at night.,32.0424,-99.8094,0.0,2024-07-12 00:00:00 UTC,Yes,No,No,No,Yes,No,No,Yes,Yes,Yes,No,Yes,No,No,No,No,No,,No,No,No,No,No,No,No,No,No,No
e4ffb856-68d9-4bc2-ae90-9787d53519f7,"Boron State Rest Area, Eastbound, United States","Boron State Rest Area, Eastbound",Informal Campsite,"This is a State Rest Area, so note that there are signs that state maximum 8 hour stay, which is common with all State Rest Areas.

The Rest area has a paved ring road with parking spots under small trees, within short walking distance to picnic tables. As well, a large gravel area circles most of the paved road as well, so many large units can pull over. The west side of the Rest area also has some trees that one can pull their vehicle between to get more shade/ wind cover. Semi trailers have a separate lot to park in.

The washrooms are clean enough for a high traffic Rest area, but staff were there early cleaning up (so use the facilities after they clean). Garbage cans are all over the place, as are the shaded and non-shaded tables. No outside water source found, but there are vending machines on site.

Good place, but It was a little loud. The trucks (of course) run all night and there is a train that passes the Rest area once every hour (at least). There must be an unmarked crossing on the tracks, as the trains blow their horn three or four times each time.",43.8902,-120.4464,0.0,2024-07-12 00:00:00 UTC,Yes,No,No,No,Yes,No,No,Yes,Yes,Yes,No,Yes,No,No,No,No,No,,No,No,No,No,No,No,No,No,No,No
73fcb38f-d2b5-4c1e-9bdd-b7737fade5ac,"Rufus, United States",Rufus,Informal Campsite,"North side of I-84 @ Rufus. Was a CoE Park that apparently got turned over to a county that can't afford to maintain it. Pit toilet. No water (other than the river.) Paved to the east, sand to the west. Blackberrys in mid/late summer.",39.4194,-110.9705,0.0,2024-07-12 00:00:00 UTC,Yes,No,No,No,Yes,Yes,No,Yes,Yes,Yes,Yes,Yes,No,No,No,No,No,,No,No,No,No,No,No,No,No,No,No
926cab35-c0df-4e6c-a20d-2cd605ba4f58,"Staybridge Suites, United States",Staybridge Suites,Informal Campsite,"Free! We stayed at Mc Donalds for free Wifi and saw this little Lake behind the Staybridge Suites. Quiet in the Night, no traffic..",39.6608,-105.6435,0.0,2024-07-12 00:00:00 UTC,Yes,No,Yes,No,Yes,Yes,No,No,No,Yes,No,Yes,No,No,No,No,No,,No,No,No,No,No,No,No,No,No,No
08ca01d7-01bf-42fd-b5ff-e8e7f6708e23,"New Orleans Parking Lot, United States",New Orleans Parking Lot,Informal Campsite,"Behind Basin Street Visitor Centre, walking distance to famous French Quarter. The best place to spend a night if you are totally self-contained as there are no RV facilities. Paid parking: $5/10 hours or $10/24 hours for trucks and vans, $50/24 hours for RVs. Quiet during the night, we felt safe the night we stayed there. Right next to us is the French Quarter RV Resort where campers pay close to $100/night!

Bathrooms available when the Visitor Centre is open (8:30-5:30).

Weekend prices are a bit higher I believe.

Paid $20.35 usd for one day of parking. (24 hours)",34.1719,-110.9397,0.0,2024-07-12 00:00:00 UTC,Yes,No,No,No,Yes,No,No,No,Yes,Yes,No,Yes,No,No,No,No,No,,No,No,No,No,No,No,No,No,No,No
aec5bc9b-8353-40ed-8645-61c33b81a365,"Premium Parking Lot Nr. 338, United States",Premium Parking Lot Nr. 338,Informal Campsite,"It is very difficult to find a good overnight place in the center of New Orleans. We stayed on a parking lot at the edge of the French Quarter for 6 USD for 10 hours in daytime and 15 USD for 12 hours during evening and the night. There is no security. No facilities but surprisingly quiet during night. The only central campground ""French Quarter RV Resort"" would have cost around 100 USD/night!!! As of 4/2023, price is about $60 for 24 HR period and less for few hours. It was quiet enough at all times with a little traffic noise. Just make sure you get water elsewhere. There is no place to find a spigot.",47.8864,-120.5707,0.0,2024-07-12 00:00:00 UTC,Yes,No,No,No,Yes,No,No,No,No,No,No,No,No,No,No,No,No,,No,No,No,No,No,No,No,No,No,No
d8f9dc98-2843-495c-b1da-b8d748d82711,"Slab City, United States",Slab City,Informal Campsite,Love it or hate it! its s great place in the desert to meet others or just get some solitude.,27.8124,-81.331,0.0,2024-07-12 00:00:00 UTC,Yes,No,No,No,Yes,No,No,No,No,Yes,Yes,Yes,No,No,No,No,No,,No,No,No,No,No,No,No,No,No,No
88202252-8e36-440f-8142-f9c39d34bfa4,"Cherokee Casino Parking Lot, United States",Cherokee Casino Parking Lot,Informal Campsite,Huge parking lot of the Harrah’s Casino. There were a lot of other RVs. Quiet night. Free. No facilities.,43.2358,-107.0901,0.0,2024-07-12 00:00:00 UTC,Yes,No,No,No,Yes,No,No,No,No,Yes,No,Yes,No,No,No,No,No,,No,No,No,No,No,No,No,No,No,No
8aa2bc96-36c9-46ed-b022-5d6671d6bd61,"Walmart Parking Lot, United States",Walmart Parking Lot,Informal Campsite,"Free overnight stay at the walmart parking lot. Walmart 24 hours - 7 days open. Restrooms in the supermarket available, free WiFi at Sam's during their opening hours.",47.0519,-110.147,0.0,2024-07-12 00:00:00 UTC,Yes,No,No,No,Yes,No,No,No,Yes,Yes,No,Yes,No,No,No,No,No,,No,No,No,No,No,No,No,No,No,No
43275310-00c2-4855-b2c1-a1adc095ae60,"rest area, United States",rest area,Informal Campsite,"kids playground, bathrooms, free coffee sometimes and a good place to rest.",38.9871,-116.1884,0.0,2024-07-12 00:00:00 UTC,Yes,No,No,No,Yes,No,No,Yes,Yes,Yes,No,Yes,No,No,No,No,No,,No,No,No,No,No,No,No,No,No,No
7eb5773a-e985-428b-9a8b-76a383723dd6,"Bear Pooh Overlook, United States",Bear Pooh Overlook,Informal Campsite,"Looking for a free spot with a great view? Don't mind a little leveling, or possibly sharing the spot with some fury brown friends? This spot could be for you. Just off Forest Service road, fire pit, and has a GREAT view of the Utah landscape(hoodoos, etc). Not too far from Natural Bridge National Monument and kinda on the way to Canyonlands NP.",44.265,-114.4956,0.0,2024-07-12 00:00:00 UTC,Yes,No,No,No,Yes,No,No,No,No,No,Yes,Yes,No,No,No,No,No,,No,No,No,No,No,No,No,No,No,No
41c01d20-f1a5-4703-8193-70f59545b2f7,"Walmart, United States",Walmart,Informal Campsite,There’s at least one no overnight parking sign posted.,34.729,-105.6083,0.0,2024-07-12 00:00:00 UTC,Yes,No,Yes,No,Yes,No,No,Yes,Yes,Yes,No,Yes,No,No,No,No,No,,No,No,No,No,No,No,No,No,No,No
3f9b2361-9809-4a96-a7fe-70ee49025901,"Hub Of Alaska, Tesoro Gas Station, Glennallen/ Glennallen Visitor Center, Alaska, United States","Hub Of Alaska, Tesoro Gas Station, Glennallen/ Glennallen Visitor Center, Alaska",Informal Campsite,"On the back of the Glennallen Visitor Center/ Tesoro gas station, there is a huge parking lot where you can park and sleep. There are potta potties outside and normal restrooms inside the convenience store of the gas station. There are also 3 canteens that sell hot food. You can easily find the place. Its right at the Glennallen junction (north to Tok/ south to Valdez). Only drawback, you have to pay for wifi at the visitor center (5USD for an hour!!!!!).",36.9997,-119.1407,0.0,2024-07-12 00:00:00 UTC,Yes,No,Yes,No,Yes,Yes,No,No,Yes,Yes,Yes,Yes,No,No,No,No,No,,No,No,No,No,No,No,No,No,No,No
b7c8ea7a-0942-49cd-8d2b-c5240147fa52,"Resurrection River Trailhead, United States",Resurrection River Trailhead,Informal Campsite,"Parking spaces with views to Exit Glacier. Near the road but because that road leads only to trek starting point, there is no traffic at all.",32.2023,-99.6092,0.0,2024-07-12 00:00:00 UTC,Yes,No,No,No,Yes,No,No,No,Yes,Yes,Yes,Yes,No,No,No,No,No,,No,No,No,No,No,No,No,No,No,No
ea582f45-bb40-4955-ad0e-06ecb0445d0d,"Bruegger Centennial Park, United States",Bruegger Centennial Park,Informal Campsite,"City park campground in Culbertson. allows for 5 days of camping.
Amenities, flush toilet, water, bbq, covered picnictables and even unsecured wifi from one of the neighbouring houses.",44.0501,-120.2462,0.0,2024-07-12 00:00:00 UTC,Yes,Yes,No,No,Yes,No,No,Yes,Yes,Yes,Yes,Yes,No,No,No,No,No,,No,No,No,No,No,No,No,No,No,No
42efa4f4-7f09-4cc5-babd-7c5992c10d22,"Flying J, United States",Flying J,Informal Campsite,"Truck stop, large parking lot, clean restrooms.
-Park on the lot by Dennys.",39.5793,-110.7703,0.0,2024-07-12 00:00:00 UTC,Yes,No,Yes,No,Yes,Yes,Yes,Yes,Yes,Yes,No,Yes,No,No,No,No,No,,No,No,No,No,No,No,No,No,No,No
b800e700-bb8e-4f40-a0db-289a51c1ed9e,"Flying J truck stop, United States",Flying J truck stop,Informal Campsite,"Huge truck stop close to Butte. Free. $10 showers. Free potable water in the red spigot in the rock barriers between the two gas station sections, bring your own hose",39.8207,-105.4433,0.0,2024-07-12 00:00:00 UTC,Yes,No,Yes,No,Yes,Yes,Yes,Yes,Yes,Yes,No,Yes,No,No,No,No,No,,No,No,No,No,No,No,No,No,No,No
79dacb83-3c18-4b4c-b87c-cfa44ac34ceb,"Amarillo TX - Texas Travel Information Center, United States",Amarillo TX - Texas Travel Information Center,Informal Campsite,"Address: Amarillo Travel Information Center, 9700 I-40, Amarillo, TX 79118 A big parking lot with restrooms (24 hours) and free wifi. In Texas there are 12 travel information centers where you are allowed to stay for free overnight (Amarillo, Anthony, austin, denison, gainesville, langtry, laredo, orange, texarkana, valley, waskom, wichita falls).",34.3318,-110.7395,0.0,2024-07-12 00:00:00 UTC,Yes,No,Yes,No,Yes,No,No,Yes,Yes,Yes,No,Yes,No,No,No,No,No,,No,No,No,No,No,No,No,No,No,No
c8e47172-e351-47d2-822b-72d2fab544da,"SanLuisCamp, United States",SanLuisCamp,Informal Campsite,"Behind the church in the parking spaces. Quiet, dark, nice.",48.0463,-120.3705,0.0,2024-07-12 00:00:00 UTC,Yes,No,No,No,Yes,Yes,No,No,Yes,No,No,Yes,No,No,No,No,No,,No,No,No,No,No,No,No,No,No,No
c3a48f7c-bcf2-438e-9cb1-33df50055132,"Utah Welcome Center, United States",Utah Welcome Center,Informal Campsite,Rest Area on 70W before Thompson Springs. Very peaceful night. Several trucks and overnighters here as well. Clean bathrooms. Water spigot appears to be OFF.,27.9723,-81.1308,0.0,2024-07-12 00:00:00 UTC,Yes,No,No,No,Yes,No,No,No,Yes,Yes,No,Yes,No,No,No,No,No,,No,No,No,No,No,No,No,No,No,No
44330526-4195-43f1-b3e2-20b9f8966617,"Spotlight 29 Casino, United States",Spotlight 29 Casino,Informal Campsite,A large open lot for RV and big rig parking. Very noisy and freeway noise.,43.3957,-106.8899,0.0,2024-07-12 00:00:00 UTC,Yes,No,No,No,Yes,Yes,No,No,No,Yes,No,Yes,No,No,No,No,No,,No,No,No,No,No,No,No,No,No,No
c5f9eb94-0d86-41ca-8978-eab07699e6d9,"Blue Ridge Wildlife Management Area, United States",Blue Ridge Wildlife Management Area,Informal Campsite,"Beautiful River front camping in this WMA, a few nice sites right by the river. No ATT service, got Vzw with the booster. Continue up the road for more/better sites.",47.2118,-109.9468,0.0,2024-07-12 00:00:00 UTC,Yes,No,No,No,Yes,No,No,Yes,No,No,Yes,Yes,No,No,No,No,No,,No,No,No,No,No,No,No,No,No,No
ffb8cb24-4896-4030-8e0b-3e9fb8b79911,"Sinclair Gas Station/Truck Stop, United States",Sinclair Gas Station/Truck Stop,Informal Campsite,"The Sinclair has a side parking lot for semi trucks so we asked the cashier inside if we could pay to park overnight. He said we could and didn't need to pay. I told him we'd get our gas here in the morning and buy some snacks. Not that there are signs in some areas stating No Parking. The semi area is labeled with a TRUCKS only sign in the North fence, that is where we parked. The restaurant two doors down let us use the restroom. Couldn't hear the traffic on the road next to the gas station. The semi trucks were on all night but it didn't bother is. It's not a quiet spot but was darker than a Walmart parking lot!",39.147,-115.9882,0.0,2024-07-12 00:00:00 UTC,Yes,No,Yes,No,Yes,No,No,No,Yes,Yes,No,Yes,No,No,No,No,No,,No,No,No,No,No,No,No,No,No,No
c205151f-8b1c-4d71-9418-2465b46236a0,"Little A'Le'Inn, United States",Little A'Le'Inn,Informal Campsite,"Restaurant in Rachel, NV near Area 51 that plays on alien theme. They have for spots with water and electric hookups plus tent camping and dry camping area. Tent and dry camping are free. 4 bars with Verizon.",44.4249,-114.2954,0.0,2024-07-12 00:00:00 UTC,Yes,Yes,Yes,No,Yes,Yes,No,Yes,Yes,Yes,Yes,Yes,No,No,No,No,No,,No,No,No,No,No,No,No,No,No,No
00b1de15-aa59-4c6c-8fe9-fdce1609e415,"Hall's Crossing Chevron, United States",Hall's Crossing Chevron,Fuel Station,Gas station and small general store. Campground nearby. Pumps operate even if store is closed with a credit card. Expensive. but not many other fuel options this side of the river for a long ways.,34.5199,-105.8701,0.0,2024-07-12 00:00:00 UTC,Yes,No,No,No,Yes,No,No,No,No,No,No,No,No,No,No,No,No,,No,No,No,No,No,No,No,No,No,No
fdaa8e1a-454b-4177-9241-618882c74c11,"Outside Diamond Lake, United States",Outside Diamond Lake,Fuel Station,"North of Crater Lake NP, this is closest gas station. It’s at the corner across from Pony/ horse rides. About 1.5 miles north of Diamond Lake reaper south entrance",36.7906,-119.4025,0.0,2024-07-12 00:00:00 UTC,Yes,No,No,No,Yes,No,No,No,No,No,No,No,No,No,No,No,No,,No,No,No,No,No,No,No,No,No,No
2aff7fac-caf7-42f1-8e27-124edd5b0898,"Hilltop Cafe & Truck Stop, United States",Hilltop Cafe & Truck Stop,Fuel Station,"Elliot Highway. A must-stop truck stop cafe with good food and a shower. If you are headed north up the Dalton Highway, this is your last stop before the Yukon River. There are only very basic groceries here, not a place to stock up for a week.",31.9932,-99.871,0.0,2024-07-12 00:00:00 UTC,Yes,No,No,No,Yes,No,No,No,No,No,No,No,No,No,No,No,No,,No,No,No,No,No,No,No,No,No,No
da9670e6-553f-4e9c-8480-c998fd82f455,"Keystone, United States",Keystone,Fuel Station,Gas station. 3 gas pumps and 2 bay garage. Small selection of tires,43.841,-120.508,0.0,2024-07-12 00:00:00 UTC,Yes,No,No,No,Yes,No,No,No,No,No,No,No,No,No,No,No,No,,No,No,No,No,No,No,No,No,No,No
8a3950ca-eac1-4244-9878-bdc4a1db0a56,"Keystone, United States",Keystone,Fuel Station,Gas station. Two pumps. Larger convenience store. Subway restaurant within building.,39.3702,-111.0321,0.0,2024-07-12 00:00:00 UTC,Yes,No,No,No,Yes,No,No,No,No,No,No,No,No,No,No,No,No,,No,No,No,No,No,No,No,No,No,No
9ebf3b35-82db-4b8e-9329-3e366497a516,"Citgo, United States",Citgo,Fuel Station,Gas station with medium sized convenience store. Has basic food/water necessities,39.6116,-105.7051,0.0,2024-07-12 00:00:00 UTC,Yes,No,No,No,Yes,No,No,No,No,No,No,No,No,No,No,No,No,,No,No,No,No,No,No,No,No,No,No
34e34f31-97d7-4957-8959-c743db3335b9,"Denio Junction, United States",Denio Junction,Fuel Station,"Diesel & gasoline 24 hr credit card pump. Denio Junction was without fuel for many years, but has it now (December 2018)",34.1227,-111.0013,0.0,2024-07-12 00:00:00 UTC,Yes,No,No,No,Yes,No,No,No,No,No,No,No,No,No,No,No,No,,No,No,No,No,No,No,No,No,No,No
ff434654-a097-47c9-a790-a9da5e1000c4,"Sinclair Gas, United States",Sinclair Gas,Fuel Station,There are only two gas stations in the area. This one and a Silver Eagle,47.8372,-120.6323,0.0,2024-07-12 00:00:00 UTC,Yes,No,No,No,Yes,No,No,No,No,No,No,No,No,No,No,No,No,,No,No,No,No,No,No,No,No,No,No
9a441aea-e8b9-4185-8a7c-533d4a088d38,"Open Door Store/Gas, United States",Open Door Store/Gas,Fuel Station,"Small store and gas pump in Lowman. Reasonably priced gas, basic gas station necessities and food. You fill up at the pump then pay inside based on how much you fill up. Staff is very helpful and we let them know about this site/app, so if you happen to lose service or someone needs guidance they can help and add great things for this area too! This place helped extend our adventure instead of heading all the way to a further town just to get gas!",27.7632,-81.3926,0.0,2024-07-12 00:00:00 UTC,Yes,No,No,No,Yes,No,No,No,No,No,No,No,No,No,No,No,No,,No,No,No,No,No,No,No,No,No,No
bafa44f6-c433-4d24-92a3-7b9d75e753a5,"Maybell General Store, United States",Maybell General Store,Fuel Station,"This is a small gas station, has gas, diesel, propane, free air for tires (saved me I cut a tire and was able to plug it in dinosaur and didn't have my air compressor) this is the first place east of the monument with anything. The store has a little bit of everything food, camping gear, automotive supplies.

Last available gas for many miles if you're heading north on Hwy 318.",43.1866,-107.1517,0.0,2024-07-12 00:00:00 UTC,Yes,No,No,No,Yes,No,No,No,No,No,No,No,No,No,No,No,No,,No,No,No,No,No,No,No,No,No,No
30117a4b-c12f-4ea0-ac4b-dcfd57c467b0,"Northern Oilfield Services, United States",Northern Oilfield Services,Fuel Station,"This location is open to tourists. We were directed here by the other gas station on the east side of town. When we arrived, other tourists were also filling here as well as workers.

Credit card only.

The machine didn't read my first card, but read my second card. Another tourist I was here with had the machine read her card on the first try. Just beware.

The pumps are in the shack, the prices are on the pumps and not posted outside. Just look through the windows.

On August 6, regular was $7.99 and diesel was $7.29.

If you want a receipt, you pump your gas and then return to the credit card machine and enter your card again and follow the on screen prompts and it will print a receipt.",47.0027,-110.2086,0.0,2024-07-12 00:00:00 UTC,Yes,No,No,No,Yes,No,No,No,No,No,No,No,No,No,No,No,No,,No,No,No,No,No,No,No,No,No,No
11e4f8ea-25e2-4e15-8a0d-6c81680779a1,"Yukon River gas station, United States",Yukon River gas station,Fuel Station,"Same price as Coldfoot, suggest filling up as much as possible at the truck station that's already on ioverlander south of here, Hilltop cafe and truck stop.",38.9379,-116.25,0.0,2024-07-12 00:00:00 UTC,Yes,No,No,No,Yes,No,No,No,No,No,No,No,No,No,No,No,No,,No,No,No,No,No,No,No,No,No,No
ae3cad1a-2a32-42a1-81d9-2c7aab3559f3,"Tangle River inn / Gas - Shower - Restaurant, United States",Tangle River inn / Gas - Shower - Restaurant,Fuel Station,Restaurant/gas/tire repair. Gas is $6.50/gallon. But it’s there if you need it. Nothing in Paxson.,44.2158,-114.5572,0.0,2024-07-12 00:00:00 UTC,Yes,No,No,No,Yes,No,No,No,No,No,No,No,No,No,No,No,No,,No,No,No,No,No,No,No,No,No,No
214871d3-e832-493b-8a5c-c45779dc2324,"Chevon - Vacuum, United States",Chevon - Vacuum,Fuel Station,"Free vacuum next to the car wash. There’s a sign saying ‘please do not abuse’, really good action from the vacuum!",34.6798,-105.6699,0.0,2024-07-12 00:00:00 UTC,Yes,No,No,No,Yes,No,No,No,No,No,No,No,No,No,No,No,No,,No,No,No,No,No,No,No,No,No,No
539f20af-78e6-44d3-83a2-3fa4e1f43556,"Fuel & Free Vacuums, United States",Fuel & Free Vacuums,Fuel Station,"Gas station with cheap fuel where you can use free vacuums to clean your car on the spot, just great! You can’t use the vacuums from 8 p.m. because of the sound for the neighbourhood.",36.9505,-119.2023,0.0,2024-07-12 00:00:00 UTC,Yes,No,No,No,Yes,No,No,No,No,No,No,No,No,No,No,No,No,,No,No,No,No,No,No,No,No,No,No
ac27737c-ff0f-4aca-a8bc-cf7fa9e9cbe9,"Exit for London Bridge, United States",Exit for London Bridge,Fuel Station,"I’ll delete if wrong but it looks like this is the last cheap place for gas before you hit freaking California state gas taxes (as of today’s date was $2.50/gallon in Kingman and $2.75 here.... but I know will be closer to $4 back in my beloved Cali)
Fil ‘er up!
Few eateries here too.",32.1531,-99.6708,0.0,2024-07-12 00:00:00 UTC,Yes,No,No,No,Yes,No,No,No,No,No,No,No,No,No,No,No,No,,No,No,No,No,No,No,No,No,No,No
f8f2c084-1d63-4763-a160-fea99ffcd5f0,"Redwood Casino Gas, United States",Redwood Casino Gas,Fuel Station,"The reservation gas station, so it’s much cheaper than anywhere in the area.",44.0009,-120.3078,0.0,2024-07-12 00:00:00 UTC,Yes,No,No,No,Yes,No,No,No,No,No,No,No,No,No,No,No,No,,No,No,No,No,No,No,No,No,No,No
7dacb0d1-59a1-4fda-a9de-9d8c2eff6f0e,"Yosemite Valley, United States",Yosemite Valley,Fuel Station,No gas in the valley. This is your last chance to fill up. No overnight parking.,39.5301,-110.8319,0.0,2024-07-12 00:00:00 UTC,Yes,No,No,No,Yes,No,No,No,No,No,No,No,No,No,No,No,No,,No,No,No,No,No,No,No,No,No,No
04d1f44a-3365-4f91-967f-6e406d232169,"Pit Stop, United States",Pit Stop,Fuel Station,"Also can get water, dump and propane. This place is very busy in the winter, especially January, but is good at getting rigs in and out. 928-927-3714; 8:00 AM to 4:30 PM; 7 days a week; 425 N. Central / US95, Quartzsite, AZ 85346",39.7715,-105.5049,0.0,2024-07-12 00:00:00 UTC,Yes,No,No,No,Yes,No,No,No,No,No,No,No,No,No,No,No,No,,No,No,No,No,No,No,No,No,No,No
99d4759c-8ab4-40c2-ba4c-0367552ad94a,"Crane Store & Cafe, United States",Crane Store & Cafe,Fuel Station,"Gas and diesel available at this little store, along with basic food stuffs, cafe, and RV hook-ups.",34.2826,-110.8011,0.0,2024-07-12 00:00:00 UTC,Yes,No,No,No,Yes,No,No,No,No,No,No,No,No,No,No,No,No,,No,No,No,No,No,No,No,No,No,No
5641d9c2-b34b-4d62-8b09-6197ab3283f7,"Frenchlen Mercantile, United States",Frenchlen Mercantile,Fuel Station,Nice little shop with 87 octane and diesel,47.9971,-120.4321,0.0,2024-07-12 00:00:00 UTC,Yes,No,No,No,Yes,No,No,No,No,No,No,No,No,No,No,No,No,,No,No,No,No,No,No,No,No,No,No
04f3bc63-c08d-464c-88a4-88b3836ccf7c,"Emigrant General Store, United States",Emigrant General Store,Fuel Station,"This gas station is packed with useful stuff. Large fresh produce section with fruit and vegetables, camping gear, and lots of drinks and take home ice cream. There is a laundromat on site. You can also use the self-service car wash to knock the dust off your rig.",27.9231,-81.1924,0.0,2024-07-12 00:00:00 UTC,Yes,No,No,No,Yes,No,No,No,No,No,No,No,No,No,No,No,No,,No,No,No,No,No,No,No,No,No,No
463a624d-0260-47dc-8f5c-045daed5301f,"Only gas for 150 miles, United States",Only gas for 150 miles,Fuel Station,"Yep, started freaking out that we wouldn’t have enough fuel until Glennallen (next town 70 miles up) and nothing on here or Google displayed a nearby station. This is a small little place but they have gas if you’re in a pinch!",43.3465,-106.9515,0.0,2024-07-12 00:00:00 UTC,Yes,No,No,No,Yes,No,No,No,No,No,No,No,No,No,No,No,No,,No,No,No,No,No,No,No,No,No,No
fb7bda9f-52d6-4c62-b98a-638a37da9e4b,"Fields Station, United States",Fields Station,Fuel Station,Gas but you will pay premium prices due to it's location,47.1626,-110.0084,0.0,2024-07-12 00:00:00 UTC,Yes,No,No,No,Yes,No,No,No,No,No,No,No,No,No,No,No,No,,No,No,No,No,No,No,No,No,No,No
d007f608-8b79-4391-828b-71cbc1bd9a9a,"Chevron, United States",Chevron,Fuel Station,Gas Station with food. No propane fill. Has large diesel fill up area. There's also a large gravel area. You could probably spend a night here as well. I see a semi in there. Most likely sleeping.,39.0978,-116.0498,0.0,2024-07-12 00:00:00 UTC,Yes,No,No,No,Yes,No,No,No,No,No,No,No,No,No,No,No,No,,No,No,No,No,No,No,No,No,No,No
e3c9454c-d59b-4ef4-b0f2-175ae8499725,"ARCO GASOLINE, United States",ARCO GASOLINE,Fuel Station,$2.51 at this time of reporting. Cheapest gas in Beatty. Hand window washing fluid to scrub bugs off. Has bathrooms. Clean.,44.3757,-114.357,0.0,2024-07-12 00:00:00 UTC,Yes,No,No,No,Yes,No,No,No,No,No,No,No,No,No,No,No,No,,No,No,No,No,No,No,No,No,No,No
9839c30d-8ff6-4abd-acfb-702e3cdb7822,"Phillips 66 & Roadrunner Travel Center, United States",Phillips 66 & Roadrunner Travel Center,Fuel Station,"This is a gas station with plenty of spots around for trucks and travelers that need to spend the night. The convenience store is open 24 hrs.
It's not the quietest spot but it's a spot for the night.
Right off the Hwy 25.",34.8397,-105.4697,0.0,2024-07-12 00:00:00 UTC,Yes,No,No,No,Yes,No,No,No,No,No,No,No,No,No,No,No,No,,No,No,No,No,No,No,No,No,No,No
07af6389-1f61-4fd5-8f64-f808a5507bf9,"Alltown Fresh, United States",Alltown Fresh,Fuel Station,"They have DEF (diesel additive) at the pump, great, healthy foods and snacks and a free dump station!",37.1104,-119.0021,0.0,2024-07-12 00:00:00 UTC,Yes,No,No,No,Yes,No,No,No,No,No,No,No,No,No,No,No,No,,No,No,No,No,No,No,No,No,No,No
2d9f3d6b-09d4-472c-9cc5-f730f5a27d61,"Sinclair fuel, United States",Sinclair fuel,Fuel Station,"Fuel stop. All paved, seems nice and clean. Plenty of room to turn around. Napa auto care center and grocery open in the warm season?",32.313,-99.4706,0.0,2024-07-12 00:00:00 UTC,Yes,No,No,No,Yes,No,No,No,No,No,No,No,No,No,No,No,No,,No,No,No,No,No,No,No,No,No,No
9a984ad5-a752-46b8-aba0-4ceece59a1ac,"Oasis Stop n’ Go, United States",Oasis Stop n’ Go,Fuel Station,"Regular and Diesel available, cheap. Decent offerings at the little shop.",44.1608,-120.1076,0.0,2024-07-12 00:00:00 UTC,Yes,No,No,No,Yes,No,No,No,No,No,No,No,No,No,No,No,No,,No,No,No,No,No,No,No,No,No,No
12572585-2703-48af-969e-df21a188eb2a,"Jo-Bi Convenience Market, United States",Jo-Bi Convenience Market,Water,"This place also has potable water if you asks for “the key” to turn the spigot.

Fill during open hours only:
Mo-Fr: 5am-10pm
Sa: 6am-10pm
Su: 7am-8pm",39.321,-111.0937,0.0,2024-07-12 00:00:00 UTC,Yes,No,No,No,Yes,No,No,No,No,No,No,No,No,No,No,No,No,,No,No,No,No,No,No,No,No,No,No
982a3737-b3f4-4fca-a6da-c20b10439a1a,"Cap'n Joe's Gas, United States",Cap'n Joe's Gas,Water,Water for $5 on the back of the Tesoro gas station - at the propane tank you will find the tap. You will also find a laundry at this gas station. There is also a dumping just 30 ft away at the RV campground for $10. Car wash too.,39.5624,-105.7667,0.0,2024-07-12 00:00:00 UTC,Yes,No,No,No,Yes,No,No,No,No,No,No,No,No,No,No,No,No,,No,No,No,No,No,No,No,No,No,No
c3a2b075-5e73-42d6-8d4e-28612a09844c,"Truck Service, United States",Truck Service,Water,There are water spigots over by the truck fuel island. Each pump has a water spigot.,34.0735,-111.0629,0.0,2024-07-12 00:00:00 UTC,Yes,No,No,No,Yes,No,No,No,No,No,No,No,No,No,No,No,No,,No,No,No,No,No,No,No,No,No,No
bafe7001-fac3-428b-90e6-191aab728165,"Maverick Gas Station, United States",Maverick Gas Station,Water,Potable water on the left side of the building near pump 11. This is a FREE dump station at the Maverick Gas Station. Open 24h for water potable and dump station. Gas cheap.,47.788,-120.6939,0.0,2024-07-12 00:00:00 UTC,Yes,No,No,No,Yes,No,No,No,No,No,No,No,No,No,No,No,No,,No,No,No,No,No,No,No,No,No,No
0bf8b91b-410c-4088-a392-5b4ab5c12f39,"water spring, United States",water spring,Water,Water spring on side of road with free water.,27.714,-81.4542,0.0,2024-07-12 00:00:00 UTC,Yes,No,No,No,Yes,No,No,No,No,No,No,No,No,No,No,No,No,,No,No,No,No,No,No,No,No,No,No
b69daf8f-d424-4a9c-979a-241239ccc9bd,"Meskwaki, United States",Meskwaki,Water,"Water tap at casino RV Park behind casino, way in the back. The RV park is closed, so no hook ups, but the water is accessible. Staff said I could stay the night in the parking lot. Great place",43.1374,-107.2133,0.0,2024-07-12 00:00:00 UTC,Yes,No,No,No,Yes,No,No,No,No,No,No,No,No,No,No,No,No,,No,No,No,No,No,No,No,No,No,No
5ed51630-2f45-4327-8dd1-ed2f7ee8e54c,"Joshua Tree NP Visitors Centre, United States",Joshua Tree NP Visitors Centre,Water,Free potable water for motorhomes from tap in carpark,46.9535,-110.2702,0.0,2024-07-12 00:00:00 UTC,Yes,No,No,No,Yes,No,No,No,No,No,No,No,No,No,No,No,No,,No,No,No,No,No,No,No,No,No,No
a88f7fe9-f0b5-4bd7-9637-47f658a44228,"Glacier Water Dispenser, United States",Glacier Water Dispenser,Water,Do-it-yourself water dispenser across the street from the Eastside Branch Public Library. 35 cents a gallon or $1.75 for 5 gallons.,38.8887,-116.3116,0.0,2024-07-12 00:00:00 UTC,Yes,No,No,No,Yes,No,No,No,No,No,No,No,No,No,No,No,No,,No,No,No,No,No,No,No,No,No,No
b764492a-db64-48fd-9f9e-0a9fa8bf48be,"7 - Eleven, United States",7 - Eleven,Water,Water $.25 per 5 gallons - pay inside and they will give you the key. (Price may vary),44.1666,-114.6188,0.0,2024-07-12 00:00:00 UTC,Yes,No,No,No,Yes,No,No,No,No,No,No,No,No,No,No,No,No,,No,No,No,No,No,No,No,No,No,No
a298f55b-6a57-48d4-b8e0-43b898dcb218,"Gearheads, United States",Gearheads,Water,Outdoor gear store offering free filtered water inside the store. Bring and fill your own container. A cart is provided so you can wheel your jugs back to your vehicle.,34.6306,-105.7315,0.0,2024-07-12 00:00:00 UTC,Yes,No,No,No,Yes,No,No,No,No,No,No,No,No,No,No,No,No,,No,No,No,No,No,No,No,No,No,No
0a77da94-a8ab-476e-a612-699d6c3f009c,"Rest area, United States",Rest area,Water,"Several spigots, but they are all turned off.

Update June 2022: Water available. (Probably seasonal.)",36.9013,-119.2639,0.0,2024-07-12 00:00:00 UTC,Yes,No,No,No,Yes,No,No,No,No,No,No,No,No,No,No,No,No,,No,No,No,No,No,No,No,No,No,No
162b35b0-fb63-4735-9d83-75eedefd8efe,"Anchor Point, United States",Anchor Point,Water,"Public water supply. 25 cents for 6 gallons. Pumps for large and small tanks. Price is 3.67 gallons for $0.25. Good for filling containers , there is no thread on the smaller hose, and a water witch does not work with it.",32.1039,-99.7324,0.0,2024-07-12 00:00:00 UTC,Yes,No,No,No,Yes,No,No,No,No,No,No,No,No,No,No,No,No,,No,No,No,No,No,No,No,No,No,No
d03e2c7f-699e-4959-b7da-7659d2240218,"Dolores park, United States",Dolores park,Water,"There is a water spigot on the left as you enter the park. Good pressure, but you need a 50 foot hose!",43.9517,-120.3694,0.0,2024-07-12 00:00:00 UTC,Yes,No,No,No,Yes,No,No,No,No,No,No,No,No,No,No,No,No,,No,No,No,No,No,No,No,No,No,No
fc8bbfc5-03ab-4eac-b802-01ae50d71917,"Smiths Fuel Center, United States",Smiths Fuel Center,Water,"This locaton is now closed.
Recommended by Hyde Memorial State Park as place to get water since theirs is limited. There is a lock but the attendant happily opened it and said they are one of only places around.",39.4809,-110.8935,0.0,2024-07-12 00:00:00 UTC,Yes,No,No,No,Yes,No,No,No,No,No,No,No,No,No,No,No,No,,No,No,No,No,No,No,No,No,No,No
26d53493-2369-495f-a505-a5b8b1155617,"Pilar, United States",Pilar,Water,"MODERATOR NOTE: Seasonal closures reported.

Free Water for drinking. Visitor center Rio Grande!

Water is beside unattached restrooms/outhouses.",39.7223,-105.5665,0.0,2024-07-12 00:00:00 UTC,Yes,No,No,No,Yes,No,No,No,No,No,No,No,No,No,No,No,No,,No,No,No,No,No,No,No,No,No,No
06f87ef4-7323-44ff-b0c6-79534bfa81e9,"South Kaibab Trailhead, United States",South Kaibab Trailhead,Water,"Water refill station at the South Kaibab Trailhead (also a shuttle bus station for the Grand Canyon orange line)

Potable spring water for filling bottles or jugs. Not suitable to fill RVs. Within a chainlink fence that keeps wildlife out.",34.2334,-110.8627,0.0,2024-07-12 00:00:00 UTC,Yes,No,No,No,Yes,No,No,No,No,No,No,No,No,No,No,No,No,,No,No,No,No,No,No,No,No,No,No
b87aac5e-09e1-4da1-bea3-018c32f010d3,"Haines Gas Station., United States",Haines Gas Station.,Water,Gas station with free RV service. Potable water available. Free air as well but no gauge.,47.9479,-120.4937,0.0,2024-07-12 00:00:00 UTC,Yes,No,No,No,Yes,No,No,No,No,No,No,No,No,No,No,No,No,,No,No,No,No,No,No,No,No,No,No
2ee11651-980b-4410-8e44-90375709fe0e,"Chevron, United States",Chevron,Water,FREE potable water on South side of building. Red spigot by the air station. See other check-ins for further info! Enjoy!,27.8739,-81.254,0.0,2024-07-12 00:00:00 UTC,Yes,No,No,No,Yes,No,No,No,No,No,No,No,No,No,No,No,No,,No,No,No,No,No,No,No,No,No,No
3a523071-c0fb-44ad-9d04-a91734524db7,"Edward's Rest Area, United States",Edward's Rest Area,Water,Beautiful Riverwalk next to the rest area. Potable water fill. Free. Available April through November.,43.2973,-107.0131,0.0,2024-07-12 00:00:00 UTC,Yes,No,No,No,Yes,No,No,No,No,No,No,No,No,No,No,No,No,,No,No,No,No,No,No,No,No,No,No
11883e56-bcde-493a-8d01-230868368694,"Water, United States",Water,Water,Portable Water Fountain for Bottles in the National Forest Area. Tastes fine with our Filter. Low pressure.,47.1134,-110.07,0.0,2024-07-12 00:00:00 UTC,Yes,No,No,No,Yes,No,No,No,No,No,No,No,No,No,No,No,No,,No,No,No,No,No,No,No,No,No,No
d4c28f02-1d86-4b5f-805d-ca0131a0a516,"Boettcher Park Picnic Area, United States",Boettcher Park Picnic Area,Water,"Picnic area with restrooms, trash, recycling, water spout, tables and swings.",39.0486,-116.1114,0.0,2024-07-12 00:00:00 UTC,Yes,No,No,No,Yes,No,No,No,No,No,No,No,No,No,No,No,No,,No,No,No,No,No,No,No,No,No,No
83faaffd-1675-4083-9feb-b18f8ee2b197,"Next to Allsup's, United States",Next to Allsup's,Water,"Free potable water on the corner. Very easy access for rigs. We filled up our two 6 gallon jugs.

Spigot off and employees are unable to unlock for you",44.3265,-114.4186,0.0,2024-07-12 00:00:00 UTC,Yes,No,No,No,Yes,No,No,No,No,No,No,No,No,No,No,No,No,,No,No,No,No,No,No,No,No,No,No
492e8389-c600-47de-93fb-e4b53bfeae0c,"Moab - Lions Park Spigot, United States",Moab - Lions Park Spigot,Water,Two threaded spigots in the lower lot- there is also a filtered bottle fill station in the pavilion up the stairs. There are electric outlets in the pavilion Carrie the grass if you need to charger computer/jackery and tables to sit down on in the shade,34.7905,-105.5313,0.0,2024-07-12 00:00:00 UTC,Yes,No,No,No,Yes,No,No,No,No,No,No,No,No,No,No,No,No,,No,No,No,No,No,No,No,No,No,No
debcdb05-0e76-4f1a-98ca-9d1c3bcf00a5,"Mtn Village Service Station, United States",Mtn Village Service Station,Water,"RV Propane, free potable water. Gas/diesel is ghastly expensive tourist pricing, avoid the gas. ($1 additional per gallon) Free water behind the gas station. Good hoses. long enough to fill RV. Further, I would bring some type of filter too. I’m sure it’s perfectly fine, and it’s 100% potable, but who knows what is creeping and crawling up that hose.",37.0612,-119.0637,0.0,2024-07-12 00:00:00 UTC,Yes,No,No,No,Yes,No,No,No,No,No,No,No,No,No,No,No,No,,No,No,No,No,No,No,No,No,No,No
5dfc06ff-970d-42a0-a472-a9284a56710b,"Next to McDonalds, United States",Next to McDonalds,Water,Go in the back and open a small metal door. Written water on it.,32.2638,-99.5322,0.0,2024-07-12 00:00:00 UTC,Yes,No,No,No,Yes,No,No,No,No,No,No,No,No,No,No,No,No,,No,No,No,No,No,No,No,No,No,No
1dd8e1fe-830b-41bc-aaa1-866e810a6c39,"Olsens IGA store, United States",Olsens IGA store,Water,water here as well as a couple of other places. All the same price - buck for 5 gallons. Biggest store in Ajo. deli has WiFi.,44.1116,-120.1692,0.0,2024-07-12 00:00:00 UTC,Yes,No,No,No,Yes,No,No,No,No,No,No,No,No,No,No,No,No,,No,No,No,No,No,No,No,No,No,No
b17b4f7e-4cdf-4d74-89d2-f855adfa8b62,"Arjencía Water, United States",Arjencía Water,Water,Water kiosk on E Fort Lowell Rd. near N Mountain Ave. 15¢ a gallon.,39.6408,-110.6933,0.0,2024-07-12 00:00:00 UTC,Yes,No,No,No,Yes,No,No,No,No,No,No,No,No,No,No,No,No,,No,No,No,No,No,No,No,No,No,No
9143ce16-3e4c-40a4-9c31-758392f83c90,"king sooper, United States",king sooper,Water,"water refill 39 cents a gallon, inside @ entrance",39.8822,-105.3663,0.0,2024-07-12 00:00:00 UTC,Yes,No,No,No,Yes,No,No,No,No,No,No,No,No,No,No,No,No,,No,No,No,No,No,No,No,No,No,No
ac90aa1e-a7f5-40aa-bb3a-5979d0154450,"Walmart refill station, United States",Walmart refill station,Water,39cents a gallon. Refill station is located in the front by the customer service counter inside the store,34.3933,-110.6625,0.0,2024-07-12 00:00:00 UTC,Yes,No,No,No,Yes,No,No,No,No,No,No,No,No,No,No,No,No,,No,No,No,No,No,No,No,No,No,No
9013daea-347f-471f-87ef-d1a75dc344da,"Speedway, United States",Speedway,Water,Next to propane bottles outside there is a water tap you can use. On the other side of the building there is free air (instead of the paid air pump).,48.1078,-120.2935,0.0,2024-07-12 00:00:00 UTC,Yes,No,No,No,Yes,No,No,No,No,No,No,No,No,No,No,No,No,,No,No,No,No,No,No,No,No,No,No
4f4ec705-0fb8-4baf-9621-144b3e1b2bfb,"T.L.C. Auto Repair, United States",T.L.C. Auto Repair,Mechanic and Parts,"Excellent Toyota mechanic at TLC Auto, Fred took great care of us even finding ways to save us money. They charged $50/hr labour. www.tlc-auto.com 858 541 0852.",27.6648,-81.5158,0.0,2024-07-12 00:00:00 UTC,Yes,No,No,No,Yes,No,No,No,No,No,No,No,No,No,No,No,No,,No,No,No,No,No,No,No,No,No,No
d022e77c-b978-4fbb-808c-02e79a9f32de,"Automotive Super Center Longview Texas, United States",Automotive Super Center Longview Texas,Mechanic and Parts,1109 W loop 281 Longview Texas these guys are great friendly and solved my diesel problem in a morning and fixed it I came off the street and they stated on it immediately great price great service great coffee thanks Doug Thanks Chris,43.0882,-107.2749,0.0,2024-07-12 00:00:00 UTC,Yes,No,No,No,Yes,No,No,No,No,No,No,No,No,No,No,No,No,,No,No,No,No,No,No,No,No,No,No
ebb7ade1-670b-4322-9e88-cc6d56fcf8a3,"Westlake Automotive, United States",Westlake Automotive,Mechanic and Parts,Straight forward shop that can work on diesel 4x4's,46.9043,-110.3318,0.0,2024-07-12 00:00:00 UTC,Yes,No,No,No,Yes,No,No,No,No,No,No,No,No,No,No,No,No,,No,No,No,No,No,No,No,No,No,No
d8c5b967-64fa-45a2-b517-a770427e3374,"British Autoworks, United States",British Autoworks,Mechanic and Parts,"If anyone needs a Land Rover mechanic near San Diego, we can highly recommend this garage! Peter is very friendly, helpful and knowledgeable. :)

https://www.facebook.com/BritishAutoworksSanDiego/?fref=ts",38.8395,-116.3732,0.0,2024-07-12 00:00:00 UTC,Yes,No,No,No,Yes,No,No,No,No,No,No,No,No,No,No,No,No,,No,No,No,No,No,No,No,No,No,No
0c93381a-3b40-4a39-905e-b9eedddecd0d,"Werkstatt, United States",Werkstatt,Mechanic and Parts,Werkstatt San Antonio,44.1174,-114.6804,0.0,2024-07-12 00:00:00 UTC,Yes,No,No,No,Yes,No,No,No,No,No,No,No,No,No,No,No,No,,No,No,No,No,No,No,No,No,No,No
a9c94f09-650a-4dbd-8fc6-2459fef68c4e,"Great Basin Rovers, United States",Great Basin Rovers,Mechanic and Parts,"There are only a few really good Land Rover mechanics in the states, Bill Davis in Salt Lake City is one of them. He works with Land Rovers since decades and knows everything about Series and Defenders. We stopped here for doing some maintenance and getting some spare parts. We camped behind the workshop before hitting the road again the next day.",34.5814,-105.7931,0.0,2024-07-12 00:00:00 UTC,Yes,No,No,No,Yes,No,No,No,No,No,No,No,No,No,No,No,No,,No,No,No,No,No,No,No,No,No,No
691d7fd5-d9aa-4397-a6d8-dbe525c4e849,"West Coast British (LR), United States",West Coast British (LR),Mechanic and Parts,"Land Rover specialist near San Francisco. Mike runs this workshop since 1981 and knows everything about Land Rovers.

190 Airway Blvd.
Livermore, CA 94551

925-606-8301
wcbr@netzero.com",36.8521,-119.3255,0.0,2024-07-12 00:00:00 UTC,Yes,No,No,No,Yes,No,No,No,No,No,No,No,No,No,No,No,No,,No,No,No,No,No,No,No,No,No,No
5243d4b7-38e1-4938-ba0c-9ee17cab28c1,"David Wilson's Toyota Las Vegas, United States",David Wilson's Toyota Las Vegas,Mechanic and Parts,"They have a mechanic called Mathew, who is from Nigeria and has a lot of experience with older Toyotas.

it is on the corner of East Sahara Avenue and South Mojave Road in Las Vegas",32.0547,-99.794,0.0,2024-07-12 00:00:00 UTC,Yes,No,No,No,Yes,No,No,No,No,No,No,No,No,No,No,No,No,,No,No,No,No,No,No,No,No,No,No
d96a1625-c736-400b-95b2-9e1f83332a40,"NAPA auto care, United States",NAPA auto care,Mechanic and Parts,"My van needed a little fixing as I came into town and I was directed to this place. The owner Lance is super knowledgeable, helpful, friendly, and just an all round great guy. I would highly recommend visiting if you have anything that needs work. I would definitely come back here again. I wish these guys were my local mechanics.",43.9025,-120.431,0.0,2024-07-12 00:00:00 UTC,Yes,No,No,No,Yes,No,No,No,No,No,No,No,No,No,No,No,No,,No,No,No,No,No,No,No,No,No,No
e9ef472b-4fef-4dbc-a2e4-cb26d336286d,"Terry Lee Enterprises, United States",Terry Lee Enterprises,Mechanic and Parts,"Heavy truck garage, specializing in Unimog and Mercedes trucks. Rob is very helpful and familiar with the overlanding community.
terryleeenterprises.com
708 E 1st St
LA Junta, Co 81050

719-384-0882",39.4317,-110.9551,0.0,2024-07-12 00:00:00 UTC,Yes,No,No,No,Yes,No,No,No,No,No,No,No,No,No,No,No,No,,No,No,No,No,No,No,No,No,No,No
d8895006-243c-4797-8d0a-195c6c968d63,"Speedlab Automotive, United States",Speedlab Automotive,Mechanic and Parts,"They do customs build, welding and help you arround finding parts",39.6731,-105.6281,0.0,2024-07-12 00:00:00 UTC,Yes,No,No,No,Yes,No,No,No,No,No,No,No,No,No,No,No,No,,No,No,No,No,No,No,No,No,No,No
07d6691f-b258-4e5b-86bb-2c6fba8cfca6,"Green Machine, United States",Green Machine,Mechanic and Parts,A great garage with mexicans guys. We have changed the oil and filter of our Defender Land Rover. The price is good. Muy buena gente!!!,34.1842,-110.9243,0.0,2024-07-12 00:00:00 UTC,Yes,No,No,No,Yes,No,No,No,No,No,No,No,No,No,No,No,No,,No,No,No,No,No,No,No,No,No,No
2556f870-ac10-4221-8288-17ea0404b20b,"Bonita Valley Auto Care, United States",Bonita Valley Auto Care,Mechanic and Parts,"We had an apointment for oil change and check-up before going to Mexico. We arrived on time, the guy went to see the van, came back and suddenly a worker was missing and he was not able to take care if our van. There were hours of delay and he insisted that we go to another place and even called one for us. Impression was he did not want to take care if our van but he did not tell it the dat before when we took the apointment.",47.8987,-120.5553,0.0,2024-07-12 00:00:00 UTC,Yes,No,No,No,Yes,No,No,No,No,No,No,No,No,No,No,No,No,,No,No,No,No,No,No,No,No,No,No
e43b6b1a-7f35-45c1-a248-5aa48704353d,"Valley Hybrids, United States",Valley Hybrids,Mechanic and Parts,Georg and his team really know what they're doing. Specialists in Toyota Land Cruiser (no other makes or models!) they will solve your issues fast and efficient. Highly recommended.,27.8247,-81.3156,0.0,2024-07-12 00:00:00 UTC,Yes,No,No,No,Yes,No,No,No,No,No,No,No,No,No,No,No,No,,No,No,No,No,No,No,No,No,No,No
ae50a06e-9c3a-4c79-8543-351cf39f17da,"Fox's Friendly Automotive LLC, United States",Fox's Friendly Automotive LLC,Mechanic and Parts,Very good mechanic,43.2481,-107.0747,0.0,2024-07-12 00:00:00 UTC,Yes,No,No,No,Yes,No,No,No,No,No,No,No,No,No,No,No,No,,No,No,No,No,No,No,No,No,No,No
7b1f63eb-9848-4706-b126-35e4cac45448,"TAVLLC, United States",TAVLLC,Mechanic and Parts,"TAV is a company that prides itself on credibility and functionality. We are a company focused on building fully functional, high end expedition vehicles with the best equipment and tools found in the overland market today.",47.0642,-110.1316,0.0,2024-07-12 00:00:00 UTC,Yes,No,No,No,Yes,No,No,No,No,No,No,No,No,No,No,No,No,,No,No,No,No,No,No,No,No,No,No
b8222492-506c-4155-b3aa-c5ecc04e9a7c,"O'Reilly Auto Parts, United States",O'Reilly Auto Parts,Mechanic and Parts,Auto parts. People are very nice. They lend us tools to repair our van,38.9994,-116.173,0.0,2024-07-12 00:00:00 UTC,Yes,No,No,No,Yes,No,No,No,No,No,No,No,No,No,No,No,No,,No,No,No,No,No,No,No,No,No,No
933fbf34-3e17-49f9-aa7d-e58b685a7214,"Westy werks, United States",Westy werks,Mechanic and Parts,Specialist european vehicles esp. vw. These guys have taken over all the work that Gowesty used to do and thank goodness for that! 20 minutes from Gowesty they can get all the parts you need and they are super helpfull and offer good impartial advice.,44.2773,-114.4802,0.0,2024-07-12 00:00:00 UTC,Yes,No,No,No,Yes,No,No,No,No,No,No,No,No,No,No,No,No,,No,No,No,No,No,No,No,No,No,No
fb2e4415-f792-4162-9202-a3306819f7e8,"Duo tech, United States",Duo tech,Mechanic and Parts,it is a good place to repair the car. they work well with travelers.,34.7413,-105.5929,0.0,2024-07-12 00:00:00 UTC,Yes,No,No,No,Yes,No,No,No,No,No,No,No,No,No,No,No,No,,No,No,No,No,No,No,No,No,No,No
08dc73f6-6fd8-4fb1-b48c-b2a479237469,"World Auto Body, United States",World Auto Body,Mechanic and Parts,"Very friendly and helpful mechanic that helped us with some welding, even though we arrived afer 5pm on a friday night. Specialised in auto repair and collision repair. We highly recommend Juan and his team.",37.012,-119.1253,0.0,2024-07-12 00:00:00 UTC,Yes,No,No,No,Yes,No,No,No,No,No,No,No,No,No,No,No,No,,No,No,No,No,No,No,No,No,No,No
ae53039a-e3cb-439a-b607-6921066fe7e4,"Precision Performance, United States",Precision Performance,Mechanic and Parts,Perfect mechanic in Las Vegas. Specially Toyota and Lexus.,32.2146,-99.5938,0.0,2024-07-12 00:00:00 UTC,Yes,No,No,No,Yes,No,No,No,No,No,No,No,No,No,No,No,No,,No,No,No,No,No,No,No,No,No,No
3c29b7c3-a801-4d19-8b5f-d759906b21f4,"The Bike revolution, United States",The Bike revolution,Mechanic and Parts,"This shop is bike, rental and fix.
a lot of bike gear.
experenced bke mechanick.",44.0624,-120.2308,0.0,2024-07-12 00:00:00 UTC,Yes,No,No,No,Yes,No,No,No,No,No,No,No,No,No,No,No,No,,No,No,No,No,No,No,No,No,No,No
a0812f84-1f08-44af-a86a-075245c297ad,"Dixie 4 Wheel Drive, United States",Dixie 4 Wheel Drive,Mechanic and Parts,"They are really friendly and helpful. If you have your European filters - they maintain all 4 wheel vehicles.
We were really satisfied!",39.5916,-110.7549,0.0,2024-07-12 00:00:00 UTC,Yes,No,No,No,Yes,No,No,No,No,No,No,No,No,No,No,No,No,,No,No,No,No,No,No,No,No,No,No
446ea134-5ff4-4eff-8c76-6c11b883d52d,"Brookings en Oregon, United States",Brookings en Oregon,Mechanic and Parts,Garage spécialisé en transmission. Patron sympa. Prix corrects. Dormi sur place avec eau électricité et w.c.,39.833,-105.4279,0.0,2024-07-12 00:00:00 UTC,Yes,No,No,No,Yes,No,No,No,No,No,No,No,No,No,No,No,No,,No,No,No,No,No,No,No,No,No,No
1755ed5b-80d0-4f54-87ae-ef7ee55ac9f2,"motohank motorcycle workshop, United States",motohank motorcycle workshop,Mechanic and Parts,"Hank is an old traveller and has been working on BMW's for many years. He is a one of a kind mechanic and knows his stuff
He also sells tires and Touratech goodies. Can help with other brands.",34.3441,-110.7241,0.0,2024-07-12 00:00:00 UTC,Yes,No,No,No,Yes,No,No,No,No,No,No,No,No,No,No,No,No,,No,No,No,No,No,No,No,No,No,No
057d7dcd-000b-4720-92f3-c8230c954ec2,"Navarro mechanic, United States",Navarro mechanic,Mechanic and Parts,Pedro the owner helped us replacing the water pump. Decent guy. He let us stay at his entrance and gave electricity. Higly recommended.,48.0586,-120.3551,0.0,2024-07-12 00:00:00 UTC,Yes,No,No,No,Yes,No,No,No,No,No,No,No,No,No,No,No,No,,No,No,No,No,No,No,No,No,No,No
a62ade48-2b05-4123-b49d-27498cab83f1,"RovnTechs free Land Rover Mechanic, United States",RovnTechs free Land Rover Mechanic,Mechanic and Parts,The best Land Rover Mechanics in the World. I had problems with both differentials and I was allowed to repair with their help. Friendly with great knowledge.,27.9846,-81.1154,0.0,2024-07-12 00:00:00 UTC,Yes,No,No,No,Yes,No,No,No,No,No,No,No,No,No,No,No,No,,No,No,No,No,No,No,No,No,No,No
2b650e13-8fc6-4635-b941-6e56f061148c,"Wolf Autorepair, United States",Wolf Autorepair,Mechanic and Parts,"european vehicle repair shop. The owner is a very friendly german.

4300 North Pecos #10
Las Vegas, Nevada 89115
http://www.wolfautorepair.com",43.408,-106.8745,0.0,2024-07-12 00:00:00 UTC,Yes,No,No,No,Yes,No,No,No,No,No,No,No,No,No,No,No,No,,No,No,No,No,No,No,No,No,No,No
7a436d59-002b-4384-a63e-344a2c8c66e7,"seligman truck and auto Seligman Arizona (south of town, off route 66), United States","seligman truck and auto Seligman Arizona (south of town, off route 66)",Mechanic and Parts,"1st class garage who undertake all kinds of mechanical work including European vehicles,4x4's and tyre repairs
even has level parking if you need to overnight.
John,Curt and Dave couldnt be more helpful and friendly,at times even funny.
All garages should be like this.
thanks mate.",47.2241,-109.9314,0.0,2024-07-12 00:00:00 UTC,Yes,No,No,No,Yes,No,No,No,No,No,No,No,No,No,No,No,No,,No,No,No,No,No,No,No,No,No,No
8b08a3b3-0531-49c3-a6a8-84aefe0dcda4,"Ray Frey Auto Center, United States",Ray Frey Auto Center,Mechanic and Parts,"fast and helpful mechanic.
reasonable price (100$ per hour of work).
explained everything before doing it.",39.1593,-115.9728,0.0,2024-07-12 00:00:00 UTC,Yes,No,No,No,Yes,No,No,No,No,No,No,No,No,No,No,No,No,,No,No,No,No,No,No,No,No,No,No
942b17c4-d3cf-4495-909d-bdb3ec274b30,"Laundry Showers MiniMart, United States",Laundry Showers MiniMart,Laundromat,This may be the cheapest shower in town. $2.00. But bathroom costs a quarter. Laundry was reasonably priced and empty.,44.0682,-114.742,0.0,2024-07-12 00:00:00 UTC,Yes,No,No,No,Yes,No,No,No,No,No,No,No,No,No,No,No,No,,No,No,No,No,No,No,No,No,No,No
b3239b46-b552-4268-be7e-0087d6947935,"Near Chevron, United States",Near Chevron,Laundromat,"Paid showers, laundry, between motel and gas station. nearby Navajo bridge.
Not very clean, few machines not working",34.5322,-105.8547,0.0,2024-07-12 00:00:00 UTC,Yes,No,No,No,Yes,No,No,No,No,No,No,No,No,No,No,No,No,,No,No,No,No,No,No,No,No,No,No
969782af-17f0-4b3a-8f00-fa1e02b15e97,"Laundry in Page, United States",Laundry in Page,Laundromat,"If you need, there are 2 laundry here. U$2 to a smal wash machine.

Update:
4usd small load
9usd big load
1 usd/28 min drying

Open until 8pm",36.8029,-119.3871,0.0,2024-07-12 00:00:00 UTC,Yes,No,No,No,Yes,No,No,No,No,No,No,No,No,No,No,No,No,,No,No,No,No,No,No,No,No,No,No
75473f3c-8096-41c2-9bd3-ab8a0af129d7,"Scrub-Tub Laundromat, United States",Scrub-Tub Laundromat,Laundromat,"What seems to be a 24-hour laundromat. There is a change machine and facility looks new. $3.25 per 30-lb washer cycle and $5.50 per 60-lb washer. Small dryer is $0.25 for 8 minutes and large dryer is $0.25 for 5 minutes. Next to a fuel station, Aldi supermarket across the road, and another shopping plaza with Planet Fitness gym across the other street. There is also a power outlet inside.",32.0055,-99.8556,0.0,2024-07-12 00:00:00 UTC,Yes,No,No,No,Yes,No,No,No,No,No,No,No,No,No,No,No,No,,No,No,No,No,No,No,No,No,No,No
2747e0f2-5695-4dcb-81be-1608d2d04d22,"Coin-Op, United States",Coin-Op,Laundromat,"US$ 3 for machine, $5 triple load
US$ 0.25 to dry 7 minutes",43.8533,-120.4926,0.0,2024-07-12 00:00:00 UTC,Yes,No,No,No,Yes,No,No,No,No,No,No,No,No,No,No,No,No,,No,No,No,No,No,No,No,No,No,No
952c3bfd-f4cb-4710-88cc-900c66295ba5,"showers / laundry, United States",showers / laundry,Laundromat,"very clean public shower and laundry, located at Snowshoe Motel. 7,- USD / each with towels + 3,- USD for an additional person.",39.3825,-111.0167,0.0,2024-07-12 00:00:00 UTC,Yes,No,No,No,Yes,No,No,No,No,No,No,No,No,No,No,No,No,,No,No,No,No,No,No,No,No,No,No
63f83811-0d7a-4ce0-823a-4c452030bbbc,"Klean Wash, United States",Klean Wash,Laundromat,"Laundromat with big machines. They have summer and winter hours.
http://easycoinwash.com/hours/",39.6239,-105.6897,0.0,2024-07-12 00:00:00 UTC,Yes,No,No,No,Yes,No,No,No,No,No,No,No,No,No,No,No,No,,No,No,No,No,No,No,No,No,No,No
7c727795-cde0-423a-a574-22a954a8bbdc,"Borrego Springs - Red Star Laundry, United States",Borrego Springs - Red Star Laundry,Laundromat,Clean laundry. You don't have to stay at the RV Park. Crédit cards only.,34.135,-110.9859,0.0,2024-07-12 00:00:00 UTC,Yes,No,No,No,Yes,No,No,No,No,No,No,No,No,No,No,No,No,,No,No,No,No,No,No,No,No,No,No
63ca7971-3540-4636-950e-8598d263055e,"Maytag Laundromat, United States",Maytag Laundromat,Laundromat,Clean laundromat and friendly staff near Tucson,47.8495,-120.6169,0.0,2024-07-12 00:00:00 UTC,Yes,No,No,No,Yes,No,No,No,No,No,No,No,No,No,No,No,No,,No,No,No,No,No,No,No,No,No,No
cc31a91b-c17e-4467-9aa9-ac3a2e0fe76d,"Laundry at Avila Beach, United States",Laundry at Avila Beach,Laundromat,"On the port, after the RV park there is a laundry for 3$, showers for 3$ and restrooms.",27.7755,-81.3772,0.0,2024-07-12 00:00:00 UTC,Yes,No,No,No,Yes,No,No,No,No,No,No,No,No,No,No,No,No,,No,No,No,No,No,No,No,No,No,No
534d80fc-bf45-4c2c-9ad9-4481ab9fdc98,"Village Laundry, United States",Village Laundry,Laundromat,"Small laundry machines start from $3.75 for a hot wash. Depending on dirt level, it may increase. Big machines start from $4.50. Dryer $1.75 for 24 minutes which was sufficient to dry my 2 wash loads.

Take a $7 hot shower whilst you wait on the laundry, perfect combination!

Prices are dependent on cycle selections. Hot water extra, heavy soiled extra…",43.1989,-107.1363,0.0,2024-07-12 00:00:00 UTC,Yes,No,No,No,Yes,No,No,No,No,No,No,No,No,No,No,No,No,,No,No,No,No,No,No,No,No,No,No
89d60ae7-f08b-4764-a13d-d6aed50dee63,"Torrey, United States",Torrey,Laundromat,"Laundry is 2.00 wash and 2.00 dry.
Store staff are nice and the place is very well maintained and clea.",47.015,-110.1932,0.0,2024-07-12 00:00:00 UTC,Yes,No,No,No,Yes,No,No,No,No,No,No,No,No,No,No,No,No,,No,No,No,No,No,No,No,No,No,No
b62351bd-e96f-4423-b095-7abcec34c0c8,"Back Bay Laundromat, United States",Back Bay Laundromat,Laundromat,"Great value for your money, machines clean but not the newest. Baywood is a cute small town with awesome bay views.",38.9502,-116.2346,0.0,2024-07-12 00:00:00 UTC,Yes,No,No,No,Yes,No,No,No,No,No,No,No,No,No,No,No,No,,No,No,No,No,No,No,No,No,No,No
c0bd01cf-7783-4b87-a6f7-1d93a4592f2c,"Bandera Wash House 24/7, United States",Bandera Wash House 24/7,Laundromat,"Very nice and clean laundromat.
wash: 2,25usd
dryer:1,75usd",44.2281,-114.5418,0.0,2024-07-12 00:00:00 UTC,Yes,No,No,No,Yes,No,No,No,No,No,No,No,No,No,No,No,No,,No,No,No,No,No,No,No,No,No,No
f7296220-c3ae-4b72-b4fd-7610e7d6b976,"Soft Suds Laundry, United States",Soft Suds Laundry,Laundromat,"big laundry, $7 wash and dry a big machine, nice people",34.6921,-105.6545,0.0,2024-07-12 00:00:00 UTC,Yes,No,No,No,Yes,No,No,No,No,No,No,No,No,No,No,No,No,,No,No,No,No,No,No,No,No,No,No
4f11d1e6-94b0-4f76-806a-ea1ec3a07adb,"Coin laundry, United States",Coin laundry,Laundromat,washers and dryers. next to a convience store that has laundry soap.,36.9628,-119.1869,0.0,2024-07-12 00:00:00 UTC,Yes,No,No,No,Yes,No,No,No,No,No,No,No,No,No,No,No,No,,No,No,No,No,No,No,No,No,No,No
7c0ab410-e4cd-4db3-91fe-d3bfea4540a2,"We‘ll wash Laundry, United States",We‘ll wash Laundry,Laundromat,Self-Service Laundry. You can also let wash your clothes.,32.1654,-99.6554,0.0,2024-07-12 00:00:00 UTC,Yes,No,No,No,Yes,No,No,No,No,No,No,No,No,No,No,No,No,,No,No,No,No,No,No,No,No,No,No
d765d9e4-7185-4fab-b9bd-f5f7ec57bf3f,"One stop coin laundry, United States",One stop coin laundry,Laundromat,Clean laundry. Personnel sympathique. Easy parking,44.0132,-120.2924,0.0,2024-07-12 00:00:00 UTC,Yes,No,No,No,Yes,No,No,No,No,No,No,No,No,No,No,No,No,,No,No,No,No,No,No,No,No,No,No
a56b149c-8e9e-470f-b283-81e605cca49e,"Ruby's Inn, United States",Ruby's Inn,Laundromat,"Amazing place, particularly in the off-season when facilities in Bryce are closed. $5 showers (unlimited time), wash $2.25, dry $1.50, free WiFi. Also groceries available in the shop and a warm place to sit!",39.5424,-110.8165,0.0,2024-07-12 00:00:00 UTC,Yes,No,No,No,Yes,No,No,No,No,No,No,No,No,No,No,No,No,,No,No,No,No,No,No,No,No,No,No
65beb2a9-4acb-4223-b02f-f6602e502319,"Lavanderia, United States",Lavanderia,Laundromat,$4.75 for a triple load. Drying is free! Busy on this Sunday afternoon. Fluff and fold service.,39.7838,-105.4895,0.0,2024-07-12 00:00:00 UTC,Yes,No,No,No,Yes,No,No,No,No,No,No,No,No,No,No,No,No,,No,No,No,No,No,No,No,No,No,No
d00eb424-3465-4943-836d-d5b33a1a0ca2,"123 Wash & Dry, United States",123 Wash & Dry,Laundromat,"Dry Cleaning times 8-6 (Mon-Fri) and 9-5 (Sat), self-service open until 11pm, last washing time 10.30. The usual: Good industrial machines, 3 different sizes, decent prices, fairly clean. We recommend this place!",34.2949,-110.7857,0.0,2024-07-12 00:00:00 UTC,Yes,No,No,No,Yes,No,No,No,No,No,No,No,No,No,No,No,No,,No,No,No,No,No,No,No,No,No,No
17189983-f763-4b22-923c-c318f4fd52e6,"Camper Services Laundromat & Showers, United States",Camper Services Laundromat & Showers,Laundromat,Laundry service and showers in Grand Canyon National Park,48.0094,-120.4167,0.0,2024-07-12 00:00:00 UTC,Yes,No,No,No,Yes,No,No,No,No,No,No,No,No,No,No,No,No,,No,No,No,No,No,No,No,No,No,No
9983cac6-9432-4530-b8cf-02346d0c6f0a,"Hog Wash, United States",Hog Wash,Laundromat,Small top loaders to 5 load washers. Small town and very clean.,27.9354,-81.177,0.0,2024-07-12 00:00:00 UTC,Yes,No,No,No,Yes,No,No,No,No,No,No,No,No,No,No,No,No,,No,No,No,No,No,No,No,No,No,No
d18ec68d-6d73-4a81-b58d-4b87e35eec33,"Laundry west end, United States",Laundry west end,Laundromat,"Washers and dryers
Open until 10pm
(locks at 10, if you're inside after 11pm alarm goes off and police are called)",43.3588,-106.9361,0.0,2024-07-12 00:00:00 UTC,Yes,No,No,No,Yes,No,No,No,No,No,No,No,No,No,No,No,No,,No,No,No,No,No,No,No,No,No,No
d30c517c-d640-4c67-bb92-e60cfde55d83,"Hogan's Corner Laundromat, United States",Hogan's Corner Laundromat,Laundromat,"- Nice laundromat
-Competitive prices
- Some parking out front
- Generally no sketchy folks hanging around
- Near a very nice park (Ravenna)

Hours: 7:30am to 10:30pm, everyday",47.1749,-109.993,0.0,2024-07-12 00:00:00 UTC,Yes,No,No,No,Yes,No,No,No,No,No,No,No,No,No,No,No,No,,No,No,No,No,No,No,No,No,No,No
644e2124-6214-4b4b-b73b-bf569b067236,"Maytag service laundromat, United States",Maytag service laundromat,Laundromat,Maytag service Laundromat. Big parking lot.,39.1101,-116.0344,0.0,2024-07-12 00:00:00 UTC,Yes,No,No,No,Yes,No,No,No,No,No,No,No,No,No,No,No,No,,No,No,No,No,No,No,No,No,No,No
7a7d2f79-9a91-46f3-89b0-040e055995ef,"Tri-valley gas, United States",Tri-valley gas,Laundromat,Laundry and showers ($5) open 24/7 Showers are clean. Didn't use the laundry but there's several machines so I'm sure they'd have the ability to do a few loss. Next to an rv site on the side of the hwy.,44.388,-114.3416,0.0,2024-07-12 00:00:00 UTC,Yes,No,No,No,Yes,No,No,No,No,No,No,No,No,No,No,No,No,,No,No,No,No,No,No,No,No,No,No
0a99cc47-41a7-486d-bac7-3f0b8de954ac,"Laundromat in Lima New York, United States",Laundromat in Lima New York,Laundromat,"Nice coin operated laundromat. Clean, restroom, wifi.",34.852,-105.4543,0.0,2024-07-12 00:00:00 UTC,Yes,No,No,No,Yes,No,No,No,No,No,No,No,No,No,No,No,No,,No,No,No,No,No,No,No,No,No,No
ad5adab6-c56f-4aed-bd3c-e000a0094b7d,"Wasilla Wash Day, United States",Wasilla Wash Day,Laundromat,"Small laundry machines $3.50. Showers cost $5.5 for 20 minutes (no sharing according to the signs) plenty of washing machines and dryers. Large machines cost $11, small $3.50",37.1227,-118.9867,0.0,2024-07-12 00:00:00 UTC,Yes,No,No,No,Yes,No,No,No,No,No,No,No,No,No,No,No,No,,No,No,No,No,No,No,No,No,No,No
831b394b-5f7a-4e71-ad36-2ab9a58bc471,"Belmont Eco Laundry, United States",Belmont Eco Laundry,Laundromat,"Good laundromat. Double load for $4,25. Dryer 6 minutes for $0,25. Washing detergent available for $1.

Free wifi.",32.3253,-99.4552,0.0,2024-07-12 00:00:00 UTC,Yes,No,No,No,Yes,No,No,No,No,No,No,No,No,No,No,No,No,,No,No,No,No,No,No,No,No,No,No
a2fa38bf-a420-4315-90d6-d8fd37552360,"Buena Vista, United States",Buena Vista,Showers,"Bathrooms and free Wi-Fi as part of the ‘Buena Vista Community Center’. Hot showers, one in each gendered side of the restroom building by the playground. Quarters only, $1 for 2 minutes.

Buena Vista is a nice little town near many outdoor activities.",43.8041,-120.5542,0.0,2024-07-12 00:00:00 UTC,Yes,No,No,No,Yes,No,Yes,No,No,No,No,No,No,No,No,No,No,,No,No,No,No,No,No,No,No,No,No
30fb4443-67d8-4eb7-835d-1d51867fd437,"Showers at Skagway Rec Center, United States",Showers at Skagway Rec Center,Showers,"Clean showers. $10 adults, $3 Seniors 65+ includes towel.",39.3333,-111.0783,0.0,2024-07-12 00:00:00 UTC,Yes,No,No,No,Yes,No,No,No,No,No,No,No,No,No,No,No,No,,No,No,No,No,No,No,No,No,No,No
c1872fd5-532e-4ca6-ab00-aac553524620,"Butler beach, United States",Butler beach,Showers,"DAY USE ONLY.
NO Dump Station, just WATER and BEACH SHOWER",39.5747,-105.7513,0.0,2024-07-12 00:00:00 UTC,Yes,No,No,No,Yes,No,Yes,No,No,No,No,No,No,No,No,No,No,,No,No,No,No,No,No,No,No,No,No
7429d126-68cd-45b3-a1c9-865761900294,"Coast Guard Pier, United States",Coast Guard Pier,Showers,"Open and working! Súper accesible, really. Just come and park (25c / each 10 minutes, just like in town - using park mobile I had to pay $1.90 hour starting price, maybe try machine perhaps cheaper e.g. 25c). Simple toilet with one WC and one shower. Can control temp - water is hot! 50c each 3 minutes. Just a simple curtain separating from the restroom. All good, clean enough and easy to use.

Coin operated - quarters only. 50c for 3 minutes. 75c for 4 1/2 mins. $1 for 6 minutes.

Posted hours: Open 6am - 7pm (Closed overnight)",34.0858,-111.0475,0.0,2024-07-12 00:00:00 UTC,Yes,No,No,No,Yes,No,Yes,No,No,No,No,No,No,No,No,No,No,,No,No,No,No,No,No,No,No,No,No
168417fa-0716-4f91-ba6d-761a9bb96082,"Washington City Community Center, United States",Washington City Community Center,Showers,"Recreation Centre with an Indoor swimming pool and showers. $1 per person to just use the showers! Closed Sundays. Call to check the hours since they’re different in winter vs summer. Open approximately 3-8 M-F and Sat 11-6. It’s now $5.00 for a day pass.

Hours as of 5/27/26

5:00am to 10:00pm Mon. - Thurs.
5:00am to 9:00pm Friday 6 00am to 8:00pm Saturday",47.8003,-120.6785,0.0,2024-07-12 00:00:00 UTC,Yes,No,No,No,Yes,No,Yes,No,No,No,No,No,No,No,No,No,No,,No,No,No,No,No,No,No,No,No,No
46cd6125-a5c8-4b8f-b2a1-8e6517241304,"Grand Canyon Camping service, United States",Grand Canyon Camping service,Showers,"*Closed during periods of water shortage.

Has drinking water, dump station, showers (2.50$ for 5min.), laundry. Wifi, but ATM is not working.

Showers are controlled by quarter machines. There's a coin machine inside. 10 quarters per session. Do not turn off the shower to soap up or the machine will end your shower session.",27.7263,-81.4388,0.0,2024-07-12 00:00:00 UTC,Yes,No,No,No,Yes,No,Yes,No,No,No,No,No,No,No,No,No,No,,No,No,No,No,No,No,No,No,No,No
bacc16f2-1e2e-49cd-bbb7-d69879737517,"Bozeman Swim Center, United States",Bozeman Swim Center,Showers,"$2 for a shower.
Currently open Monday to Friday.
5:30-7a and noon-1p, also some evening hours from 4:35-8:40 pm.
Closed weekends.

20 min limit, but not enforced. Communal showers and change room. Water is warm to cool.",43.1497,-107.1979,0.0,2024-07-12 00:00:00 UTC,Yes,No,No,No,Yes,No,Yes,No,No,No,No,No,No,No,No,No,No,,No,No,No,No,No,No,No,No,No,No
e4787cd2-98f6-4189-bdbf-358df833d89d,"Hot Token Showers in Bryce, United States",Hot Token Showers in Bryce,Showers,"Moderator Note: Seasonal Closures.

8 minute, hot, clean showers for $3 on the side of the general store inside a (heated bathroom). Really chill early & late day, open 8am to 8pm, laundry available as well. Tourists around and parking is tough mid-day. These require entry to the park. Nice sunrise / amphitheater view nearby!",46.9658,-110.2548,0.0,2024-07-12 00:00:00 UTC,Yes,No,No,No,Yes,No,Yes,No,No,No,No,No,No,No,No,No,No,,No,No,No,No,No,No,No,No,No,No
dcb35da3-c6ec-41ba-a278-de088b05d9f0,"Showers Florence Laundry, United States",Showers Florence Laundry,Showers,"Showers in the laundry (near the thrift store, on 37th street), 4 dollars for 8 minutes, great !!! And you can wash your clothings in the same time !

Showers looked clean although I did not take one. I thought the laundry was reasonable anywhere from $3.75 to 6 $ depending on the machine that you use. They also have wifi!",38.901,-116.2962,0.0,2024-07-12 00:00:00 UTC,Yes,No,No,No,Yes,No,Yes,No,No,No,No,No,No,No,No,No,No,,No,No,No,No,No,No,No,No,No,No
48251183-d5f5-45f1-adf7-e4b3645c4ace,"Seward, United States",Seward,Showers,Hot showers for only $2 for 7 minutes. There is a token machine outside that will accept $1 or $5 bills only (no change given). Water is HOT with great water pressure. Fairly clean.,44.1789,-114.6034,0.0,2024-07-12 00:00:00 UTC,Yes,No,No,No,Yes,No,Yes,No,No,No,No,No,No,No,No,No,No,,No,No,No,No,No,No,No,No,No,No
fa494c9b-4158-490e-86d5-5b57dc664a02,"Skagway Harbour Master, United States",Skagway Harbour Master,Showers,Clean public showers at the boat harbor in Skagway. 25 cents for 1.5 minutes. Open 24/7. Very good. Also 2 more showers at the rear.,34.6429,-105.7161,0.0,2024-07-12 00:00:00 UTC,Yes,No,No,No,Yes,No,Yes,No,No,No,No,No,No,No,No,No,No,,No,No,No,No,No,No,No,No,No,No
2899f8d7-9b04-447c-9543-7bc57b56c621,"Salmon Harbor Marina, United States",Salmon Harbor Marina,Showers,"Public Showers and Restrooms. Showers $1 for first four minutes then .25 for each additional minute. Open to the public, you do not have to be staying at the campground. Showers open 0815- 1530.
There are dish washing sinks on the back outside wall of each restroom. Only the furthest one has showers. There are also trash and recycling bins in the marina.",36.9136,-119.2485,0.0,2024-07-12 00:00:00 UTC,Yes,No,No,No,Yes,No,Yes,No,No,No,No,No,No,No,No,No,No,,No,No,No,No,No,No,No,No,No,No
187fdf0d-a4e5-4128-aea6-463fb1bdd703,"Sisters, United States",Sisters,Showers,"Clean and hot showers in Sisters.
1$ in Quarters per 2 minutes. (both showers)

Showers 7AM-6PM. Takes quarters. No change machine. Bathrooms also present.",32.1162,-99.717,0.0,2024-07-12 00:00:00 UTC,Yes,No,No,No,Yes,No,Yes,No,No,No,No,No,No,No,No,No,No,,No,No,No,No,No,No,No,No,No,No
3c3e3776-8dfa-4eea-aae8-9a91830fb787,"B&C Laundry & Showers, United States",B&C Laundry & Showers,Showers,"Laundry, showers and water fill up.
Showers $6.50USD/15min hot water.
Laundry (for a medium size washer) $5.50 USD
Open 7am -8:30pm daily.",43.964,-120.354,0.0,2024-07-12 00:00:00 UTC,Yes,No,No,No,Yes,No,Yes,No,No,No,No,No,No,No,No,No,No,,No,No,No,No,No,No,No,No,No,No
c54ff468-0578-4a0d-98d2-053fb712ed40,"Hot Springs State Park Bath House, United States",Hot Springs State Park Bath House,Showers,"Free bathhouse with showers. You can use it for 20 minutes. open daily. communal showers. the website says the park has an entry fee but there's nowhere to pay, just lots of donation points.",39.4932,-110.8781,0.0,2024-07-12 00:00:00 UTC,Yes,No,No,No,Yes,No,Yes,No,No,No,No,No,No,No,No,No,No,,No,No,No,No,No,No,No,No,No,No
662829f5-f4ac-4ecf-920b-e6a6198b820f,"Vitus/Trapper Creek Trading Post, United States",Vitus/Trapper Creek Trading Post,Showers,"Public showers. Nice, heated, spotless private bathrooms, 4 USD/10min running hot water. Quarters only (they will make change for you).
Also, gas here is cheaper than in Cantwell.",39.7346,-105.5511,0.0,2024-07-12 00:00:00 UTC,Yes,No,No,No,Yes,No,Yes,No,No,No,No,No,No,No,No,No,No,,No,No,No,No,No,No,No,No,No,No
f07009b3-3724-4b73-a673-b02834ed7a77,"Naabia Niign / Northway Jct, United States",Naabia Niign / Northway Jct,Showers,"3 USD showers @ Naabia Niign / Northway Jct . Depending on which shower you get, you might not even have a time limit. This might be your cheapest shower in Alaska. Hot, clean showers 3 USD (for 15 mins).",34.2457,-110.8473,0.0,2024-07-12 00:00:00 UTC,Yes,No,No,No,Yes,No,Yes,No,No,No,No,No,No,No,No,No,No,,No,No,No,No,No,No,No,No,No,No
9bc19d40-16fc-4fd8-a328-a354c1bcacc1,"Public Bath Sunset Empire Seaside, United States",Public Bath Sunset Empire Seaside,Showers,"Public Bath with Gym and Hot Tub. Day fee is 9,- for non residents, you can uns the facilities the whole day. They offer shower for 2,- but only Mon-Fri 5:45-8am and 6-7pm, Sat 3-5pm, Sun 12-2pm (extra 1$ for towel)",47.9602,-120.4783,0.0,2024-07-12 00:00:00 UTC,Yes,No,No,No,Yes,No,Yes,No,No,No,No,No,No,No,No,No,No,,No,No,No,No,No,No,No,No,No,No
735552f1-c2ee-4589-b3dc-4eea619ebe22,"Boathouse, United States",Boathouse,Showers,"MODERATOR NOTE: This Place has conflicting reports about whether it is open or closed.

Good hot showers at boathouse. Get tokens at office boathouse upstairs. GO TO NEW HARBOR!

12 minutes costs $4 dollar. @ boathouse",27.8862,-81.2386,0.0,2024-07-12 00:00:00 UTC,Yes,No,No,No,Yes,No,Yes,No,No,No,No,No,No,No,No,No,No,,No,No,No,No,No,No,No,No,No,No
cabf176c-6618-4bc1-982f-b4ca4175a8c8,"Swift Current Motor Inn, United States",Swift Current Motor Inn,Showers,"MODERATOR NOTE: Seasonal closures reported.

Showers available for $4+tax for an 8 min shower. Pay inside the Swiftcurrent Motor Inn Gift Shop.
The shop closes at 9 pm, so buy tokens beforehand if you want to take a shower later.

There's also self-serve soft-serve Blackberry ice cream for $3.50. Probably the best deal in the park as it's a big cup and you can really pile it in there!",43.3096,-106.9977,0.0,2024-07-12 00:00:00 UTC,Yes,No,No,No,Yes,No,Yes,No,No,No,No,No,No,No,No,No,No,,No,No,No,No,No,No,No,No,No,No
42216176-72c5-4029-867f-0397ada40e48,"Sturgis Community Center, United States",Sturgis Community Center,Showers,"Swimming pool, showers, hot tub, sauna. $5; $4 for seniors. phone: 605-347-6513 https://sturgisareachamber.com/membership/profile/sturgis-community-center",47.1257,-110.0546,0.0,2024-07-12 00:00:00 UTC,Yes,No,No,No,Yes,No,Yes,No,No,No,No,No,No,No,No,No,No,,No,No,No,No,No,No,No,No,No,No
0e659442-724b-4e4f-8ec8-d253738ad58b,"Signal Mountain Campground, United States",Signal Mountain Campground,Showers,$5 public showers for 7 mins. Hot and cold water. Tokens only. Tokens can be changed for cash or credit in laundry next door.,39.0609,-116.096,0.0,2024-07-12 00:00:00 UTC,Yes,No,No,No,Yes,No,Yes,No,No,No,No,No,No,No,No,No,No,,No,No,No,No,No,No,No,No,No,No
1ab9256c-abe5-431a-bfd8-7ae5505d7405,"Canyon Street Laundromat, United States",Canyon Street Laundromat,Showers,"MODERATOR NOTE: Seasonal closures reported.

Laundromat, showers, water. parking nearby, wifi from Weston next to it and plug-ins for charging stuff like macbooks, phone etc.",44.3388,-114.4032,0.0,2024-07-12 00:00:00 UTC,Yes,No,No,No,Yes,No,Yes,No,No,No,No,No,No,No,No,No,No,,No,No,No,No,No,No,No,No,No,No
ddfe0899-c7ed-4f3a-97d6-47b1d0927b0d,"Leadbetter Beach, United States",Leadbetter Beach,Showers,For free... Here you can shower (free) and take the toilettes. Easy. After you pay $3.50 dollars to park for 1 hour or $22/per day. Not private.,34.8028,-105.5159,0.0,2024-07-12 00:00:00 UTC,Yes,No,No,No,Yes,No,Yes,No,No,No,No,No,No,No,No,No,No,,No,No,No,No,No,No,No,No,No,No
c071c741-c201-4571-87c8-7560594cfd14,"Lake Padden Park, United States",Lake Padden Park,Showers,Nice park with picnic tables and a lake. Inside the bathroom house there are free warm showers. Main bathrooms and showers are separated but shower room does have the toilet stall and urinary on the men's side. Community shower heads like the one in college/high school.,37.0735,-119.0483,0.0,2024-07-12 00:00:00 UTC,Yes,No,No,No,Yes,No,Yes,No,No,No,No,No,No,No,No,No,No,,No,No,No,No,No,No,No,No,No,No
2a4d7133-b9fe-47e3-ae9a-5841c8dfa19c,"YMCA Community Centre, United States",YMCA Community Centre,Showers,"Place where you can get a shower. (This was not the case when I visited on 11/15/23. ) Just ask, subscribe and go!
Subsequent visits require a $ 15 day pass",32.2761,-99.5168,0.0,2024-07-12 00:00:00 UTC,Yes,No,No,No,Yes,No,Yes,No,No,No,No,No,No,No,No,No,No,,No,No,No,No,No,No,No,No,No,No
f01d7db9-6412-4e05-b2cf-79525d7eb096,"Armijo Pool, United States",Armijo Pool,Showers,Public aquatics center with warm showers. $3 USD,44.1239,-120.1538,0.0,2024-07-12 00:00:00 UTC,Yes,No,No,No,Yes,No,Yes,No,No,No,No,No,No,No,No,No,No,,No,No,No,No,No,No,No,No,No,No
ce91c72f-f8c5-4b1c-afac-1dac1324628f,"Hot showers at YMCA Ocean Springs, United States",Hot showers at YMCA Ocean Springs,Showers,"The friendly folks at this YMCA let me take a great hot shower. It's free if it's your first visit to this YMCA. If it isn't it's 8 USD.
Nice pool, too.
Free wifi available.",39.6531,-110.6779,0.0,2024-07-12 00:00:00 UTC,Yes,No,No,No,Yes,No,Yes,No,No,No,No,No,No,No,No,No,No,,No,No,No,No,No,No,No,No,No,No
056296ce-6c99-444e-9498-99331cb684ee,"Tacoma Center YMCA, United States",Tacoma Center YMCA,Showers,"Place to take free hot showers, you only need an official id. “Monday-Friday: 10-11am, 8-9pm. Saturday: 10-11am, 6-7pm. Sunday: 10-11am.”
Not the cleanest but nice showers.

https://www.ymcapkc.org/tacoma-center-ymca/programs/community-showers/",39.8945,-105.3509,0.0,2024-07-12 00:00:00 UTC,Yes,No,No,No,Yes,No,No,No,No,No,No,No,No,No,No,No,No,,No,No,No,No,No,No,No,No,No,No
c02465db-996a-4bf2-81c3-72a0a072ec6a,"Willow Draw Campground, United States",Willow Draw Campground,Showers,This park is super cool to visit and is only $4 per person. This also includes access to their showers and bathrooms for free!,34.4056,-110.6471,0.0,2024-07-12 00:00:00 UTC,Yes,No,No,No,Yes,No,Yes,No,No,No,No,No,No,No,No,No,No,,No,No,No,No,No,No,No,No,No,No
8e5d1a47-6ca1-47ab-b6b3-87d76f58ad16,"U-haul, Las Cruces NM, United States","U-haul, Las Cruces NM",Propane,Have propane refill facility but the system was broken… no service.,47.7511,-120.7401,0.0,2024-07-12 00:00:00 UTC,Yes,No,No,No,Yes,No,No,No,No,No,No,No,No,No,No,No,No,,No,No,No,No,No,No,No,No,No,No
27be2847-0a83-46c9-9789-cc7f61839b87,"Neales Propane, United States",Neales Propane,Propane,You must be able to remove your tanks at this place. They sell it based on weight!,27.6771,-81.5004,0.0,2024-07-12 00:00:00 UTC,Yes,No,No,No,Yes,No,No,No,No,No,No,No,No,No,No,No,No,,No,No,No,No,No,No,No,No,No,No
7c3cdc51-f9fd-4900-b480-04b1c85096d4,"High Country Gas And Supply Inc, United States",High Country Gas And Supply Inc,Propane,"Grand Junction, Colorado: refilled our 3 kg French ""camping gaz"" bottle. Also welding supplier so will be able to build a propane connection if necessary. Address: 1039 Pitkin avenue",43.1005,-107.2595,0.0,2024-07-12 00:00:00 UTC,Yes,No,No,No,Yes,No,No,No,No,No,No,No,No,No,No,No,No,,No,No,No,No,No,No,No,No,No,No
e81e41ad-118d-4714-9120-a4fe6f10cf89,"Capps Home Building Center, United States",Capps Home Building Center,Propane,"Nice hardware, lumber yard that sell propane",46.9166,-110.3164,0.0,2024-07-12 00:00:00 UTC,Yes,No,No,No,Yes,No,No,No,No,No,No,No,No,No,No,No,No,,No,No,No,No,No,No,No,No,No,No
c588112b-fb48-49be-a87f-ed74c2179496,"Barnett's Propane, United States",Barnett's Propane,Propane,Easy access from I-10. Cheap.,38.8518,-116.3578,0.0,2024-07-12 00:00:00 UTC,Yes,No,No,No,Yes,No,No,No,No,No,No,No,No,No,No,No,No,,No,No,No,No,No,No,No,No,No,No
e551f9de-db19-4e91-a416-ee5b00c96128,"Shell gas station, United States",Shell gas station,Propane,"Crazy gas prices but convenient propane fill up for RV's

Also a west indian food place inside the gas station.",44.1297,-114.665,0.0,2024-07-12 00:00:00 UTC,Yes,No,No,No,Yes,No,No,No,No,No,No,No,No,No,No,No,No,,No,No,No,No,No,No,No,No,No,No
d71aec4f-7599-4ada-bd81-ba39c8b57aa1,"Speedway, United States",Speedway,Propane,Propane fill behind the station. Prepay inside. Currently $3.30 per gallon,34.5937,-105.7777,0.0,2024-07-12 00:00:00 UTC,Yes,No,No,No,Yes,No,No,No,No,No,No,No,No,No,No,No,No,,No,No,No,No,No,No,No,No,No,No
80340ed0-8e82-40a7-9142-ee43d6da9112,"Action Shop Services, United States",Action Shop Services,Propane,"Propane refill for RV. Great staff and service. $2,60 per gallon.",36.8644,-119.3101,0.0,2024-07-12 00:00:00 UTC,Yes,No,No,No,Yes,No,No,No,No,No,No,No,No,No,No,No,No,,No,No,No,No,No,No,No,No,No,No
dabc95c3-089c-4c6a-8861-d7bdff835416,"Superstition FEEDPET, United States",Superstition FEEDPET,Propane,"Behind Wells Fargo Bank, 666 N Idaho Rd, Apache Junction, AZ 85119
1.99$ gal. Easy to access.

place Deleted - fill commercial only",32.067,-99.7786,0.0,2024-07-12 00:00:00 UTC,Yes,No,No,No,Yes,No,No,No,No,No,No,No,No,No,No,No,No,,No,No,No,No,No,No,No,No,No,No
71d42db4-f66a-4606-84c5-2a38459349e0,"Cortez Gaz Company, United States",Cortez Gaz Company,Propane,"413 East Third, Truth or Consequences NM",43.9148,-120.4156,0.0,2024-07-12 00:00:00 UTC,Yes,No,No,No,Yes,No,No,No,No,No,No,No,No,No,No,No,No,,No,No,No,No,No,No,No,No,No,No
738e1c05-91e6-4155-9760-4e8c2b9e57d9,"Arco Propane, United States",Arco Propane,Propane,"Easy in/out
free Fresh water to, near to propane.",39.444,-110.9397,0.0,2024-07-12 00:00:00 UTC,Yes,No,No,No,Yes,No,No,No,No,No,No,No,No,No,No,No,No,,No,No,No,No,No,No,No,No,No,No
c02a4bd3-7dc6-4a59-9c66-cd319635a060,"Love's Travel Shop, United States",Love's Travel Shop,Propane,"Place to fill any kind of propane tank.
3.49 USD/Gal",39.6854,-105.6127,0.0,2024-07-12 00:00:00 UTC,Yes,No,No,No,Yes,No,No,No,No,No,No,No,No,No,No,No,No,,No,No,No,No,No,No,No,No,No,No
5b051841-0675-40e4-9843-bbc141260d11,"Haines Garage, United States",Haines Garage,Propane,"Refill of propane tanks : 9$ + tx for 20 lbs or 4,50$ + tx for 10 lbs. Can fill RV tank too",34.1965,-110.9089,0.0,2024-07-12 00:00:00 UTC,Yes,No,No,No,Yes,No,No,No,No,No,No,No,No,No,No,No,No,,No,No,No,No,No,No,No,No,No,No
3adeb643-19a4-4174-9a8e-c4edb97d927d,"Holbrook (also refill ARG bottle), United States",Holbrook (also refill ARG bottle),Propane,We refill our argentinian bottle. Laundry. Diesel.,47.911,-120.5399,0.0,2024-07-12 00:00:00 UTC,Yes,No,No,No,Yes,No,No,No,No,No,No,No,No,No,No,No,No,,No,No,No,No,No,No,No,No,No,No
813fb030-ac6b-4bf3-af91-db62830a22db,"Gas station 76, United States",Gas station 76,Propane,Cheap diesel and propane available. Ideal before crossing the border to Baja California.,27.837,-81.3002,0.0,2024-07-12 00:00:00 UTC,Yes,No,No,No,Yes,No,No,No,No,No,No,No,No,No,No,No,No,,No,No,No,No,No,No,No,No,No,No
9ac8ea4e-9032-412e-9d6b-d4d2075a483a,"u-haul, United States",u-haul,Propane,ouvert 7 jours sur 7. Paiement à la pompe.,43.2604,-107.0593,0.0,2024-07-12 00:00:00 UTC,Yes,No,No,No,Yes,No,No,No,No,No,No,No,No,No,No,No,No,,No,No,No,No,No,No,No,No,No,No
084d9d10-58dc-4d29-96fe-0d33f6861426,"Propane supply, United States",Propane supply,Propane,"This place was described in the iOverlander entry ""Enchanted trails RV park and trading post"".",47.0765,-110.1162,0.0,2024-07-12 00:00:00 UTC,Yes,No,No,No,Yes,No,No,No,No,No,No,No,No,No,No,No,No,,No,No,No,No,No,No,No,No,No,No
a25f0810-ba1b-4db2-a654-8a40242d3ae0,"Tractor Supply, United States",Tractor Supply,Propane,Very friendly place to get your rv propane tank filled! They even fill VW Westfalia's tank,39.0117,-116.1576,0.0,2024-07-12 00:00:00 UTC,Yes,No,No,No,Yes,No,No,No,No,No,No,No,No,No,No,No,No,,No,No,No,No,No,No,No,No,No,No
b495f589-4db6-4ee1-8882-07ebb7af6eff,"Farm & City Feed and RV Supply, United States",Farm & City Feed and RV Supply,Propane,"Standard propane rates apply. $4.49/gallon Very friendly service. We filled a standard household USA BBQ bottle or built in propane attachments too. . Out tank was 7.5 gallons and there was another guy there filling up standard 5 gallon bottles. or the big built in bottles. $5 holding tank fee, but free water fill ups. nice people... support the locals",44.2896,-114.4648,0.0,2024-07-12 00:00:00 UTC,Yes,No,No,No,Yes,No,No,No,No,No,No,No,No,No,No,No,No,,No,No,No,No,No,No,No,No,No,No
2581b6f6-3612-4e2b-ad2b-5609c483cf2a,"Bicknell Howies gas station, United States",Bicknell Howies gas station,Propane,"Closest place from capitol reef NP
For Propane tank refill
Big Rig access",34.7536,-105.5775,0.0,2024-07-12 00:00:00 UTC,Yes,No,No,No,Yes,No,No,No,No,No,No,No,No,No,No,No,No,,No,No,No,No,No,No,No,No,No,No
c4bb4480-cc30-4da2-a147-6a0b5186fc8c,"Butte General Store & Marine / Gas Station, United States",Butte General Store & Marine / Gas Station,Propane,"We refilled our propane tank at USD 2.90 per gallon (Nov 26, 2017). This gas station is open on Sundays and will fill-up your motorhome's propane tank.

Our tank has an ACME valve connector (or also called QCC [Quick Closing Coupling] or OPD [Overfill Protection Device]). But I'm quite confident that they would be able to handle other valve connectors, such as POL (Prest-O-Lite).",37.0243,-119.1099,0.0,2024-07-12 00:00:00 UTC,Yes,No,No,No,Yes,No,No,No,No,No,No,No,No,No,No,No,No,,No,No,No,No,No,No,No,No,No,No
8edba93c-1d9e-4b52-a9ba-ed01b350638e,"Suburban propane, United States",Suburban propane,Propane,"Due to covid policy changes this location no longer provides propane to the walk in public. Propane only provided to account holders.

Awesome stop. Very glad with the service. Knowledgeable. I think they can handle quite a few different types of connections since all they did was handle propane.",32.2269,-99.5784,0.0,2024-07-12 00:00:00 UTC,Yes,No,No,No,Yes,No,No,No,No,No,No,No,No,No,No,No,No,,No,No,No,No,No,No,No,No,No,No
ad4261a3-d488-4172-b3f4-6887481cf45b,"U-Haul Supply, United States",U-Haul Supply,Propane,Open 7 days a week from 7 am to 7pm. Drive to the propane tank and ring the bell.,44.0747,-120.2154,0.0,2024-07-12 00:00:00 UTC,Yes,No,No,No,Yes,No,No,No,No,No,No,No,No,No,No,No,No,,No,No,No,No,No,No,No,No,No,No
a936f81c-48ba-4031-b95b-103abe035b62,"Chevron - 2232 Biddle Rd, Medford, OR, United States","Chevron - 2232 Biddle Rd, Medford, OR",Propane,Propane refill came as a recommendation from a RV dealership. The awesome staff totally knew how to fill up our Eurovan camper.,39.6039,-110.7395,0.0,2024-07-12 00:00:00 UTC,Yes,No,No,No,Yes,No,No,No,No,No,No,No,No,No,No,No,No,,No,No,No,No,No,No,No,No,No,No
b7fb0ec9-404d-4fba-bbba-fe93c12ecb68,"Fas Fuel Oracle and Prince Tucson., United States",Fas Fuel Oracle and Prince Tucson.,Propane,"Gas station at the Northwest corner of Prince and N Oracle. Propane is advertised as $1.89 per gallon, but this price is only if you get 10 gallons or more. Less than 10 gallons is $2.39 per gallon. Visited on 2/3/18.",39.8453,-105.4125,0.0,2024-07-12 00:00:00 UTC,Yes,No,No,No,Yes,No,No,No,No,No,No,No,No,No,No,No,No,,No,No,No,No,No,No,No,No,No,No
22df7a32-ad44-4859-b848-db3d3f94c12b,"Big Bend Station/Alon, United States",Big Bend Station/Alon,Propane,"Gas station and propane around back. Propane refills are only available between 1PM-3PM.

Available connections not known, but a VW vanagon with a 3 gallon propane tank was filled it with no problem. (tank is close to the horse stables).",34.3564,-110.7087,0.0,2024-07-12 00:00:00 UTC,Yes,No,No,No,Yes,No,No,No,No,No,No,No,No,No,No,No,No,,No,No,No,No,No,No,No,No,No,No
2b6c3a0e-3add-4e2a-a053-ede14b313a31,"Chevron, United States",Chevron,Propane,"Propane fill station. Nice people, convenient location.",48.0709,-120.3397,0.0,2024-07-12 00:00:00 UTC,Yes,No,No,No,Yes,No,No,No,No,No,No,No,No,No,No,No,No,,No,No,No,No,No,No,No,No,No,No
bfb33e58-e88d-48a9-9f7b-8152d8aac58f,"Cajun Propane, United States",Cajun Propane,Propane,Place to fill propane! 17$ for 20 pounds bottle,27.9969,-81.1,0.0,2024-07-12 00:00:00 UTC,Yes,No,No,No,Yes,No,No,No,No,No,No,No,No,No,No,No,No,,No,No,No,No,No,No,No,No,No,No
450313dc-219c-4aea-b359-d926273bcc2c,"Marina boat & RV, United States",Marina boat & RV,Propane,We managed to fill our Argentinean bottle without issues.,43.4203,-106.8591,0.0,2024-07-12 00:00:00 UTC,Yes,No,No,No,Yes,No,No,No,No,No,No,No,No,No,No,No,No,,No,No,No,No,No,No,No,No,No,No
5ec90659-7856-4ba7-b9ad-408554d35b22,"Hero Market, United States",Hero Market,Propane,"Propane Service, Fuel Gas Diesel, Food, Water,Store",47.2364,-109.916,0.0,2024-07-12 00:00:00 UTC,Yes,No,No,No,Yes,No,No,No,No,No,No,No,No,No,No,No,No,,No,No,No,No,No,No,No,No,No,No
9775b498-c4d7-427f-86bb-b2f32a11bd66,"Welcome Center, United States",Welcome Center,Sanitation Dump Station,"Dump station with water for rinsing.
First visit the welcome center for your maps, nice clean, restrooms, etc. Then fill your potable water on the right side when pulling out of the truck RV parking.
Lastly, before going onto the exit to the highway, there is a dump station with water for rinsing your tanks


Right location, but if you want to visit the welcome center (must see!!!) do it first since the dump station is just before exit. No potable water, but there's a hose to rinse.",38.8026,-116.4194,0.0,2024-07-12 00:00:00 UTC,Yes,No,No,No,Yes,No,No,No,No,No,No,No,No,No,No,No,No,,No,No,No,No,No,No,No,No,No,No
2ce56798-88b8-49b9-a08c-49c8a9173fb6,"Sinclair ProStop Gas Station, United States",Sinclair ProStop Gas Station,Sanitation Dump Station,"RV waste dump ($6), and regularity and premium gas. Diesel as well. Mini Mart with Food and supplies",44.0805,-114.7266,0.0,2024-07-12 00:00:00 UTC,Yes,No,No,No,Yes,No,No,No,No,No,No,No,No,No,No,No,No,,No,No,No,No,No,No,No,No,No,No
081d19d2-c99a-41f8-81d0-b599e40b34de,"Delta Petro Wash, United States",Delta Petro Wash,Sanitation Dump Station,"Fuel station with dump, water, laundry. Gas pumps include high flow for HDTs or other large diesels. Dump and potable water are in easy to get to station. They are free to use. There is a large car wash that will accept big rigs. Laundry has 4 washers and 4 dryers. Uses cards or coins. Propane fill up also on site.",34.5445,-105.8393,0.0,2024-07-12 00:00:00 UTC,Yes,No,No,No,Yes,No,No,No,No,No,No,No,No,No,No,No,No,,No,No,No,No,No,No,No,No,No,No
37fcefba-9464-4759-ab0e-bfb1f8f33b0c,"Dumpstation Homer, United States",Dumpstation Homer,Sanitation Dump Station,"Dump station $15 with potable water, picnic table and poop bags for dogs",36.8152,-119.3717,0.0,2024-07-12 00:00:00 UTC,Yes,No,No,No,Yes,No,No,No,No,No,No,No,No,No,No,No,No,,No,No,No,No,No,No,No,No,No,No
cfc85f12-503c-4bfa-99a0-7c654afb2889,"Speedway Express, United States",Speedway Express,Sanitation Dump Station,Gratis Entleerungsstation hinter der Tankstelle. Inkl. Wasser und Schlauch. Hat auch Abfall-Container nebenan.,32.0178,-99.8402,0.0,2024-07-12 00:00:00 UTC,Yes,No,No,No,Yes,No,No,No,No,No,No,No,No,No,No,No,No,,No,No,No,No,No,No,No,No,No,No
dbaf354b-2ff8-4d9d-a4ca-16fedc9f2c45,"5 Mile Campground Dump Station, United States",5 Mile Campground Dump Station,Sanitation Dump Station,"Dump Station, still currently free. Do not use the drinking water station to clean out your tanks.",43.8656,-120.4772,0.0,2024-07-12 00:00:00 UTC,Yes,No,No,No,Yes,No,No,No,No,No,No,No,No,No,No,No,No,,No,No,No,No,No,No,No,No,No,No
560c208c-8148-4fcd-988e-310a4f8cf800,"Upper Blue Sanitation District, United States",Upper Blue Sanitation District,Sanitation Dump Station,"RVs welcome. Dirt pad across from the plant (there was zero odor). Sits just east of the river with plenty of space for multiple vehicles, including a big rig or two. Fees for sanitation dump.

During the winter the potable water spigot is turned off, you have to hookup to a spigot on the side of the building next to the payment slot.

Open year-round",39.3948,-111.0013,0.0,2024-07-12 00:00:00 UTC,Yes,No,No,No,Yes,No,No,No,No,No,No,No,No,No,No,No,No,,No,No,No,No,No,No,No,No,No,No
d6e6d4be-54a3-4f75-b85f-fd0d72d295e4,"Lee Vining Gas Station, United States",Lee Vining Gas Station,Sanitation Dump Station,"Gas station, the most expensive prices in the country. But they have a sewer dump station. N. 34.947116 W 119.113206",39.6362,-105.6743,0.0,2024-07-12 00:00:00 UTC,Yes,No,No,No,Yes,No,No,No,No,No,No,No,No,No,No,No,No,,No,No,No,No,No,No,No,No,No,No
1bc92eb3-70c4-4622-b36b-d775110d0459,"Goblin Valley, United States",Goblin Valley,Sanitation Dump Station,Dumping Station with water read check it’s for prices.,34.1473,-110.9705,0.0,2024-07-12 00:00:00 UTC,Yes,No,No,No,Yes,No,No,No,No,No,No,No,No,No,No,No,No,,No,No,No,No,No,No,No,No,No,No
c28b60b6-377c-4bb9-93db-c6002c9c805b,"Colorado Welcome Centre, United States",Colorado Welcome Centre,Sanitation Dump Station,Free dump station and toilets & showers across the street from Colorado Welcome Center. There is no pressure tap water.,47.8618,-120.6015,0.0,2024-07-12 00:00:00 UTC,Yes,No,No,No,Yes,No,No,No,No,No,No,No,No,No,No,No,No,,No,No,No,No,No,No,No,No,No,No
d1b50781-e36b-4202-87db-4fefcd351bb2,"Harris Beach campground and rest area, United States",Harris Beach campground and rest area,Sanitation Dump Station,Only Day Use. Permit/fee area now. Not a rest area.,27.7878,-81.3618,0.0,2024-07-12 00:00:00 UTC,Yes,No,No,No,Yes,No,No,No,No,No,No,No,No,No,No,No,No,,No,No,No,No,No,No,No,No,No,No
5061022a-03a9-4842-b8de-51cd9d8c10a0,"Chevron Dump Station, United States",Chevron Dump Station,Sanitation Dump Station,"Is now 10$, open 24/7, non potable water available, free if you refill gasoline",43.2112,-107.1209,0.0,2024-07-12 00:00:00 UTC,Yes,No,No,No,Yes,No,No,No,No,No,No,No,No,No,No,No,No,,No,No,No,No,No,No,No,No,No,No
b11adfa0-25b7-44d5-9a1d-e40ad698fcb6,"Welcome Center Colorado, Fruita, United States","Welcome Center Colorado, Fruita",Sanitation Dump Station,"Exactly as described. Dump station with 2 bays and 4 spigot 2 of potable, 2 for cleaning. (Positioned a little too close together, tho.)

One potable spigot was not usable as threads had been stripped.

Some visitor left an unsanitary mess in the dump bay.

Very generous of Colorado to sponsor this service for travelers.",47.0273,-110.1778,0.0,2024-07-12 00:00:00 UTC,Yes,No,No,No,Yes,No,No,No,No,No,No,No,No,No,No,No,No,,No,No,No,No,No,No,No,No,No,No
002f2962-3197-4b21-af8e-7dd38830b077,"Lees Ferry, United States",Lees Ferry,Sanitation Dump Station,"Potable Water & Dump free even it says ""for campground users only"".
Seasonal closures.",38.9625,-116.2192,0.0,2024-07-12 00:00:00 UTC,Yes,No,No,No,Yes,No,No,No,No,No,No,No,No,No,No,No,No,,No,No,No,No,No,No,No,No,No,No
1b895b3e-dcf7-4785-9371-9a11383fb44b,"Veterans Memorial Park, United States",Veterans Memorial Park,Sanitation Dump Station,"Next to the campground, at the public restrooms, you can find a dump station and potable water.",44.2404,-114.5264,0.0,2024-07-12 00:00:00 UTC,Yes,No,No,No,Yes,No,No,No,No,No,No,No,No,No,No,No,No,,No,No,No,No,No,No,No,No,No,No
fc0bad20-bb6b-4600-836a-301370378b37,"Mississippi Welcome Center, United States",Mississippi Welcome Center,Sanitation Dump Station,Dump station located in rear. Also had designated pet area for walking. Potable water available.,34.7044,-105.6391,0.0,2024-07-12 00:00:00 UTC,Yes,No,No,No,Yes,No,No,No,No,No,No,No,No,No,No,No,No,,No,No,No,No,No,No,No,No,No,No
e6c0268e-bc47-4ed5-a1b7-e75c4e70c6c8,"State Trailer RV & Outdoor Supply, United States",State Trailer RV & Outdoor Supply,Sanitation Dump Station,"FREE dump in the back Mon-Sat 9-5:15
Propane $3.19/gallon Mon-Sat 9-5:15

RV superstore
No overnight stays

Closed Sundays",36.9751,-119.1715,0.0,2024-07-12 00:00:00 UTC,Yes,No,No,No,Yes,No,No,No,No,No,No,No,No,No,No,No,No,,No,No,No,No,No,No,No,No,No,No
7f829ffd-ec79-43cb-a9a4-e05995338bcd,"Texaco Hurricane, United States",Texaco Hurricane,Sanitation Dump Station,"Texaco gas station has dump facilities, with potable water. Looks to be free. Large space, suitable for big rigs. It’s next to the air pump.",32.1777,-99.64,0.0,2024-07-12 00:00:00 UTC,Yes,No,No,No,Yes,No,No,No,No,No,No,No,No,No,No,No,No,,No,No,No,No,No,No,No,No,No,No
919621a2-3fd4-41c1-8331-f2ef934cbdf4,"Hood River Dump Station, United States",Hood River Dump Station,Sanitation Dump Station,"Dump Station and potable water $10,- dump & fill fee.
Non-Potable water at the dump station, and potable water at a tap forward of the dump station.",44.0255,-120.277,0.0,2024-07-12 00:00:00 UTC,Yes,No,No,No,Yes,No,No,No,No,No,No,No,No,No,No,No,No,,No,No,No,No,No,No,No,No,No,No
afdc2cb7-5808-4b81-8741-486abd68ab1c,"Humbug Mountain State Park (Dump Station), United States",Humbug Mountain State Park (Dump Station),Sanitation Dump Station,"Dump Station and potable water. free.

It's also a campground next to it:
-22$ with electricity
-17$ without electricity
-2$ only shower

If you like hiking, next to it is the Humbug Mountain Trail. Very nice forest and nice view. 5km, 600m height difference.",39.5547,-110.8011,0.0,2024-07-12 00:00:00 UTC,Yes,No,No,No,Yes,No,No,No,No,No,No,No,No,No,No,No,No,,No,No,No,No,No,No,No,No,No,No
d86c5ec7-4fee-4fda-853c-2f5df234ac6a,"Blanding RV Park, United States",Blanding RV Park,Sanitation Dump Station,"Pay at 7-11 located at the Exxon station next door $10 to dump, $5 per 50 gallons of water.",39.7961,-105.4741,0.0,2024-07-12 00:00:00 UTC,Yes,No,No,No,Yes,No,No,No,No,No,No,No,No,No,No,No,No,,No,No,No,No,No,No,No,No,No,No
41ad07db-fd9b-4bf4-b4d6-8430885b63a3,"Maverick Fuel, United States",Maverick Fuel,Sanitation Dump Station,Clean and easy for a free dump and potable water (at pump 22); non-potable water at dump station. Located on south side of the gas station.,34.3072,-110.7703,0.0,2024-07-12 00:00:00 UTC,Yes,No,No,No,Yes,No,No,No,No,No,No,No,No,No,No,No,No,,No,No,No,No,No,No,No,No,No,No
73d64ab7-9131-4c79-ab50-208763b0b0b4,"Old Isabella Rd. Recreation Site, United States",Old Isabella Rd. Recreation Site,Sanitation Dump Station,"$20 sani dump located just outside the day use fee area. Accepts credit cards only. This is part of the SaniStarDump.com network. We didn't use it, but marking it here for others since it wasn't listed for some reason.",48.0217,-120.4013,0.0,2024-07-12 00:00:00 UTC,Yes,No,No,No,Yes,No,No,No,No,No,No,No,No,No,No,No,No,,No,No,No,No,No,No,No,No,No,No
75636933-1b65-4e1e-a2bf-90fb287792f5,"No Man's Land Regional Park, United States",No Man's Land Regional Park,Sanitation Dump Station,"Free dump station with potable water located in a county park.

Lift the metal lid. The yellow non-potable spigot is connected to the dump well and rinses it. There is no water to rinse your tank hoses. To the left of the dump is a blue spigot, (assuming potable) with very strong pressure.",27.9477,-81.1616,0.0,2024-07-12 00:00:00 UTC,Yes,No,No,No,Yes,No,No,No,No,No,No,No,No,No,No,No,No,,No,No,No,No,No,No,No,No,No,No
a0bf97f9-9ce2-443e-8555-228d0c99b0dd,"NP Dump and Water free, United States",NP Dump and Water free,Sanitation Dump Station,Dump and Water for free next to the campground,43.3711,-106.9207,0.0,2024-07-12 00:00:00 UTC,Yes,No,No,No,Yes,No,No,No,No,No,No,No,No,No,No,No,No,,No,No,No,No,No,No,No,No,No,No
3192384a-5817-4ba6-961e-fe5e51753b99,"Salt Wells (Close to Fallon / Sand Mountains), United States",Salt Wells (Close to Fallon / Sand Mountains),Sanitation Dump Station,Dumping station in the middle of the desert $15. The non-potable was out of order.,47.1872,-109.9776,0.0,2024-07-12 00:00:00 UTC,Yes,No,No,No,Yes,No,No,No,No,No,No,No,No,No,No,No,No,,No,No,No,No,No,No,No,No,No,No
6be9cee9-d392-4cf3-8cba-8c0e10674018,"Roseville Automall Chevron, United States",Roseville Automall Chevron,Sanitation Dump Station,"Water & dump, Is now $10.00 flat fee with or without fueling and fuel is more expensive than other stations.",39.1224,-116.019,0.0,2024-07-12 00:00:00 UTC,Yes,No,No,No,Yes,No,No,No,No,No,No,No,No,No,No,No,No,,No,No,No,No,No,No,No,No,No,No
3b4673c2-28a8-4642-ab67-4ecd4b80ef93,"Colter Bay Campground, United States",Colter Bay Campground,Sanitation Dump Station,"RV dump available for non-guests for $10, have to pay in the office first.

At the General Store (500m away from campground) there are also showers, laundry and free WiFi. Electricity at laundry and drinking water tap outside to fill water containers. $38 per night.",44.4003,-114.3262,0.0,2024-07-12 00:00:00 UTC,Yes,No,No,No,Yes,No,No,No,No,No,No,No,No,No,No,No,No,,No,No,No,No,No,No,No,No,No,No
242a4833-f3fa-48f1-b5fa-57532a286217,"Rest Area, United States",Rest Area,Sanitation Dump Station,"This is a rest area with bathrooms and a dump station. Also potable water to fill your tank up!
Water fountains and fill-up spout are taped off! Nov 2020",34.8643,-105.4389,0.0,2024-07-12 00:00:00 UTC,Yes,No,No,No,Yes,No,No,No,No,No,No,No,No,No,No,No,No,,No,No,No,No,No,No,No,No,No,No
06d07e43-c998-417b-a099-78d9f33179ae,"Death Valley Visitor Centre, United States",Death Valley Visitor Centre,Sanitation Dump Station,Dump station and free potable water to fill in front of the Death Valley visitor center.,37.135,-118.9713,0.0,2024-07-12 00:00:00 UTC,Yes,No,No,No,Yes,No,No,No,No,No,No,No,No,No,No,No,No,,No,No,No,No,No,No,No,No,No,No
c29f8404-5a85-43ab-8b54-c8f40d976890,"Hi Country Market & Hardware, United States",Hi Country Market & Hardware,Shopping,"This little market has groceries, prepared food, and even a well provisioned hardware section with fuses and basic RV and automotive parts.

This location is also a Chevron gas station and the owners run the attached bristecone motel and adjacent laundromat.",31.9686,-99.9018,0.0,2024-07-12 00:00:00 UTC,Yes,No,No,No,Yes,No,No,No,No,No,No,No,No,No,No,No,No,,No,No,No,No,No,No,No,No,No,No
c1fdc7b4-402b-4824-9a75-acb62e1829ef,"Lincoln Hardware, United States",Lincoln Hardware,Shopping,"Very complete hardware store!
We needed to do some work in our van and we found everything here.",43.8164,-120.5388,0.0,2024-07-12 00:00:00 UTC,Yes,No,No,No,Yes,No,No,No,No,No,No,No,No,No,No,No,No,,No,No,No,No,No,No,No,No,No,No
c1425d2f-5458-4b4d-acfb-1c045c8460f5,"Blue Ridge Overland Gear, United States",Blue Ridge Overland Gear,Shopping,"The Blue Ridge Overland Gear production facility and shop in Bedford, Virginia. Meet the BROG team, do a quick tour and check out our gear in real-time and see where all the action happens! We're in a brown metal building. When you get to the loop at the end of the driveway, just turn right and you'll see us. Parking is in front and in back of the brown metal building.

Store Hours: Monday to Friday (9 am - 5 pm)

www.BlueRidgeOverlandGear.com

We have free camping on-site and off-site overflow camping on Private Land available for anyone that has stopped into our store and received verbal permission to camp. If after store hours and you cannot get a hold of anyone here, Peaks of Otter Campground is 9miles to the NW of Bedford, VA just off of the Blue Ridge Parkway and costs $20/night.

While you're in town check out all that Bedford and the surrounding area has to offer - including restaurants, wineries, breweries, hiking, camping, and outdoor adventuring of all kinds. Setup base camp at the Peaks of Otter, do some day hiking on the Appalachian Trial or other local hikes, go deep into the Washington and Jefferson National Forests, and go exploring along the breathtaking Blue Ridge Parkway.",39.3456,-111.0629,0.0,2024-07-12 00:00:00 UTC,Yes,No,No,No,Yes,No,No,No,No,No,No,No,No,No,No,No,No,,No,No,No,No,No,No,No,No,No,No
3a3802ed-c2d1-4878-8f11-bf3bd400df98,"Market Basket, United States",Market Basket,Shopping,One of the best Grocery store chains in New England. Good food resupply if you are in the area. Cheap too.,39.587,-105.7359,0.0,2024-07-12 00:00:00 UTC,Yes,No,No,No,Yes,No,No,No,No,No,No,No,No,No,No,No,No,,No,No,No,No,No,No,No,No,No,No
e5175858-69b2-4477-af2c-4deeacf118c4,"Marathon French Supermarket, United States",Marathon French Supermarket,Shopping,Small with fast WiFi + unusual foreign products too.,34.0981,-111.0321,0.0,2024-07-12 00:00:00 UTC,Yes,No,No,No,Yes,No,No,No,No,No,No,No,No,No,No,No,No,,No,No,No,No,No,No,No,No,No,No
e8e45d3d-2ecb-435a-8b88-ad4921fb68ba,"Walasi-Yi, United States",Walasi-Yi,Shopping,"This is a store and rest location on the Appalachian Trail near where it crosses US29 at Neels Gap. It is at the approach of Blood Mountain. It will be the closest store in a wilderness area that has many unimproved campsites. Cellphone services is typically available due to the elevation.

The store has camping and hiking equipment, outdoor clothing, books, maps, snacks, prepared frozen foods, and other supplies.",47.8126,-120.6631,0.0,2024-07-12 00:00:00 UTC,Yes,No,No,No,Yes,No,No,No,No,No,No,No,No,No,No,No,No,,No,No,No,No,No,No,No,No,No,No
6b5627ae-8c0f-4c6f-b5d6-1946debea228,"Walmart Milwaukee, United States",Walmart Milwaukee,Shopping,"Walmart parking lot.
Ask to the customer service to check in.
To be sure to don’t have trouble, park on the left side of the parking lot (when you are facing the Walmart) with the trucks.
The Walmart is open 24/24 so you can have access to the restroom.",27.7386,-81.4234,0.0,2024-07-12 00:00:00 UTC,Yes,No,No,No,Yes,No,No,No,No,No,No,No,No,No,No,No,No,,No,No,No,No,No,No,No,No,No,No
bd23765f-34ab-4be2-84b5-eff8ceb40648,"Grocery, Whittier, Alaska, United States","Grocery, Whittier, Alaska",Shopping,"Medium size grocery, all the usual stuff for a small town. The building also houses the museum which is excellent ($5). There is also a hardware store near the ferry terminal, a hotel, and another grocery reported to be in the big high rise building (I didn’t check it out).",43.162,-107.1825,0.0,2024-07-12 00:00:00 UTC,Yes,No,No,No,Yes,No,No,No,No,No,No,No,No,No,No,No,No,,No,No,No,No,No,No,No,No,No,No
23c9d0e9-d310-4436-96a9-23e9ab413e81,"Bellville Meat Market, United States",Bellville Meat Market,Shopping,"Seriously the best Texas meat you can get. The place is an institution. Make the detour if cruising along I-10 for some local country hospitality and great food. Known widely for their Summer Sausage, but I can't get enough of the beef jerky. Also have hot briskett rolls and others available for lunch

Note: We do have a family connection here but you don't just get announced as one of H.E.B.s top 25 foods in the state if you ain't any good!",46.9781,-110.2394,0.0,2024-07-12 00:00:00 UTC,Yes,No,No,No,Yes,No,No,No,No,No,No,No,No,No,No,No,No,,No,No,No,No,No,No,No,No,No,No
c12c4be7-bf93-4ec7-b4bc-92053fa8a5ac,"Fresh donuts!!!, United States",Fresh donuts!!!,Shopping,"Awesome little bakery to take a break at. THE BEST donut you will ever have. The super nice baker told us she makes them throughout the day (we had warm ones). Can't remember exactly how much they were but definitely no more than $1.50/2 and they are large.

Price is 2$/ donut",38.9133,-116.2808,0.0,2024-07-12 00:00:00 UTC,Yes,No,No,No,Yes,No,No,No,No,No,No,No,No,No,No,No,No,,No,No,No,No,No,No,No,No,No,No
95c8d63c-b82a-4af8-bb82-cc761f18bb31,"Awesome Russian Shop, United States",Awesome Russian Shop,Shopping,"Russian Shop with european specialities. Awesome sausages, bread, groceries, vegetables, etc.",44.1912,-114.588,0.0,2024-07-12 00:00:00 UTC,Yes,No,No,No,Yes,No,No,No,No,No,No,No,No,No,No,No,No,,No,No,No,No,No,No,No,No,No,No
aec52649-c20f-4474-96f0-66a21a81ed5f,"Euro Foods and Deli, United States",Euro Foods and Deli,Shopping,"European Store, Good german-style bread, Fish, sausages and meat, chocolate

Schwaben: SPÄTZLE!!!",34.6552,-105.7007,0.0,2024-07-12 00:00:00 UTC,Yes,No,No,No,Yes,No,No,No,No,No,No,No,No,No,No,No,No,,No,No,No,No,No,No,No,No,No,No
b3ea3de0-6bf7-49d1-8653-98790fa794ca,"Mama's Garden Stand & Beef, United States",Mama's Garden Stand & Beef,Shopping,"Lots of different locally grown vegetables and fruit. Quite the variety! It was a great place to stock up for camping. Farm fresh eggs, too. Cash or check only. No cards.

Beef sales are only open on Friday 3-7pm & Saturdays 10am-2pm.

They have a sandbox and dumptruck-style toys for kids, if you need a break from driving.",36.9259,-119.2331,0.0,2024-07-12 00:00:00 UTC,Yes,No,No,No,Yes,No,No,No,No,No,No,No,No,No,No,No,No,,No,No,No,No,No,No,No,No,No,No
b170f9a8-e388-4338-86a5-1915b96378b8,"Battle Born Batteries/ Dragonfly Energy, United States",Battle Born Batteries/ Dragonfly Energy,Shopping,"Lithium batteries drop-in style for easy replacement of agm batteries. Made in Reno! The owners are very nice guys, great customer service.",32.1285,-99.7016,0.0,2024-07-12 00:00:00 UTC,Yes,No,No,No,Yes,No,No,No,No,No,No,No,No,No,No,No,No,,No,No,No,No,No,No,No,No,No,No
02a158d2-bba4-4665-8a31-950f47727c18,"MailStation, United States",MailStation,Shopping,"Amazingly helpful guy who can accept packages and hold them for you!

Great for last minute amazon orders before México.

Just email him first to set you up for an account and it’s something pathetically small like $1/package. Legend

http://www.missionhillsmailstation.com/",43.9763,-120.3386,0.0,2024-07-12 00:00:00 UTC,Yes,No,No,No,Yes,No,No,No,No,No,No,No,No,No,No,No,No,,No,No,No,No,No,No,No,No,No,No
9ad9388c-ad43-43d4-83da-46f483c34c0f,"the computer doctor, United States",the computer doctor,Shopping,"excellent and honest computer repairs in Del Rio, can call ahead and get the right parts ordered if necessary, process went very smoothly",39.5055,-110.8627,0.0,2024-07-12 00:00:00 UTC,Yes,No,No,No,Yes,No,No,No,No,No,No,No,No,No,No,No,No,,No,No,No,No,No,No,No,No,No,No
b5302c65-bafd-4c56-bfe2-2aa98ff7b62b,"Fields Station, United States",Fields Station,Shopping,"General store. food. pit toilets . gas, diesel and propane. RV pump out and water. ($19).",39.7469,-105.5357,0.0,2024-07-12 00:00:00 UTC,Yes,No,No,No,Yes,No,No,No,No,No,No,No,No,No,No,No,No,,No,No,No,No,No,No,No,No,No,No
b6c77a5e-24c0-4fe5-8255-eff3b1fbb3d7,"Don José Panaderia, United States",Don José Panaderia,Shopping,"Mexican bakery, it is worth visiting, a lot of different types of baked goods. Some limited groceries like sodas, onions, garlic.

Water jug fill station outside that's signed for 30c per gallon, not sure if it works.",34.258,-110.8319,0.0,2024-07-12 00:00:00 UTC,Yes,No,No,No,Yes,No,No,No,No,No,No,No,No,No,No,No,No,,No,No,No,No,No,No,No,No,No,No
35550a81-209f-4592-820a-01e23f2d331a,"Geraldo‘s meat market, United States",Geraldo‘s meat market,Shopping,Very nice people doing jugos naturales and sandwiches in best quality - I recommend.,47.9725,-120.4629,0.0,2024-07-12 00:00:00 UTC,Yes,No,No,No,Yes,No,No,No,No,No,No,No,No,No,No,No,No,,No,No,No,No,No,No,No,No,No,No
6e6162fd-a7a7-43b4-8a64-97ce5ac574f5,"Molokai Livestock CoOp, United States",Molokai Livestock CoOp,Shopping,Great place to get grass fed beef. Can also get venison.,27.8985,-81.2232,0.0,2024-07-12 00:00:00 UTC,Yes,No,No,No,Yes,No,No,No,No,No,No,No,No,No,No,No,No,,No,No,No,No,No,No,No,No,No,No
e3ac2cc4-a22b-45a5-a679-87b760175dc9,"Glazier's Market, United States",Glazier's Market,Shopping,grocery store - meat produce bakery deli - family owned,43.3219,-106.9823,0.0,2024-07-12 00:00:00 UTC,Yes,No,No,No,Yes,No,No,No,No,No,No,No,No,No,No,No,No,,No,No,No,No,No,No,No,No,No,No
b07c501d-c97f-4a2b-bcf8-90c1c6c7a7ca,"Clark’s Supermarket, United States",Clark’s Supermarket,Shopping,"Good supermarket, plenty of fresh produce. A reverse osmosis water filter is outside, 1 gallon 35 cents, 5 gallons US$1.75",47.138,-110.0392,0.0,2024-07-12 00:00:00 UTC,Yes,No,No,No,Yes,No,No,No,No,No,No,No,No,No,No,No,No,,No,No,No,No,No,No,No,No,No,No
fda0af2c-1a22-4f9e-9afe-c2d2dc64fb25,"Mormon Lake Country Store, United States",Mormon Lake Country Store,Shopping,"A few groceries, a few souvenirs, a little hardware, some camping supplies and some fishing tackle. Coffee and snacks too. There is a Lodge and restaurant that are seasonal. Close to The Arizona Trail.",39.0732,-116.0806,0.0,2024-07-12 00:00:00 UTC,Yes,No,No,No,Yes,No,No,No,No,No,No,No,No,No,No,No,No,,No,No,No,No,No,No,No,No,No,No
d9e477a8-6583-41e1-abb1-983ca5c4acd4,"District Bicycles, United States",District Bicycles,Shopping,"An awesome bicycle shop for all your cycling needs. Incredible off road / gravel bike supplies, shop. One stop for all your cycling needs.",44.3511,-114.3878,0.0,2024-07-12 00:00:00 UTC,Yes,No,No,No,Yes,No,No,No,No,No,No,No,No,No,No,No,No,,No,No,No,No,No,No,No,No,No,No
22cea4ab-9d71-43dc-a7ae-832889ba7f9c,"Terry’s Food & Drug, United States",Terry’s Food & Drug,Shopping,A rare place to buy groceries at decent price between the Mighty Fives.,34.8151,-105.5005,0.0,2024-07-12 00:00:00 UTC,Yes,No,No,No,Yes,No,No,No,No,No,No,No,No,No,No,No,No,,No,No,No,No,No,No,No,No,No,No
634d6741-bbec-4a0d-8895-4190aab5cca2,"office Max, United States",office Max,Shopping,Road map book made of paper! Took all morning to locate Great,37.0858,-119.0329,0.0,2024-07-12 00:00:00 UTC,Yes,No,No,No,Yes,No,No,No,No,No,No,No,No,No,No,No,No,,No,No,No,No,No,No,No,No,No,No
5442ebe1-809d-4b7d-97b0-9ce42882b707,"Bread alone, United States",Bread alone,Shopping,"If you want to eat/buy a REAL bread again, this is the place to go. Dark crispy bread, French baguette and much more. And excellent coffee too. We loved it",32.2884,-99.5014,0.0,2024-07-12 00:00:00 UTC,Yes,No,No,No,Yes,No,No,No,No,No,No,No,No,No,No,No,No,,No,No,No,No,No,No,No,No,No,No
74946dcc-9a56-441b-ad5e-540fab5622c7,"Mission Mountains Mercantile / Sinclair Fuel, United States",Mission Mountains Mercantile / Sinclair Fuel,Shopping,"I was recommended by a local. “best sandwiches” He wasn’t kidding - this place is like a mini Whole Foods with a Deli , outside seating , fuel and ATM. No WiFi. Verizon lame. ATT LTE 1 bar. no dogs allowed on front porch, but there is a picnic table to the left of the building - nice place to have lunch",44.1362,-120.1384,0.0,2024-07-12 00:00:00 UTC,Yes,No,No,No,Yes,No,No,No,No,No,No,No,No,No,No,No,No,,No,No,No,No,No,No,No,No,No,No
4e6215f2-24fe-4ce3-b7c6-0b373461f7de,"General Store, United States",General Store,Shopping,Here's the general store to get some souvenirs with a wall at the front to slap your sticker on it. Now turn around and head back south.,39.6654,-110.6625,0.0,2024-07-12 00:00:00 UTC,Yes,No,No,No,Yes,No,No,No,No,No,No,No,No,No,No,No,No,,No,No,No,No,No,No,No,No,No,No
bc924569-8967-43d6-ae08-a3f6081f9eba,"Haines Packing Co Wild Alaska Salmon, United States",Haines Packing Co Wild Alaska Salmon,Shopping,"With a shop selling all kind of local seafood, also in season fresh offers, open 10 am to 6 pm",39.9068,-105.3355,0.0,2024-07-12 00:00:00 UTC,Yes,No,No,No,Yes,No,No,No,No,No,No,No,No,No,No,No,No,,No,No,No,No,No,No,No,No,No,No
99fa3a3b-fd79-4638-be77-80585c6ca54e,"Wayne County Information Center, United States",Wayne County Information Center,Established Campground,Gives excellent information and very nice lady!,34.0489,-111.0937,0.0,2024-07-12 00:00:00 UTC,Yes,No,Yes,No,Yes,No,No,No,No,No,No,No,No,No,No,No,No,,No,No,No,No,No,No,No,No,No,No
335ddc79-c555-47e5-865b-f36b5ed6dd6d,"Library, United States",Library,Established Campground,great public library and only free WiFi in talkeetna.,47.7634,-120.7247,0.0,2024-07-12 00:00:00 UTC,Yes,No,No,No,Yes,No,No,No,No,No,No,No,No,No,No,No,No,,No,No,No,No,No,No,No,No,No,No
0afe9f78-f61a-4bd0-a68a-125f6d7be41b,"Seward Community Library Museum, United States",Seward Community Library Museum,Established Campground,"free wifi, medium to fast, but outside is less reliable.
no password. Printing facilities.",27.6894,-81.485,0.0,2024-07-12 00:00:00 UTC,Yes,No,Yes,No,Yes,No,No,No,No,No,No,No,No,No,No,No,No,,No,No,No,No,No,No,No,No,No,No
ccde55f6-78db-4b1e-b9d2-9eea84f97cd2,"Delta Junction Library, United States",Delta Junction Library,Established Campground,"fFee good wifi, but not secure. no password.

Behind the Library is a gravel place, there is no sign so we stayed overnight, quiet, pit toilets not far at a sports ground",43.1128,-107.2441,0.0,2024-07-12 00:00:00 UTC,Yes,No,Yes,No,Yes,No,No,No,No,No,No,No,No,No,No,No,No,,No,No,No,No,No,No,No,No,No,No
a8514e6e-b6c5-49cb-9bb4-18371a352ed2,"Eureka, United States",Eureka,Established Campground,"Library with strong Wifi, even outside the library . NO OVERNIGHTS",46.9289,-110.301,0.0,2024-07-12 00:00:00 UTC,Yes,No,Yes,No,Yes,No,No,No,No,No,No,No,No,No,No,No,No,,No,No,No,No,No,No,No,No,No,No
11a3761a-3550-4120-b03a-1b34853ab2d0,"Library South Tahoe, United States",Library South Tahoe,Established Campground,Library with the fastest free internet we ever had on this trip so far. You can use a computer for 1/2 hour for free. They can print (15 cents per Page) and you can scan documents.,38.8641,-116.3424,0.0,2024-07-12 00:00:00 UTC,Yes,No,Yes,No,Yes,No,No,No,No,No,No,No,No,No,No,No,No,,No,No,No,No,No,No,No,No,No,No
bde4b87e-e393-4896-83e4-6c178d43a110,"La Quinta Public Library, United States",La Quinta Public Library,Established Campground,"Free WiFi, desktop computer use. Copies 15¢. Big, new library, with covered parking (9ft or so and under).",44.142,-114.6496,0.0,2024-07-12 00:00:00 UTC,Yes,No,No,No,Yes,No,No,No,No,No,No,No,No,No,No,No,No,,No,No,No,No,No,No,No,No,No,No
984ef146-8684-4b76-aa77-7025e7d21eda,"free Wifi at Cannon Beach Visitor Center, United States",free Wifi at Cannon Beach Visitor Center,Established Campground,"free good wifi at Cannon Beach Visitor Center, parking for RV nearby",34.606,-105.7623,0.0,2024-07-12 00:00:00 UTC,Yes,No,No,No,Yes,No,No,No,No,No,No,No,No,No,No,No,No,,No,No,No,No,No,No,No,No,No,No
9b06164c-9265-4308-9795-509755bb5e11,"Free Wifi at visitor center, United States",Free Wifi at visitor center,Established Campground,Free Wifi at visitor center / restroom / nice view!! Wifi may only be available during open hours.,36.8767,-119.2947,0.0,2024-07-12 00:00:00 UTC,Yes,No,No,No,Yes,No,No,No,No,No,No,No,No,No,No,No,No,,No,No,No,No,No,No,No,No,No,No
a7f3961f-44a7-4a84-95f2-2bf4a496a968,"Bend Public Library WI-FI, United States",Bend Public Library WI-FI,Established Campground,"Excellent public library, fast free WiFi, restrooms... also very nice place for kids to play. Parking lot across the street for free and unlimited hours. Great! No Overnights",32.0793,-99.7632,0.0,2024-07-12 00:00:00 UTC,Yes,No,No,No,Yes,No,No,No,No,No,No,No,No,No,No,No,No,,No,No,No,No,No,No,No,No,No,No
0d89afb6-00ab-48f1-9707-9a576b65a64f,"Liabrary with free wifi, United States",Liabrary with free wifi,Established Campground,We needed to print (20c per piece) n scan which they did. Free wifi also had a book sale 3 for $1. Some Good finds,43.9271,-120.4002,0.0,2024-07-12 00:00:00 UTC,Yes,No,No,No,Yes,No,No,No,No,No,No,No,No,No,No,No,No,,No,No,No,No,No,No,No,No,No,No
6b5707d3-eb74-4e86-b57f-ff7bd8a58f9b,"Public Library - Wifi, United States",Public Library - Wifi,Established Campground,"Free and fast wifi at the public library. Also, they had a full table of free books when we were here.",39.4563,-110.9243,0.0,2024-07-12 00:00:00 UTC,Yes,No,Yes,No,Yes,No,No,No,No,No,No,No,No,No,No,No,No,,No,No,No,No,No,No,No,No,No,No
b1b6c1e2-6b9e-4f79-a6fa-4959dc7d1fd1,"Soldotna Library, United States",Soldotna Library,Established Campground,Great WiFi. Fireplace from Oct to May. Quiet place to relax. Very new.,39.6977,-105.5973,0.0,2024-07-12 00:00:00 UTC,Yes,No,Yes,No,Yes,No,No,No,No,No,No,No,No,No,No,No,No,,No,No,No,No,No,No,No,No,No,No
7fc02818-528c-4cdc-8627-9cb8ff7af1ac,"Tri Valley Library, fast wifi, United States","Tri Valley Library, fast wifi",Established Campground,"Fast wifi, nice staff, laptop-friendly. Opening times very limited over winter though so check them beforehand!",34.2088,-110.8935,0.0,2024-07-12 00:00:00 UTC,Yes,No,Yes,No,Yes,No,No,No,No,No,No,No,No,No,No,No,No,,No,No,No,No,No,No,No,No,No,No
0b94f0f3-8aac-4a56-881a-974b12d76b8a,"Colter Bay General Store, United States",Colter Bay General Store,Established Campground,"Water in front of the general store.
Left side from the store entrance, blue picture with a moose.
only bottle fillings not RV's.
Wi-Fi, no password needed, accessible at picnic tables in front of store and picnic tables at the side in the shade of the trees.",47.9233,-120.5245,0.0,2024-07-12 00:00:00 UTC,Yes,No,Yes,No,Yes,No,No,No,No,No,No,No,No,No,No,No,No,,No,No,No,No,No,No,No,No,No,No
835f9af3-f431-442e-a290-e97169e35c02,"Chair9 / Blue T lodge, United States",Chair9 / Blue T lodge,Established Campground,"Has wifi, but you will need the password. This is the only wifi I could find in Glacier area. Also has gluten free pizza!",27.8493,-81.2848,0.0,2024-07-12 00:00:00 UTC,Yes,No,No,No,Yes,No,No,No,No,No,No,No,No,No,No,No,No,,No,No,No,No,No,No,No,No,No,No
86ee2a4d-ac7c-4506-a8c7-b20bc3295759,"Hanksville Free Wifi, United States",Hanksville Free Wifi,Established Campground,Very good wifi at the Medical Clinic. No password required. Covered seating,43.2727,-107.0439,0.0,2024-07-12 00:00:00 UTC,Yes,No,Yes,No,Yes,No,No,No,No,No,No,No,No,No,No,No,No,,No,No,No,No,No,No,No,No,No,No
0cafa2ff-2ccd-4465-897e-2c9ffc09314a,"Broken Bow Library, United States",Broken Bow Library,Established Campground,Really nice and new library. Free and fast WiFi!,47.0888,-110.1008,0.0,2024-07-12 00:00:00 UTC,Yes,No,No,No,Yes,No,No,No,No,No,No,No,No,No,No,No,No,,No,No,No,No,No,No,No,No,No,No
6d70d936-161f-43a8-89d7-63d97d242acf,"Mono public Library WiFi, United States",Mono public Library WiFi,Established Campground,"There is WiFi available at this library 24/7, whether open or closed! You can park outside and still get WiFi, and across the street in the parking lot there are outlets to plug in for electricity!",39.024,-116.1422,0.0,2024-07-12 00:00:00 UTC,Yes,No,Yes,No,Yes,No,No,No,No,No,No,No,No,No,No,No,No,,No,No,No,No,No,No,No,No,No,No
27503150-969d-4cdc-97dd-79c8725663f0,"Marathon Library, United States",Marathon Library,Established Campground,"Cute, very tiny, library with free fast WiFi! Hours are 1-6 during week, closed on Sat-Sun.

But WiFi can be reached in parking lot when closed and is fast.

AND: we asked about overnighting at Peña Park, librarian said not anymore...but just park here! And the groundskeeper filled our water tank!",44.3019,-114.4494,0.0,2024-07-12 00:00:00 UTC,Yes,No,Yes,No,Yes,No,No,No,No,No,No,No,No,No,No,No,No,,No,No,No,No,No,No,No,No,No,No
4d25eb15-07cc-4c11-9a21-7f94089f6b02,"Carl’s Jr. Free WiFi, United States",Carl’s Jr. Free WiFi,Established Campground,"Carl’s Jr. has great free WiFi accessible from their parking lot! Solid signal and fast service, and no signs in parking lot limiting time or disallowing you to park here. Great, easy place to get WiFi!",34.7659,-105.5621,0.0,2024-07-12 00:00:00 UTC,Yes,No,No,No,Yes,No,No,No,No,No,No,No,No,No,No,No,No,,No,No,No,No,No,No,No,No,No,No
f3482af9-631a-426c-ba8f-a83ff426803f,"Fireplace and wifi, United States",Fireplace and wifi,Established Campground,"Chill little house with couches, tables, wifi and power outlets. can play some boardgames while you dump your SD cards or charge your stuff.",37.0366,-119.0945,0.0,2024-07-12 00:00:00 UTC,Yes,No,Yes,No,Yes,No,No,No,No,No,No,No,No,No,No,No,No,,No,No,No,No,No,No,No,No,No,No
35f2bf61-b69a-40b9-80fc-2f2bc3c1589b,"Borrego Springs Public Library, United States",Borrego Springs Public Library,Established Campground,"Borrego Springs Public Library has lots of parking, clean bathrooms and lightning fast Wifi (no password). They recently rebuilt it and it is beautiful. They’re open Tuesday to Saturday from 9:30 a.m. Wednesday and Thursday night they close at 8 p.m.",32.2392,-99.563,0.0,2024-07-12 00:00:00 UTC,Yes,No,Yes,No,Yes,No,No,No,No,No,No,No,No,No,No,No,No,,No,No,No,No,No,No,No,No,No,No
63b96360-a1f4-4bf5-9485-e18b643e7cbe,"Clarkdale Park WiFi and restrooms, United States",Clarkdale Park WiFi and restrooms,Established Campground,"This park is one block from laundromat, post office and restaurants. Park includes children’s play area, grassy shade, picnic tables, clean restrooms and free WiFi. Overnight parking is probably not possible due to city rules.",44.087,-120.2,0.0,2024-07-12 00:00:00 UTC,Yes,No,Yes,No,Yes,No,No,No,No,No,No,No,No,No,No,No,No,,No,No,No,No,No,No,No,No,No,No
fed826c1-d142-4c2c-9b4e-49c94acee72e,"Fast WiFi - Visitor Information Center, United States",Fast WiFi - Visitor Information Center,Established Campground,"Fast WiFi outside the Information Center. No plugs for your device though.
Get the password inside.",39.6162,-110.7241,0.0,2024-07-12 00:00:00 UTC,Yes,No,Yes,No,Yes,No,No,No,No,No,No,No,No,No,No,No,No,,No,No,No,No,No,No,No,No,No,No
b913a4b4-aa9f-4dcb-9fb6-908159ec8be6,"Library Bozeman, United States",Library Bozeman,Established Campground,"Amazing big library. Good WiFi, working area, clean restrooms. Open everyday from 10-8 Saturday 10/5",39.8576,-105.3971,0.0,2024-07-12 00:00:00 UTC,Yes,No,No,No,Yes,No,No,No,No,No,No,No,No,No,No,No,No,,No,No,No,No,No,No,No,No,No,No
39048f35-16db-4f7b-a638-44c9e664fcd8,"Free WiFi in Parking Lot of Lone Tree Arts Center, United States",Free WiFi in Parking Lot of Lone Tree Arts Center,Established Campground,"There’s a library next door with free WiFi too, though it wasn’t open when I needed to do a video conference. The north side parking at the Arts Center had great WiFi.",34.3687,-110.6933,0.0,2024-07-12 00:00:00 UTC,Yes,No,No,No,Yes,No,No,No,No,No,No,No,No,No,No,No,No,,No,No,No,No,No,No,No,No,No,No
f2d7a9cb-30b9-4fd0-ac8f-7d1312cf07a8,"Wifi - Ashford public, United States",Wifi - Ashford public,Established Campground,"We didn’t have network with AT&T, but there was free Wifi in town. And it worked !
These coordinates lead you to the fire station, but it might be stronger elsewhere.",48.0832,-120.3243,0.0,2024-07-12 00:00:00 UTC,Yes,No,No,No,Yes,No,No,No,No,No,No,No,No,No,No,No,No,,No,No,No,No,No,No,No,No,No,No
65c81674-6616-472f-b0e4-ef2f9088a6ad,"MacDonald's - Moab, United States",MacDonald's - Moab,Established Campground,If you need free Wifi you can park your motorhome in the parking lot and get a good signal. We used the service so we ate here. We can park our 26 feet rv without problems. Just in front of the entrance you can park your vehicle under the tree without disturbing the MacDonald parking.,28.0092,-81.0846,0.0,2024-07-12 00:00:00 UTC,Yes,No,Yes,No,Yes,No,No,No,No,No,No,No,No,No,No,No,No,,No,No,No,No,No,No,No,No,No,No
55a11a03-7a63-4f69-a168-97f9367a8e8e,"Library WiFi, United States",Library WiFi,Established Campground,FREE WiFi at the Public Library Skagway... Don't need password!,43.4326,-106.8437,0.0,2024-07-12 00:00:00 UTC,Yes,No,Yes,No,Yes,No,No,No,No,No,No,No,No,No,No,No,No,,No,No,No,No,No,No,No,No,No,No
ab1e3944-8b8b-4b0b-8b86-24fa81d6bc5f,"The Wayward Traveler's Inn, United States",The Wayward Traveler's Inn,Hotel,"The Wayward Traveler's Inn, Bed and Breakfast, Tea House, Writer's Retreat and General House of Awesomeness. Run by a writer and avid motorcyclist, we will give any great trekker up to two nights free accommodation. That's how important supporting the travel community is to us.",46.8797,-110.3626,0.0,2024-07-12 00:00:00 UTC,Yes,Yes,No,No,Yes,No,No,Yes,Yes,No,No,No,No,No,No,No,No,,No,No,No,No,No,No,No,No,No,No
ba0d6c96-9f15-457f-85a0-d7c52fdcde7b,"Super 8 Motel, Nephi, United States","Super 8 Motel, Nephi",Hotel,We got a huge room with two queen size beds. Everything was clean. Breakfast included and free WiFi.,38.8149,-116.404,0.0,2024-07-12 00:00:00 UTC,Yes,Yes,Yes,No,Yes,No,Yes,Yes,Yes,Yes,No,No,No,No,No,No,No,,No,No,No,No,No,No,No,No,No,No
1d428990-3b0b-48d1-9004-d237e91720ac,"Days Inn SeaWorld/Airport, United States",Days Inn SeaWorld/Airport,Hotel,Small but clean double room with free WiFi and breakfast for $57. About 800m to the train station.,44.0928,-114.7112,0.0,2024-07-12 00:00:00 UTC,Yes,Yes,Yes,No,Yes,No,Yes,Yes,Yes,No,No,No,No,No,No,No,No,,No,No,No,No,No,No,No,No,No,No
acd06bbf-ca4e-4089-988f-d29c83011031,"Motel 6, San Ysidro, United States","Motel 6, San Ysidro",Hotel,Nothing special but room was clean and cheap. Close to the border and there is a huge mall in walking distance. WiFi in the room costs $3 extra.,34.5568,-105.8239,0.0,2024-07-12 00:00:00 UTC,Yes,Yes,Yes,No,Yes,No,Yes,Yes,Yes,Yes,No,No,No,No,No,No,No,,No,No,No,No,No,No,No,No,No,No
aedade59-571a-44e2-b9ab-5122038aa7a1,"Red Rock Country Inn, United States",Red Rock Country Inn,Hotel,"Nondescript Motel in Kanab. In low season we were able to get a double room for 55.00. Apparently in high season (starting in May) the room would cost 130.!!
There are many RV resorts and campgrounds in this town but since last night the temperature was in the low single digits (C) we decided on hot showers and a heated room.",36.8275,-119.3563,0.0,2024-07-12 00:00:00 UTC,Yes,Yes,Yes,No,Yes,No,Yes,Yes,Yes,No,No,No,No,No,No,No,No,,No,No,No,No,No,No,No,No,No,No
5434ddb0-0664-4648-b3d1-bd224965efed,"Moorings at Carrabelle, United States",Moorings at Carrabelle,Hotel,Great accommodations at the marina. inexpensive and accepts pets.,32.0301,-99.8248,0.0,2024-07-12 00:00:00 UTC,Yes,Yes,Yes,No,Yes,No,Yes,Yes,Yes,Yes,No,Yes,No,No,No,No,No,,No,No,No,No,No,No,No,No,No,No
38d1da16-2bfa-4e91-a193-d4161580860a,"Americano Motel, United States",Americano Motel,Hotel,"If you should find yourself in Vaughn New Mexico and night is approaching, this clean but dated motel is acceptable, relatively inexpensive accomodations.
The pool is inoperable but the rooms are spacious with two double beds, hot shower , mini fridge and microwave. They have airconditioning and heat. Next door there is a 24 hour diner (and much more expensive motel)
We parked our motorcycle right outside our window. $55US + tax for two people",43.8779,-120.4618,0.0,2024-07-12 00:00:00 UTC,Yes,Yes,Yes,No,Yes,No,Yes,Yes,Yes,Yes,No,No,No,No,No,No,No,,No,No,No,No,No,No,No,No,No,No
f9c8e708-7a6b-4fcb-96eb-23eb1cd74475,"Shoshone-Bannock Hotel & Event Center, United States",Shoshone-Bannock Hotel & Event Center,Hotel,"Hotel, Casino, Bingo.

Great facility. Good food, very reasonable prices. All Staff extremely friendly & helpful. Clean as in New. Hotel 5 yrs old at time of writing.

Will stay here again.",39.4071,-110.9859,0.0,2024-07-12 00:00:00 UTC,Yes,Yes,Yes,No,Yes,Yes,Yes,Yes,Yes,Yes,No,Yes,No,No,No,No,No,,No,No,No,No,No,No,No,No,No,No
3507ed89-ad50-4529-b82f-5ae65183faf7,"Tha Station's Inn Motorcycle Resort, United States",Tha Station's Inn Motorcycle Resort,Hotel,"Just off the Blue Ridge Pky. Hotel, restaurant and small store. Live music on weekends. $75/night for solo traveler.

No wifi in rooms but, strong near restaurant. Covered parking.",39.6485,-105.6589,0.0,2024-07-12 00:00:00 UTC,Yes,Yes,Yes,No,Yes,Yes,Yes,Yes,Yes,Yes,No,No,No,No,No,No,No,,No,No,No,No,No,No,No,No,No,No
7d8502fa-dfb4-4e28-977f-069911256a3b,"Cedar Rest Motel, United States",Cedar Rest Motel,Hotel,"Great budget motel dor travellers and families! One of the cheapest in the area but strongly recommended! Great place to stay when you want to visit Bryce Canyon and around. Very clean, fresh, renewed. Very kind owners from Fiji. AC, great internet, microwave, TV and fridge. Close to the shops, laundry and gastronomic places. Safe big parking, even for RVs. Breakfast in the morning. 45$ for two people.",34.1596,-110.9551,0.0,2024-07-12 00:00:00 UTC,Yes,Yes,Yes,No,Yes,Yes,Yes,Yes,Yes,Yes,No,No,No,No,No,No,No,,No,No,No,No,No,No,No,No,No,No
db6df9c3-df88-4ddd-bd5f-a35b13630b65,"America's Best Value Inn, United States",America's Best Value Inn,Hotel,"Nice, clean rooms. Best price in town. We checked several hotels/ motels. the Motel 6 wanted to charge $130! This place was $99. Staff is very kind. They are pet friendly.",47.8741,-120.5861,0.0,2024-07-12 00:00:00 UTC,Yes,Yes,Yes,No,Yes,No,Yes,Yes,Yes,Yes,No,Yes,No,No,No,No,No,,No,No,No,No,No,No,No,No,No,No
b8adfa8c-a2f1-4df4-b986-c7f2f997a622,"MOTEL Majestic Rockies, United States",MOTEL Majestic Rockies,Hotel,"Great and not so expensive place to stay in the city. Motel with every convenience. Tv, sat, wi-fi inside, AC, parking, heating, big beds, bathroom, fridge and hot water. Very clean and comfortable. Near you have a gas station and Subway. The small room for two I called for pricing and was told $350.00 weekly.",27.8001,-81.3464,0.0,2024-07-12 00:00:00 UTC,Yes,Yes,Yes,No,Yes,No,Yes,Yes,Yes,No,No,No,No,No,No,No,No,,No,No,No,No,No,No,No,No,No,No
86adf4ae-3dce-46e8-8e53-2e3ebe2d4392,"Econolodge, Limon, United States","Econolodge, Limon",Hotel,very clean. great price. nice staff. right off the highway.,43.2235,-107.1055,0.0,2024-07-12 00:00:00 UTC,Yes,No,Yes,No,Yes,No,Yes,Yes,Yes,Yes,No,Yes,No,No,No,No,No,,No,No,No,No,No,No,No,No,No,No
b62029d4-4d2a-4356-a71c-22943deefa49,"McCarthy Lake, United States",McCarthy Lake,Hotel,"lakeside campgrounds within Manistee National Forest. Please follow all National Forest rules. High clearance 4x4 recommended, can become crowded on weekends. please don't burn pallets or wood with steel straps.",47.0396,-110.1624,0.0,2024-07-12 00:00:00 UTC,Yes,No,No,No,Yes,No,No,Yes,No,No,Yes,No,No,No,No,No,No,,No,No,No,No,No,No,No,No,No,No
ac7816f3-6171-4e25-a317-d2c4673c0ded,"Hilton Hotel, United States",Hilton Hotel,Hotel,"Super clean hotel, very comfortable beds, great water pressure in the shower. Pet friendly, they even gave my dog a treat bag with a toy and treats in it! Large campers (earth roamer etc.) would fit in the back of the hotel parking lot, but if you had a large rig with a trailer you might have to park someplace else.

Great location for doing the TWVT, or a stop on your way south to the KAT or Overland Expo East. Google maps had strange directions coming I-77 south, it wanted me to pass the exit and come back North? It's the Mineral Wells exit, you can see the sign from I-77.",38.9748,-116.2038,0.0,2024-07-12 00:00:00 UTC,Yes,Yes,Yes,No,Yes,No,Yes,Yes,Yes,Yes,No,Yes,No,No,No,No,No,,No,No,No,No,No,No,No,No,No,No
ac794d39-6405-461a-b19d-7a4fef9f99da,"1st Travel Inn, United States",1st Travel Inn,Hotel,pride in ownership in this older hotel. my room was spotless and updated. $52us for a single. nicest room I've ever had at this price.,44.2527,-114.511,0.0,2024-07-12 00:00:00 UTC,Yes,Yes,Yes,No,Yes,No,Yes,Yes,Yes,Yes,No,Yes,No,No,No,No,No,,No,No,No,No,No,No,No,No,No,No
95371116-e251-4d1c-843e-944c1c40e1d2,"Caesar‘s Palace Las Vegas, United States",Caesar‘s Palace Las Vegas,Hotel,"The very famous Caesar‘s Palace.

The reason why I put it on here is that they have really good valet parking. Safe and no hight restriction. Self parking is 14ft.

Other than that: enjoy, gamble hard, drink and visit Omnia nightclub.

By the way: Caesar didn’t live there. I asked.",34.7167,-105.6237,0.0,2024-07-12 00:00:00 UTC,Yes,No,Yes,No,Yes,Yes,Yes,Yes,Yes,Yes,No,Yes,No,No,No,No,No,,No,No,No,No,No,No,No,No,No,No
8db3376c-9cbe-4c9f-84e0-2e0745571856,"Travelodge, United States",Travelodge,Hotel,Great staff. Nice location in Yuba City Ca,36.9874,-119.1561,0.0,2024-07-12 00:00:00 UTC,Yes,Yes,Yes,No,Yes,Yes,Yes,Yes,Yes,Yes,No,Yes,No,No,No,No,No,,No,No,No,No,No,No,No,No,No,No
02e1e144-2cec-40bd-b48a-3e477417d81c,"Desert Hills Motel, United States",Desert Hills Motel,Hotel,"Big place with lots of parking no matter what size vehicles. Big rooms for about $50 a night, king size bed, air con, cable tv, fridge/freezer and hot water etc. bit of a luxyry compared to my experience in south america but good value and on historic route 66 too! wiifi is the phone number.",32.19,-99.6246,0.0,2024-07-12 00:00:00 UTC,Yes,No,Yes,No,Yes,No,Yes,Yes,Yes,Yes,No,No,No,No,No,No,No,,No,No,No,No,No,No,No,No,No,No
fbd7c23d-faf6-4539-950f-5278a46756b5,"The remerhotel, United States",The remerhotel,Hotel,Friendly clean reasonably priced close to gas and food,44.0378,-120.2616,0.0,2024-07-12 00:00:00 UTC,Yes,No,Yes,No,Yes,No,Yes,Yes,Yes,No,Yes,No,No,No,No,No,No,,No,No,No,No,No,No,No,No,No,No
e854ce0b-099b-496c-996b-ad1353ee6d18,"Manago Hotel, United States",Manago Hotel,Hotel,"A very basic accommodation. 45usd two beds with shared toilets (which are reasonably clean). Or 73usd with private toilet , all private rooms have small balconies facing ocean. Rooms only have fan and wifi is free. This place has over 100 year old restaurant on premises which serves delicious food (mains in range of 12-15usd), pancakes are huge fluffy size of a side plate worth trying. There is also a taco truck down the road, few fruit shops and supermarket 10 minutes of walking distance. We stayed here 3 nights on the way back from overland trip in usa. Having a rental car made it convenient as 20 minutes to kona where we dived and few snorkeling places within 10 minutes of drive. Volcano np is 2 hours drive towards hilo but it was closed due to hightened activity. Nice drive.",39.567,-110.7857,0.0,2024-07-12 00:00:00 UTC,Yes,Yes,Yes,No,Yes,Yes,Yes,Yes,Yes,No,No,No,No,No,No,No,No,,No,No,No,No,No,No,No,No,No,No
6f3dd4a9-0107-445a-9330-5570c8ceb021,"Great Plains Bunk House, United States",Great Plains Bunk House,Hotel,"Great place to stay right on the TransAmerica Trail, right before exiting Oklahoma. Owners are kind and accommodating. Rooms are themed and comfortable. $70 a night for a room. They also allow camping on their property. Has a park for kids to play.",39.8084,-105.4587,0.0,2024-07-12 00:00:00 UTC,Yes,Yes,No,No,Yes,No,Yes,Yes,Yes,No,Yes,Yes,No,No,No,No,No,,No,No,No,No,No,No,No,No,No,No
ecf758ae-9fe8-49a9-b30b-e25ce0719581,"Modern Hotel and Bar, United States",Modern Hotel and Bar,Hotel,"Updated retro motel in downtown Boise, ID.",34.3195,-110.7549,0.0,2024-07-12 00:00:00 UTC,Yes,Yes,Yes,No,Yes,Yes,Yes,Yes,Yes,No,No,No,No,No,No,No,No,,No,No,No,No,No,No,No,No,No,No
ef283ad3-3fa0-4af2-a12a-00e93ed84312,"Scottish Motel, United States",Scottish Motel,Hotel,"Nothing special, but we wanted to live the “motel experience” before leaving the country. 60$ + tax for a double room. We cried a little and they accepted just 60$. The room was clean.",48.034,-120.3859,0.0,2024-07-12 00:00:00 UTC,Yes,Yes,Yes,No,Yes,No,Yes,Yes,Yes,No,No,No,No,No,No,No,No,,No,No,No,No,No,No,No,No,No,No
f6109b33-fc05-4f0b-90cf-6af1a4dbc9b1,"Motel 6, United States",Motel 6,Hotel,"Very clean, modern and cheap motel, just off interstate highway.",27.96,-81.1462,0.0,2024-07-12 00:00:00 UTC,Yes,Yes,Yes,No,Yes,Yes,Yes,Yes,Yes,Yes,No,No,No,No,No,No,No,,No,No,No,No,No,No,No,No,No,No
aa4d63b9-1c2b-4ea4-932b-8cd5474a582f,"The flute shop, United States",The flute shop,Hotel,"Very friendly and nice couple having native souvenirs shop and a little motel. Room for 50 usd availible :)
Totally recommended!",43.3834,-106.9053,0.0,2024-07-12 00:00:00 UTC,Yes,Yes,Yes,No,Yes,No,Yes,Yes,Yes,Yes,No,Yes,No,No,No,No,No,,No,No,No,No,No,No,No,No,No,No
37e90a31-7d1f-47bf-a9cd-2dbed3dab0df,"Denio Junction, United States",Denio Junction,Hotel,"Small motel, cafe, fuel, bar, & RV park.",47.1995,-109.9622,0.0,2024-07-12 00:00:00 UTC,Yes,Yes,No,No,Yes,Yes,Yes,Yes,Yes,Yes,No,Yes,No,No,No,No,No,,No,No,No,No,No,No,No,No,No,No
d38a8d32-e373-4591-b144-8e4825a29806,"Gulfway Motel, United States",Gulfway Motel,Hotel,Small motel with clean rooms free wifi fridges and microwaves,39.1347,-116.0036,0.0,2024-07-12 00:00:00 UTC,Yes,Yes,Yes,No,Yes,No,Yes,Yes,Yes,No,No,No,No,No,No,No,No,,No,No,No,No,No,No,No,No,No,No
f120cde5-0aa8-4bb1-86f9-d83d810d8d9e,"Budget Inn, United States",Budget Inn,Hotel,"$43 including all taxes for a single, strong Wi-Fi, clean, friendly and well lit parking.",44.4126,-114.3108,0.0,2024-07-12 00:00:00 UTC,Yes,No,Yes,No,Yes,No,Yes,No,Yes,No,No,No,No,No,No,No,No,,No,No,No,No,No,No,No,No,No,No
bae545cf-7baf-4b7d-bd61-684ef7798825,"Antelope Lodge, United States",Antelope Lodge,Hotel,"Fairly basic cabins but each is self contained, with parking. Good hot shower, fast WiFi, TV, cooker. $80 a night but the weather was freezing and we were stuck so we were happy to pay.",34.8766,-105.4235,0.0,2024-07-12 00:00:00 UTC,Yes,Yes,Yes,No,Yes,No,No,No,No,No,No,No,No,No,No,No,No,,No,No,No,No,No,No,No,No,No,No
b0dd14cf-61f0-4cb5-9c21-015fb3ad8fb6,"Thurston's lobster, United States",Thurston's lobster,Restaurant,"Good place for a lobster sandwich (we preferred the grilled cheese over the roll), some drinks and wifi while looking over the harbor. This area is more off the beaten path and is nothing like bar harbor.",36.7783,-119.4179,0.0,2024-07-12 00:00:00 UTC,Yes,No,No,No,Yes,No,No,No,No,No,No,No,No,No,No,No,No,,No,No,No,No,No,No,No,No,No,No
296f9e6f-0268-4e51-93c8-c098fc1c9c85,"Backslope brewing, United States",Backslope brewing,Restaurant,"In a industry now over saturated in mediocrity this brewery stands out. Great beers at a cheap price $4, and very good food. (Try the ginger pork sand which with fries ($10). This place is very good and should be visited while you come and go from Glacier. Stands apart from most/all of the other Montana breweries we've been too!",31.9809,-99.8864,0.0,2024-07-12 00:00:00 UTC,Yes,No,No,No,Yes,No,No,No,No,No,No,No,No,No,No,No,No,,No,No,No,No,No,No,No,No,No,No
43066b6d-24f8-46db-b1cb-6eb0a4e70485,"Mandarin Gourmet, United States",Mandarin Gourmet,Restaurant,"Chinese restaurant.
All you can eat for 7,99$
Good price for value.",43.8287,-120.5234,0.0,2024-07-12 00:00:00 UTC,Yes,No,No,No,Yes,No,No,No,No,No,No,No,No,No,No,No,No,,No,No,No,No,No,No,No,No,No,No
2bbb3f37-6906-4d9d-bc06-1aebc3f89104,"Rusty Bike, United States",Rusty Bike,Restaurant,"Home cooked food. Local favorite.

Owner is an avid motorcylist with plenty of good advice on riding the Tail of the Dragon.",39.3579,-111.0475,0.0,2024-07-12 00:00:00 UTC,Yes,No,No,No,Yes,No,No,No,No,No,No,No,No,No,No,No,No,,No,No,No,No,No,No,No,No,No,No
6674dee5-e84a-46b1-ba03-3a8d2230b28b,"The Ohana Family Cafe, United States",The Ohana Family Cafe,Restaurant,"A must-stop. The best small-town America experience we've had to date... Excellent pulled pork, delicious BBQ sauce and a delightful variety of yummy pies. The staff and owners are lovely and made us feel extraordinarily welcome. On top of bottomless cups of coffee, there is reasonably fast wifi (no mobile service here). Highly recommend: Roel (from Holland): ""The best place I've eaten at in the US."" :) Lots of free wild camping options between here and the Very Large Array.",39.5993,-105.7205,0.0,2024-07-12 00:00:00 UTC,Yes,No,No,No,Yes,No,No,No,No,No,No,No,No,No,No,No,No,,No,No,No,No,No,No,No,No,No,No
41d5f174-7a2e-43eb-bef0-1db8ef861642,"Mazama Country Store, United States",Mazama Country Store,Restaurant,Country store with a deli and coffee house. Great bakery items.,34.1104,-111.0167,0.0,2024-07-12 00:00:00 UTC,Yes,No,No,No,Yes,No,No,No,No,No,No,No,No,No,No,No,No,,No,No,No,No,No,No,No,No,No,No
5712f30c-8172-4684-82ec-cfd9eabc6f14,"Astoria Pier 39, United States",Astoria Pier 39,Restaurant,"TOP!!!
Wonderful place on the water with a nice beer bar „rogue“ with great cheep food and a lovely cafe - „coffee girl“ - we stayed here overnight on the street - quiet - no problems
and we had many sea lions on the pier -
so nice to see them sooo close :)",47.8249,-120.6477,0.0,2024-07-12 00:00:00 UTC,Yes,No,No,No,Yes,No,No,No,No,No,No,No,No,No,No,No,No,,No,No,No,No,No,No,No,No,No,No
0a482ea3-c965-4216-bd4c-dddbd9d12046,"Wheat Montana bakery, United States",Wheat Montana bakery,Restaurant,"exit 274 on I 90. deli, coffee, etc. Your sweet tooth serviced here.",27.7509,-81.408,0.0,2024-07-12 00:00:00 UTC,Yes,No,No,No,Yes,No,No,No,No,No,No,No,No,No,No,No,No,,No,No,No,No,No,No,No,No,No,No
b222f9fc-6035-4d41-a61b-08cc686f0400,"Schat’s Bakery, United States",Schat’s Bakery,Restaurant,"Good bread :) lots of good food, fresh orange juice, ...",43.1743,-107.1671,0.0,2024-07-12 00:00:00 UTC,Yes,No,No,No,Yes,No,No,No,No,No,No,No,No,No,No,No,No,,No,No,No,No,No,No,No,No,No,No
3f02daea-0bab-4d56-914b-299c5750401f,"Bisbee breakfast club, United States",Bisbee breakfast club,Restaurant,Great place for American breakfast. Not a greasy spoon. Parking for big rigs,46.9904,-110.224,0.0,2024-07-12 00:00:00 UTC,Yes,No,No,No,Yes,No,No,No,No,No,No,No,No,No,No,No,No,,No,No,No,No,No,No,No,No,No,No
be182d5d-cf3b-4828-824a-b97917d7211b,"Alps Haus Cafe in Marleeville, United States",Alps Haus Cafe in Marleeville,Restaurant,GREAT place for a breakfast burrito or lunch! They have WiFi. Across the street is a public water bottle filling station. Very welcoming to a traveler.,38.9256,-116.2654,0.0,2024-07-12 00:00:00 UTC,Yes,No,No,No,Yes,No,No,No,No,No,No,No,No,No,No,No,No,,No,No,No,No,No,No,No,No,No,No
3665aa8c-a23e-4fab-b5f3-89f60a86146d,"Burrito Del Sol, United States",Burrito Del Sol,Restaurant,Really good Baja style tacos. Possibly best in Florida. Only street parking available. Dogs welcome for outside seating.,44.2035,-114.5726,0.0,2024-07-12 00:00:00 UTC,Yes,No,No,No,Yes,No,No,No,No,No,No,No,No,No,No,No,No,,No,No,No,No,No,No,No,No,No,No
71262639-9158-4ef7-a1bd-b8729fa9b134,"Joshua Tree - Crossroads Cafe, United States",Joshua Tree - Crossroads Cafe,Restaurant,"$5 beers and generous mimosas. Ruben excellent, can’t miss cappuccino! Pancakes YES!!",34.6675,-105.6853,0.0,2024-07-12 00:00:00 UTC,Yes,No,No,No,Yes,No,No,No,No,No,No,No,No,No,No,No,No,,No,No,No,No,No,No,No,No,No,No
48c11410-f33d-4520-ad8f-06555a9b4285,"Kiva Koffehouse & Kiva Kottage, United States",Kiva Koffehouse & Kiva Kottage,Restaurant,"Very nice coffee place with organic products, fresh coffee and a variety of drinks and food like breakfast or salads or gluten-free pasta... it’s up on a hill so the view is gorgeous and it is lovely outside for a warm day. We really enjoyed stopping here and we recommend it !

Open Wed-Sun 8-4pm",36.9382,-119.2177,0.0,2024-07-12 00:00:00 UTC,Yes,No,No,No,Yes,No,No,No,No,No,No,No,No,No,No,No,No,,No,No,No,No,No,No,No,No,No,No
4a2aba1a-5bfd-4c7f-a399-cddb2c328a8f,"Paradise bar and grill, United States",Paradise bar and grill,Restaurant,"best food we've had in weeks. open air bar and restaurant... decent prices, live music, nice bartenders, clean bathrooms. had a blackened mahi basket,(12.95) smuggled in our own booze and stayed in the parking lot right on the water. even a tiny dog park here too but no dogs in the bar. ""no dogs"" seems to be the Mantra for Pensacola beach sadly. enjoy!",32.1408,-99.6862,0.0,2024-07-12 00:00:00 UTC,Yes,No,No,No,Yes,No,No,No,No,No,No,No,No,No,No,No,No,,No,No,No,No,No,No,No,No,No,No
1b338dfb-462c-4dac-900a-737f316ecf22,"Ziggy's Roadside BBQ, United States",Ziggy's Roadside BBQ,Restaurant,"This is a simple place where you order at the counter then seat yourself, but they serve up the best BBQ we've ever had. I was worried when the meal came served on a foam plate with plastic utensils, but the the ribs, the brisket, and turkey were all so tender they fell apart with the lightest touch of the fork. The BBQ sauce had the perfect balance of tartness and. sweetness, and we ended up with a plate full of perfection. This place is a ""must stop if you like BBQ!",43.9886,-120.3232,0.0,2024-07-12 00:00:00 UTC,Yes,No,No,No,Yes,No,No,No,No,No,No,No,No,No,No,No,No,,No,No,No,No,No,No,No,No,No,No
bcc754b7-7726-46dc-8d66-13e0bc26f954,"Crawfishtown USA, United States",Crawfishtown USA,Restaurant,This place is a gem! Roadside crawfish with awesome service and RV park in the rear!,39.5178,-110.8473,0.0,2024-07-12 00:00:00 UTC,Yes,No,No,No,Yes,No,No,No,No,No,No,No,No,No,No,No,No,,No,No,No,No,No,No,No,No,No,No
df636822-07af-461b-8068-b9fc9b8cf0c3,"Steamies Burger Bar, United States",Steamies Burger Bar,Restaurant,"In the little touristy town of Telluride.

Burgers start at 5.95$/7.95$double and fries start at 3.95$

Burger was really food but the fries were pretty bad(being nice)",39.7592,-105.5203,0.0,2024-07-12 00:00:00 UTC,Yes,No,No,No,Yes,No,No,No,No,No,No,No,No,No,No,No,No,,No,No,No,No,No,No,No,No,No,No
ed6e2a22-2dbb-4ccb-bbd7-7e55e1f8232e,"Sunsets West Co-op Eatery, United States",Sunsets West Co-op Eatery,Restaurant,"Nice little food co-operative with organic coffee & home made food. A bistro in a small town (next to great haircuts), and down the road from the public library. WIFI",34.2703,-110.8165,0.0,2024-07-12 00:00:00 UTC,Yes,No,No,No,Yes,No,No,No,No,No,No,No,No,No,No,No,No,,No,No,No,No,No,No,No,No,No,No
48e6088a-c738-4b1f-b5a9-02a29803fbb2,"Foothills Cafe, United States",Foothills Cafe,Restaurant,"Great breakfast (and lunch?) spot outside of Yosemite. HUGE portions of tastey food, very reasonable prices.",47.9848,-120.4475,0.0,2024-07-12 00:00:00 UTC,Yes,No,No,No,Yes,No,No,No,No,No,No,No,No,No,No,No,No,,No,No,No,No,No,No,No,No,No,No
8ab03b0f-94a4-4803-a823-ea6ad969cb03,"Rogues Garden, Valdez, United States","Rogues Garden, Valdez",Restaurant,"Great cafe & shop with alternative health products, deli products, fresh fruit and vegetables and delicious coffee, cakes, breads, snacks etc, some veggie, vegan and gluten free.",27.9108,-81.2078,0.0,2024-07-12 00:00:00 UTC,Yes,No,No,No,Yes,No,No,No,No,No,No,No,No,No,No,No,No,,No,No,No,No,No,No,No,No,No,No
2807b417-5040-43f0-be9a-7ddfa57a36fe,"Chez Jacqueline, United States",Chez Jacqueline,Restaurant,"Very nice family. Cajun restaurant. 18$ per plate. Great place.

Closed on Tuesdays",43.3342,-106.9669,0.0,2024-07-12 00:00:00 UTC,Yes,No,No,No,Yes,No,No,No,No,No,No,No,No,No,No,No,No,,No,No,No,No,No,No,No,No,No,No
dd65bd46-58b4-4415-9a4a-cd5009e5d837,"Creekside Cafe & Lodging, United States",Creekside Cafe & Lodging,Restaurant,"I can’t comment on the Lodging as I didn’t stay, but the cafe is great and the baked goods exemplary. Everything is baked on the premises and the Cinnamon buns are to die for!
Cinnamon bun (Texas size) & hot chocolate $9.50",47.1503,-110.0238,0.0,2024-07-12 00:00:00 UTC,Yes,No,No,No,Yes,No,No,No,No,No,No,No,No,No,No,No,No,,No,No,No,No,No,No,No,No,No,No
2354f53e-6ae3-47ed-904e-3defdae51990,"Burr Trail Outpost, United States",Burr Trail Outpost,Restaurant,"Cool place! Water, free WiFi, good food, a place to sit and hang out in the shade (or in the warmth in winter when it's - 6C and snow outside! ). What else do you need?",39.0855,-116.0652,0.0,2024-07-12 00:00:00 UTC,Yes,No,No,No,Yes,No,No,No,No,No,No,No,No,No,No,No,No,,No,No,No,No,No,No,No,No,No,No
9a1fbbeb-d69e-4516-9758-2e2583dbc6cc,"Stan's, United States",Stan's,Restaurant,Best burgers and fries with special sauce. Shakes are their forte. Don't ask me how they make them like this. You just have to see it yourself! An oasis in a barren land.,44.3634,-114.3724,0.0,2024-07-12 00:00:00 UTC,Yes,No,No,No,Yes,No,No,No,No,No,No,No,No,No,No,No,No,,No,No,No,No,No,No,No,No,No,No
264e1710-6413-4eca-a602-3733003bdc9f,"North Fork Beer Shrine & Pizzeria, United States",North Fork Beer Shrine & Pizzeria,Restaurant,"Brewery & Food. Wi-Fi. Good local beer, cider, wine & tasty pizza. They have Gluten free pizza, as well. There are other menu offerings, too, including salads and grinders/sandwiches. In the entry hall there are great free maps of the area.",34.8274,-105.4851,0.0,2024-07-12 00:00:00 UTC,Yes,No,No,No,Yes,No,No,No,No,No,No,No,No,No,No,No,No,,No,No,No,No,No,No,No,No,No,No
e11d490c-b878-47d7-a06e-7fbe9df94157,"Coffee Pot, Home of the 101 Omelettes, United States","Coffee Pot, Home of the 101 Omelettes",Restaurant,"Nice and cheap place for a breakfast! They have 101 different Omelettes ;), Pancakes, and much more! Great for a special breakfast time when you have enough from oatmeal every morning ;)",37.0981,-119.0175,0.0,2024-07-12 00:00:00 UTC,Yes,No,No,No,Yes,No,No,No,No,No,No,No,No,No,No,No,No,,No,No,No,No,No,No,No,No,No,No
e28b75a2-15f7-4961-bfde-af1c5588bc45,"Carniceria Terra Caliente, United States",Carniceria Terra Caliente,Restaurant,"Delicious Mexican food in Parker, AZ, also food and camping supplies such as charcoal",32.3007,-99.486,0.0,2024-07-12 00:00:00 UTC,Yes,No,No,No,Yes,No,No,No,No,No,No,No,No,No,No,No,No,,No,No,No,No,No,No,No,No,No,No
fc5fa7d3-f519-469c-9716-1fd1c8812e07,"Kanab Creek Bakery, United States",Kanab Creek Bakery,Restaurant,"French Bakery with original amazing french bread, sweets, breakfast and all the delicious foods!!!! Nice friendly stuff and french master chef :)
Best bakery we found in the states!!!",44.1485,-120.123,0.0,2024-07-12 00:00:00 UTC,Yes,No,No,No,Yes,No,No,No,No,No,No,No,No,No,No,No,No,,No,No,No,No,No,No,No,No,No,No
b15ef6f3-1441-41d6-8183-0f8b7f249b44,"Bruno's Country Club, United States",Bruno's Country Club,Restaurant,"Don't be fooled by the name, Bruno's is not your usual pretentious ""country club"". lt's a down home cafe & bar with great food.",39.6777,-110.6471,0.0,2024-07-12 00:00:00 UTC,Yes,No,No,No,Yes,No,No,No,No,No,No,No,No,No,No,No,No,,No,No,No,No,No,No,No,No,No,No
42cade1c-7fad-4f0f-b792-f7bb3ef6ac71,"The Living Room, United States",The Living Room,Established Campground,This is a the view point at the en of a great little hike near the U. Of Utah. Follow the trail to red butte peak and you'll see the trail cut off to this viewpoint.,39.5501,-105.7821,0.0,2024-07-12 00:00:00 UTC,Yes,No,No,No,Yes,No,No,No,No,No,No,No,No,No,No,No,No,,No,No,No,No,No,No,No,No,No,No
e4021351-5884-4c1e-a393-36ae7547b4f1,"Allegheny National Forest Ranger Station, United States",Allegheny National Forest Ranger Station,Established Campground,"Allegheny National Forest Ranger Station - info on camping

https://www.fs.usda.gov/detail/allegheny/about-forest/offices",34.0612,-111.0783,0.0,2024-07-12 00:00:00 UTC,Yes,No,No,No,Yes,No,No,No,No,No,No,No,No,No,No,No,No,,No,No,No,No,No,No,No,No,No,No
84ed17a8-2025-4155-8538-efb2c2bcafeb,"CamAmboyCrater, United States",CamAmboyCrater,Established Campground,"Nice space at the trail to the crater, tables, pit toilets, free.",47.7757,-120.7093,0.0,2024-07-12 00:00:00 UTC,Yes,No,No,No,Yes,No,No,No,No,No,No,No,No,No,No,No,No,,No,No,No,No,No,No,No,No,No,No
b974489b-f7a3-469a-ae21-67d8df61b4c1,"Escalante rest area, United States",Escalante rest area,Established Campground,"tables, bbqs, reasons, drinking water near a gas station and grocery store.
nice playground for kids",27.7017,-81.4696,0.0,2024-07-12 00:00:00 UTC,Yes,No,No,No,Yes,No,No,No,No,No,No,No,No,No,No,No,No,,No,No,No,No,No,No,No,No,No,No
2c91849f-16a9-4281-838e-8acb728b5ba8,"Children's park, United States",Children's park,Established Campground,"for those traveling with kids, this is a great place to stop and get out some energy on some great playground equipment and toys. close to the border, new park that was completely deserted :)",43.1251,-107.2287,0.0,2024-07-12 00:00:00 UTC,Yes,No,No,No,Yes,No,No,No,No,No,No,No,No,No,No,No,No,,No,No,No,No,No,No,No,No,No,No
cd04d4d4-2182-4e1a-beb8-8f079f0dcbde,"Bealtiful beach, United States",Bealtiful beach,Established Campground,"Only a day use, until 11 p.m.",46.9412,-110.2856,0.0,2024-07-12 00:00:00 UTC,Yes,No,No,No,Yes,No,No,No,No,No,No,No,No,No,No,No,No,,No,No,No,No,No,No,No,No,No,No
3bbb0f36-7cbb-4e10-8ddc-f2dd98428486,"Hobo Hot Springs (& Showers by Donation) Saratoga, United States",Hobo Hot Springs (& Showers by Donation) Saratoga,Established Campground,"Hot pools, free use, open 24 hours. The bath house is complete with showers and restroom facilities (although the restrooms have no doors, at least on the ladies' side).

No potable water, so bring your own.

Pools range from extremely hot (116°) to pretty cool (100°). Daily temps written on board at bath house. Swimsuits required.

http://saratogachamber.info/play-here/things-to-do/mineral-hot-springs/",38.8764,-116.327,0.0,2024-07-12 00:00:00 UTC,Yes,No,No,No,Yes,No,No,No,No,No,No,No,No,No,No,No,No,,No,No,No,No,No,No,No,No,No,No
23bcf652-1d90-4392-a260-8d208ee161c8,"Holtville Hot Springs (camping), United States",Holtville Hot Springs (camping),Established Campground,"This is a FREE hot springs with two or three pools and a shower. Frequented by area campers.
There is a parking lot with ""no overnight"" posted. But several areas nearby where overnight parking would not be noticed. Just check the dirt roads nearby and along the canal. There is also a campground across the street but we did not check details.
The hot spring parking area has pit toilets, concrete surrounding, shade, seating. Used all day and through the night. Bring flashlights at night.
This is alongside Hwy 8 at Vanderlinden Exit. This is accessible by all vehicles.",44.1543,-114.6342,0.0,2024-07-12 00:00:00 UTC,Yes,No,No,No,Yes,No,No,No,No,No,No,No,No,No,No,No,No,,No,No,No,No,No,No,No,No,No,No
03b2f6ea-b90c-4326-90fa-47fc24b8e00d,"Kelso Dunes, United States",Kelso Dunes,Established Campground,One of the oldest and most extensive dune fields in the West. Famous for their sound.,34.6183,-105.7469,0.0,2024-07-12 00:00:00 UTC,Yes,No,No,No,Yes,No,No,No,No,No,No,No,No,No,No,No,No,,No,No,No,No,No,No,No,No,No,No
d1718317-9bdb-4eea-a84a-72ef6078f146,"Montezuma Castle, United States",Montezuma Castle,Established Campground,Montezuma Castle National Monument,36.889,-119.2793,0.0,2024-07-12 00:00:00 UTC,Yes,No,No,No,Yes,No,No,No,No,No,No,No,No,No,No,No,No,,No,No,No,No,No,No,No,No,No,No
22ce9c60-54d0-441e-af5a-0f98fcbd544a,"Silver City Visitor Center, United States",Silver City Visitor Center,Established Campground,Moderator Note: Overnight parking/camping is NOT available at this location. Please read recent Check-Ins. Obey all signage. Respect the wishes of the locals.,32.0916,-99.7478,0.0,2024-07-12 00:00:00 UTC,Yes,No,No,No,Yes,No,No,No,No,No,No,No,No,No,No,No,No,,No,No,No,No,No,No,No,No,No,No
ceb502a4-03f8-49b8-9cb4-789fd38ef7a9,"Gila Cliff Dwellings National Monument, United States",Gila Cliff Dwellings National Monument,Established Campground,"Free. Open 9-4. Two hour travel time from Silver City plus exploring, leave Silver City before 1 at the latest or don’t bother. Plenty of camping opportunities on the way.

Amazing place to see how people built structures inside Cliff Dweller Canyon's natural cave.",43.9394,-120.3848,0.0,2024-07-12 00:00:00 UTC,Yes,No,No,No,Yes,No,No,No,No,No,No,No,No,No,No,No,No,,No,No,No,No,No,No,No,No,No,No
725d1f4f-1ac7-46cf-b2e0-863e9c653439,"Visitor Center White Sands National Monument, United States",Visitor Center White Sands National Monument,Established Campground,"Beautiful Adobe building. Has an excellent museum. Restrooms and drinking water, sales (t-shirts, books, staff medallians, patches, etc). Entrance to dunes is further up the road and it will blow your mind.",39.4686,-110.9089,0.0,2024-07-12 00:00:00 UTC,Yes,No,No,No,Yes,No,No,No,No,No,No,No,No,No,No,No,No,,No,No,No,No,No,No,No,No,No,No
48d0ecfd-5258-42cb-a418-521604767217,"Film Museum, United States",Film Museum,Established Campground,Museum of Western Film History of the Alabama Hills and Lone Pine. $5 entry fee,39.71,-105.5819,0.0,2024-07-12 00:00:00 UTC,Yes,No,No,No,Yes,No,No,No,No,No,No,No,No,No,No,No,No,,No,No,No,No,No,No,No,No,No,No
03d56477-44b7-4195-a060-bd7a5275ecc8,"Spider Rock, United States",Spider Rock,Established Campground,"Spider Rock lookout is 100m from here. Large parking for all size vehicle, small track to walk out and see the STUNNING vista, with the Spider Rock monument. We were here in winter, it was snowing and absolutely magical. The roads are kept clear to drive with ease.",34.2211,-110.8781,0.0,2024-07-12 00:00:00 UTC,Yes,No,No,No,Yes,No,No,No,No,No,No,No,No,No,No,No,No,,No,No,No,No,No,No,No,No,No,No
cc7e2176-e44e-455b-9d4f-1735b91c63df,"Tavertine Hot Springs, United States",Tavertine Hot Springs,Established Campground,"NO OVERNIGHT CAMPING! Day use only!

Free Hot Springs
One pool at the parking, 4 pools around 100m behind the toilet.",47.9356,-120.5091,0.0,2024-07-12 00:00:00 UTC,Yes,No,No,No,Yes,No,No,No,No,No,No,No,No,No,No,No,No,,No,No,No,No,No,No,No,No,No,No
216e719b-465c-4837-93e0-ac59caed3965,"Bodie Ghost Town, United States",Bodie Ghost Town,Established Campground,"Interesting ghost town from gold rush.
8$ pP
Opening hours:
Summer hours 9am-6pm (18.March - 31.October)
Winter hours 9am-4pm (1.November - 17.March)",27.8616,-81.2694,0.0,2024-07-12 00:00:00 UTC,Yes,No,No,No,Yes,No,No,No,No,No,No,No,No,No,No,No,No,,No,No,No,No,No,No,No,No,No,No
f51160c9-a8cd-424d-b712-445eaa89056e,"Astoria Colomn, United States",Astoria Colomn,Established Campground,Beautiful 360 degree view. You can drive up there (5 $ for parking) or park below and walk up the hill.,43.285,-107.0285,0.0,2024-07-12 00:00:00 UTC,Yes,No,No,No,Yes,No,No,No,No,No,No,No,No,No,No,No,No,,No,No,No,No,No,No,No,No,No,No
e549759a-ab9f-42e9-99f6-e9a475e159b6,"Mendocino Headlands State Park, United States",Mendocino Headlands State Park,Established Campground,"Open 5 am to 10 pm. Free. Restrooms, water and drinking water available. Beautiful drive.",47.1011,-110.0854,0.0,2024-07-12 00:00:00 UTC,Yes,No,No,No,Yes,No,No,No,No,No,No,No,No,No,No,No,No,,No,No,No,No,No,No,No,No,No,No
2689982b-027e-427e-8f0b-88eba940aa37,"Pahrump Valley Winery, United States",Pahrump Valley Winery,Established Campground,"Estate Winery. beautiful facilty. Free wine tasting - up to 7 wines.
Fine restaurant. reasonable prices on food & wines.

Tours available. Worth the drive from Vegas.",39.0363,-116.1268,0.0,2024-07-12 00:00:00 UTC,Yes,No,No,No,Yes,No,No,No,No,No,No,No,No,No,No,No,No,,No,No,No,No,No,No,No,No,No,No
c2f2ae75-36a6-495a-aeb5-d72d7c5ad4f1,"China Ranch, United States",China Ranch,Established Campground,"Old Ranch - Date Farm - Antiques.
Out of the way but well worth the trip.
Fantastic date shakes!

Road paved for part of the way, the dirt/gravel road.

Lots of parking space. 9-5 most days",44.3142,-114.434,0.0,2024-07-12 00:00:00 UTC,Yes,No,No,No,Yes,No,No,No,No,No,No,No,No,No,No,No,No,,No,No,No,No,No,No,No,No,No,No
8b70072a-fa7f-4197-bfe2-cd93f21c453f,"Montezuma hot springs, United States",Montezuma hot springs,Established Campground,"many smal pools whith verry hot water 38-50 Grad C . A cold river byside to cool down. All for free.
no overnight s tanding. Closed form midnight to 5:00 am.",34.7782,-105.5467,0.0,2024-07-12 00:00:00 UTC,Yes,No,No,No,Yes,No,No,No,No,No,No,No,No,No,No,No,No,,No,No,No,No,No,No,No,No,No,No
dd95fed0-9b8f-42c8-9e31-ba407a3a7c1b,"Thunderbird conservation park, United States",Thunderbird conservation park,Established Campground,Nice hiking trails. Also horseback riding trails. Great place to hang out and star gaze.,37.0489,-119.0791,0.0,2024-07-12 00:00:00 UTC,Yes,No,No,No,Yes,No,No,No,No,No,No,No,No,No,No,No,No,,No,No,No,No,No,No,No,No,No,No
9a284925-fc82-49dc-af83-f816d57e50d3,"Tail Of The Dragon/Deal's Gap, United States",Tail Of The Dragon/Deal's Gap,Established Campground,"Legendary motorcyle and sports car destination. More than 300 curves in 11-miles.

A bucket list road.",32.2515,-99.5476,0.0,2024-07-12 00:00:00 UTC,Yes,No,No,No,Yes,No,No,No,No,No,No,No,No,No,No,No,No,,No,No,No,No,No,No,No,No,No,No
c18dfdff-2fea-4c46-a726-9b1eaa645b75,"Lower Antelope Canyon, United States",Lower Antelope Canyon,Established Campground,"Start of trail in the Lower Antelope Canyon. 75 dollars per person but it is worth it. It really amazing.
$40 each plus $8 (cash) to Navajos. Very busy. May check out other slot canyons for free.

Edit 05/2024 : around 75 pp (55 + 8 entry fees + taxes). Good idea to book online in advance (two operators : Dixie and Ken)",44.0993,-120.1846,0.0,2024-07-12 00:00:00 UTC,Yes,No,No,No,Yes,No,No,No,No,No,No,No,No,No,No,No,No,,No,No,No,No,No,No,No,No,No,No
a386fdfd-cc29-44de-b635-505772b7e458,"4 Corners Park, United States",4 Corners Park,Established Campground,"Farthest Northeast city in the US. If you're doing a 4-corners tour of the US, this is the place.

Nice park with photo-op monument, dedicated pavers and a small gift shop where you can buy souveniers

Free admission.",39.6285,-110.7087,0.0,2024-07-12 00:00:00 UTC,Yes,No,No,No,Yes,No,No,No,No,No,No,No,No,No,No,No,No,,No,No,No,No,No,No,No,No,No,No
0afa21c7-0015-4255-a94b-17eeb884f66f,"Carlsbad Caverns - Visitor Center and Entrance, United States",Carlsbad Caverns - Visitor Center and Entrance,Established Campground,"This is the carlsbad caverns visitor center and the location where you enter the cave.
$15 usd (per person) to enter or by anual pass 80,00(one year) if are going to anothers national parks.

You can take an elevator down to the main cave, or you can do a hike through the natural entrance. The hike in and out takes you 750ft. up/down in about a mile, but it's a comfortable hike in the cool cave temperature.
beautiful caves, very developed with lights and trails, but amazing none the less!",39.8699,-105.3817,0.0,2024-07-12 00:00:00 UTC,Yes,No,No,No,Yes,No,No,No,No,No,No,No,No,No,No,No,No,,No,No,No,No,No,No,No,No,No,No
4a7eb0f1-09e5-4b33-b93d-dddba97d2af1,"Wave community recreation center, United States",Wave community recreation center,Established Campground,"Super nice community center. very nice private (curtain) clean showers, pool, gym, steam room, etc wifi w good lobby and lounge area. $5",34.381,-110.6779,0.0,2024-07-12 00:00:00 UTC,Yes,No,No,No,Yes,No,No,No,No,No,No,No,No,No,No,No,No,,No,No,No,No,No,No,No,No,No,No
eb340ad8-f2cf-4134-9a4d-8645e56036f3,"Vermillion Cliffs Historical Marker, United States",Vermillion Cliffs Historical Marker,Established Campground,"Good roadside pulloff area, 100m from highway. great views of the cliffs.",48.0955,-120.3089,0.0,2024-07-12 00:00:00 UTC,Yes,No,No,No,Yes,No,No,No,No,No,No,No,No,No,No,No,No,,No,No,No,No,No,No,No,No,No,No
182ebb9f-1d5f-454a-8035-3ef9516c7f39,"Skyline Drive easy walking trail, United States",Skyline Drive easy walking trail,Established Campground,"Limberlost trail. Easy walking in the beautiful Skyline Drive, VA.",28.0215,-81.0692,0.0,2024-07-12 00:00:00 UTC,Yes,No,No,No,Yes,No,No,No,No,No,No,No,No,No,No,No,No,,No,No,No,No,No,No,No,No,No,No
442ad318-1a19-44e9-8d75-a6862cdccae5,"San Isidro Currency Exchange, United States",San Isidro Currency Exchange,Established Campground,Money Exchange in McAllen. Perfect to get Mexican pesos before Crossing the border,43.0759,-107.2903,0.0,2024-07-12 00:00:00 UTC,Yes,No,No,No,Yes,No,No,No,No,No,No,No,No,No,No,No,No,,No,No,No,No,No,No,No,No,No,No
db6182c5-3f98-4796-bd04-7d1762f02c36,"IBC bank, United States",IBC bank,Established Campground,"IBC bank into the Walmart. if you are not a customer, you can use the ATM machine to get US cash and after that you go at the cashier to get Pesos.",46.892,-110.3472,0.0,2024-07-12 00:00:00 UTC,Yes,No,No,No,Yes,No,No,No,No,No,No,No,No,No,No,No,No,,No,No,No,No,No,No,No,No,No,No
2da13bcb-6997-43f9-b139-b1f82be262b6,"Glacier Bank, United States",Glacier Bank,Established Campground,Glacier bank of Libby. ATM's here and a big parking. 1 minute from Main Street.,38.8272,-116.3886,0.0,2024-07-12 00:00:00 UTC,Yes,No,No,No,Yes,No,No,No,No,No,No,No,No,No,No,No,No,,No,No,No,No,No,No,No,No,No,No
E7567ABF-3F06-47EA-BC09-48BBA3FA4BE5,"Honor credit union, United States",Honor credit union,Established Campground,This is a credit union and has an atm. There also is a drive thru there,44.1051,-114.6958,0.0,2024-07-12 00:00:00 UTC,Yes,No,No,No,Yes,No,No,No,No,No,No,No,No,No,No,No,No,,No,No,No,No,No,No,No,No,No,No
2c7362cd-49b4-4d7a-8d1c-139add28e6d7,"Cambio Express, United States",Cambio Express,Established Campground,"Currency exchange, right before border crossing",34.5691,-105.8085,0.0,2024-07-12 00:00:00 UTC,Yes,No,No,No,Yes,No,No,No,No,No,No,No,No,No,No,No,No,,No,No,No,No,No,No,No,No,No,No
b1b2e23b-26d1-49ab-8ec0-2ecfe9b3a779,"Memorial Hospital of Salem County NJ, United States",Memorial Hospital of Salem County NJ,Established Campground,A quality Hospital with Cooper doctors. free parking and friendly staff,36.7783,-119.4179,0.0,2024-07-12 00:00:00 UTC,Yes,No,No,No,Yes,No,No,No,No,No,No,No,No,No,No,No,No,,No,No,No,No,No,No,No,No,No,No
f457b30c-babf-4740-a3ae-c4b96712ab5c,"Danbury Hospital, United States",Danbury Hospital,Established Campground,"Level 2 trauma center. ER entrance is in the back of the hospital off Hospital Ave right before an open field. there is limited outside parking which is usually filled by midday but there is a parking garage with 7'-0"" clearance. There are also some smaller parking lots across the street. valet parking is available. Ambulances use same driveway to drop off patients so keep an eye out for ambulances coming in and out. their drop of area is past the ER parking lot.",31.9809,-99.8864,0.0,2024-07-12 00:00:00 UTC,Yes,No,No,No,Yes,No,No,No,No,No,No,No,No,No,No,No,No,,No,No,No,No,No,No,No,No,No,No
897d915b-8d61-4206-bd1b-0282f802b812,"Cortez Family Dentistry, United States",Cortez Family Dentistry,Established Campground,"We stopped here during our travels because one of our children has cavities.
The dentist and his crew were friendly and competent.
We recommend this place.
115 N Beech Street Cortez
Tel: 970 565 72 75",43.8287,-120.5234,0.0,2024-07-12 00:00:00 UTC,Yes,No,No,No,Yes,No,No,No,No,No,No,No,No,No,No,No,No,,No,No,No,No,No,No,No,No,No,No
a6ee3484-ed28-435b-a941-33ec50eae000,"Moab Hospital, United States",Moab Hospital,Established Campground,"If you need a a doctor you can go here.
After an accident in mountain bike we needed to get a doctor for a chin scar....
Friendly crew.
Quick service...
Go to the Urgent Care, not to the emergency.
I hope you don't need it.",39.3579,-111.0475,0.0,2024-07-12 00:00:00 UTC,Yes,No,No,No,Yes,No,No,No,No,No,No,No,No,No,No,No,No,,No,No,No,No,No,No,No,No,No,No
66c2a96e-a131-4e92-b857-77240faa60aa,"Anchorage Heath Department, United States",Anchorage Heath Department,Established Campground,Clinica médica publica no es necesario seguro de salud. Pediatría y atención primaria. Muy economico. Vacunación,39.5993,-105.7205,0.0,2024-07-12 00:00:00 UTC,Yes,No,No,No,Yes,No,No,No,No,No,No,No,No,No,No,No,No,,No,No,No,No,No,No,No,No,No,No
976f0d03-11e2-45a1-a333-bd09a44a78f9,"Pediatric Dentistry - Great Falls, United States",Pediatric Dentistry - Great Falls,Established Campground,They received us immediately to fix 2 cavities on my son. Very professional. I recommend.,34.1104,-111.0167,0.0,2024-07-12 00:00:00 UTC,Yes,No,No,No,Yes,No,No,No,No,No,No,No,No,No,No,No,No,,No,No,No,No,No,No,No,No,No,No
8ecb3d77-1756-40fd-be33-9f9a627321b6,"Houston Medical Center, United States",Houston Medical Center,Established Campground,Parking lot: $7 per day. Has shuttles to hospitals in the medical center.,47.8249,-120.6477,0.0,2024-07-12 00:00:00 UTC,Yes,No,No,No,Yes,No,No,No,No,No,No,No,No,No,No,No,No,,No,No,No,No,No,No,No,No,No,No
87c7d3a0-7c9f-4292-aede-b052b7488feb,"Baylor Scott & White Hospital, United States",Baylor Scott & White Hospital,Established Campground,24 hr emergency. Full service hospital with many specialists. Regional referral center.,27.7509,-81.408,0.0,2024-07-12 00:00:00 UTC,Yes,No,No,No,Yes,No,No,No,No,No,No,No,No,No,No,No,No,,No,No,No,No,No,No,No,No,No,No
5e61d760-06f2-4621-9ef6-8d48c750902a,"Miss Lou Family Dentistry, United States",Miss Lou Family Dentistry,Established Campground,"Dental practice that works to accommodate travelers.

While passing through Natchez I wound up with a bad gum infection. These fine folks got me in on New Year's Eve for x-rays and an exam and was able to pull my tooth first thing on January 2nd. I would recommend to all fellow travelers in need.",43.1743,-107.1671,0.0,2024-07-12 00:00:00 UTC,Yes,No,No,No,Yes,No,No,No,No,No,No,No,No,No,No,No,No,,No,No,No,No,No,No,No,No,No,No
aad455f9-e48f-430a-8dd4-c4e74a350a66,"Mayo Clinic Health System - Austin, United States",Mayo Clinic Health System - Austin,Established Campground,Hospital and Clinic and Emergency Department and Urgent Care.,46.9904,-110.224,0.0,2024-07-12 00:00:00 UTC,Yes,No,No,No,Yes,No,No,No,No,No,No,No,No,No,No,No,No,,No,No,No,No,No,No,No,No,No,No
ae6182d5-ea70-44ea-8904-5247d7abb73d,"Sunnyside Cannabis Dispensary, United States",Sunnyside Cannabis Dispensary,Established Campground,Medical and adult use marijuana . 9 to 9,38.9256,-116.2654,0.0,2024-07-12 00:00:00 UTC,Yes,No,No,No,Yes,No,No,No,No,No,No,No,No,No,No,No,No,,No,No,No,No,No,No,No,No,No,No
dcacc9bb-9e33-44ea-997b-81c477252ba8,"Deaconess Hospital, United States",Deaconess Hospital,Established Campground,"Level 2 Trauma Hospital with Emergency Room. Pediatrics and Pregnant Women can be seen for emergencies but if admission required, may need to be transferred to another hospital that provides services. Available services include: Stroke. Cardiac. MRI. X-Ray. Nuclear Medicine. Ultrasound. Lab. Cafeteria available till midnight.",44.2035,-114.5726,0.0,2024-07-12 00:00:00 UTC,Yes,No,No,No,Yes,No,No,No,No,No,No,No,No,No,No,No,No,,No,No,No,No,No,No,No,No,No,No
f9fadffa-8b78-49b3-b2ce-b0c6e35d4eba,"Deaconess Gateway Hospital, United States",Deaconess Gateway Hospital,Established Campground,"Emergency Department. Stroke. Cardiac. Pediatrics. Women’s OB/GYN. Lab. X-Ray. Ultrasound. CT. Nuclear Medicine. Oncology. If patient requires trauma services/admission, Gateway is able to stabilize and transfer to appropriate trauma certified hospital.",34.6675,-105.6853,0.0,2024-07-12 00:00:00 UTC,Yes,No,No,No,Yes,No,No,No,No,No,No,No,No,No,No,No,No,,No,No,No,No,No,No,No,No,No,No
4b10c4e9-b84c-4f8c-b159-cd8a04723c5e,"Urgent Care, United States",Urgent Care,Established Campground,Urgent care. You can reserve a spot online.,36.9382,-119.2177,0.0,2024-07-12 00:00:00 UTC,Yes,No,No,No,Yes,No,No,No,No,No,No,No,No,No,No,No,No,,No,No,No,No,No,No,No,No,No,No
8ed29b13-b2be-486a-80fd-30a3eb34d108,"Norton hospital, United States",Norton hospital,Established Campground,"So I am traveling cross country in my car and I ended up with some sharp pains in my chest, came to this hospital and have been given the best treatment I have ever gotten in my 41 years of living . I know this is not about camping but if you need a doctor or need some medical attention this is the place to go .. I really hope to be getting back on the road soon. somehow I got a hole in my lung and a pneumonia.",32.1408,-99.6862,0.0,2024-07-12 00:00:00 UTC,Yes,No,No,No,Yes,No,No,No,No,No,No,No,No,No,No,No,No,,No,No,No,No,No,No,No,No,No,No
f88c019e-fc9c-4cd2-b24c-b7243d9f76c1,"La Grande Hospital, United States",La Grande Hospital,Established Campground,"A decent hospital, we had a case of food poisoning while staying at Morgan Lake and drove here for help",43.9886,-120.3232,0.0,2024-07-12 00:00:00 UTC,Yes,No,No,No,Yes,No,No,No,No,No,No,No,No,No,No,No,No,,No,No,No,No,No,No,No,No,No,No
09260e32-7a07-4525-a898-f833b5f882c0,"Beloit Memorial Hospital, United States",Beloit Memorial Hospital,Established Campground,Full service hospital with emergency room.,39.5178,-110.8473,0.0,2024-07-12 00:00:00 UTC,Yes,No,No,No,Yes,No,No,No,No,No,No,No,No,No,No,No,No,,No,No,No,No,No,No,No,No,No,No
b9a269f2-ea0b-4c14-bfb2-fcf8f6fdda17,"Dennis Schulze, DDS, United States","Dennis Schulze, DDS",Established Campground,We've been using this Dentist for over 12 years and they have a great staff and have modified hours to allow for visits. They take all types of insurance and also have self-pay. See their website for hours. Close proximity to Hwy 64/40. The parking will hold a campervan but anything larger may have to park at a business next door.,39.7592,-105.5203,0.0,2024-07-12 00:00:00 UTC,Yes,No,No,No,Yes,No,No,No,No,No,No,No,No,No,No,No,No,,No,No,No,No,No,No,No,No,No,No
26f1f851-07f4-406d-b8ba-d0625984c870,"Mayo Clinic -Jacksonville, United States",Mayo Clinic -Jacksonville,Established Campground,"9 RV parking spots - located in Lot A next to Courtyard by Marriott.
No overnight parking in Lot A but a great spot if you need a hospital. Beautiful hospital campus with many places to walk, Starbucks and cafeteria. (also seems to be pet-friendly)
4500 San Pablo Rd. S Jacksonville FL 33224",34.2703,-110.8165,0.0,2024-07-12 00:00:00 UTC,Yes,No,No,No,Yes,No,No,No,No,No,No,No,No,No,No,No,No,,No,No,No,No,No,No,No,No,No,No
a0d257d8-0f0a-4e30-a561-0ed502e6cba3,"Jackson Lodge Medical Clinic, United States",Jackson Lodge Medical Clinic,Established Campground,"Jackson Lodge medical clinic also gas, restrooms and potable water",47.9848,-120.4475,0.0,2024-07-12 00:00:00 UTC,Yes,No,No,No,Yes,No,No,No,No,No,No,No,No,No,No,No,No,,No,No,No,No,No,No,No,No,No,No
9BB25C2D-E654-47E1-B002-BB339DAD06A8,"Marquette Hospital, United States",Marquette Hospital,Established Campground,This is the hospital and the emergency room. There are other doctors offices too,27.9108,-81.2078,0.0,2024-07-12 00:00:00 UTC,Yes,No,No,No,Yes,No,No,No,No,No,No,No,No,No,No,No,No,,No,No,No,No,No,No,No,No,No,No
A5FB24C0-AA50-46A9-B636-D366048D14AB,"Bell Hospital, United States",Bell Hospital,Established Campground,This is Bell Hospital and emergency room and there are other doctors offices in the building,43.3342,-106.9669,0.0,2024-07-12 00:00:00 UTC,Yes,No,No,No,Yes,No,No,No,No,No,No,No,No,No,No,No,No,,No,No,No,No,No,No,No,No,No,No
55F49031-3ADD-4CF0-8767-19BE19D74895,"Geisinger Medical Center, United States",Geisinger Medical Center,Established Campground,"Level 1 Trauma, Stroke, and Heart center. All advanced medical care available.",47.1503,-110.0238,0.0,2024-07-12 00:00:00 UTC,Yes,No,No,No,Yes,No,No,No,No,No,No,No,No,No,No,No,No,,No,No,No,No,No,No,No,No,No,No
CC52FFDE-FF3D-46AD-8C73-B6AA8E90D1DB,"Sanford Hospital, United States",Sanford Hospital,Established Campground,"Hospital/ ER/ Clinic/ Pharmacy. Public restrooms, Free coffee, Free filtered water fountains. Cafeteria food for purchase, open to public.",39.0855,-116.0652,0.0,2024-07-12 00:00:00 UTC,Yes,No,No,No,Yes,No,No,No,No,No,No,No,No,No,No,No,No,,No,No,No,No,No,No,No,No,No,No
F2565A54-30DE-4BE6-90EE-A4A815FDB196,"Urgent Care doctor inside market, United States",Urgent Care doctor inside market,Established Campground,Had a really bad rash and was sent here by some locals. The doctor's office is in the back of the store and he gives 75$ consultations. Next pharmacy is in Forks. More convenient than driving all the way to Port Angeles to the next urgent care. (360) 640-5601 (I forget the doctors name.),44.3634,-114.3724,0.0,2024-07-12 00:00:00 UTC,Yes,No,No,No,Yes,No,No,No,No,No,No,No,No,No,No,No,No,,No,No,No,No,No,No,No,No,No,No
5d001b40-b241-43f4-bf22-fa2661fe1560,"Miami Valley Hospital North, United States",Miami Valley Hospital North,Established Campground,Full service medical center with 24 hour emergency room. Parking is limited. Large vehicles should use the overflow lot on the Eastside of the campus.,34.8274,-105.4851,0.0,2024-07-12 00:00:00 UTC,Yes,No,No,No,Yes,No,No,No,No,No,No,No,No,No,No,No,No,,No,No,No,No,No,No,No,No,No,No
8E0820FA-2609-4C0A-95F8-F0C688F5A534,"St Luke's Hospital, United States",St Luke's Hospital,Established Campground,Great Hospital has Urgent Care and ER. Urgent care entrance is to your left as you come in main hospital entrance.,37.0981,-119.0175,0.0,2024-07-12 00:00:00 UTC,Yes,No,No,No,Yes,No,No,No,No,No,No,No,No,No,No,No,No,,No,No,No,No,No,No,No,No,No,No
d8397d66-26dd-4427-8b88-6bff3aef46bc,"Norwalk Hospital, United States",Norwalk Hospital,Established Campground,Local trauma center. Full service hospital with emergency room and 24/7 availability.,32.3007,-99.486,0.0,2024-07-12 00:00:00 UTC,Yes,No,No,No,Yes,No,No,No,No,No,No,No,No,No,No,No,No,,No,No,No,No,No,No,No,No,No,No
b1f79897-7f5d-4c09-b4be-8aee28f6d2ed,"Bernardo Veterinary, United States",Bernardo Veterinary,Established Campground,"Friendly vet for dog check before entering Mexico. Offered text consultations for emergencies while we are on the road.
We walked in without an appointment and our doggie was taken care of immediately",43.8041,-120.5542,0.0,2024-07-12 00:00:00 UTC,Yes,No,No,No,Yes,No,No,No,No,No,No,No,No,No,No,No,No,,No,No,No,No,No,No,No,No,No,No
6ef943dc-a101-4ff4-a80c-db835d6028c0,"Best dog park ever!, United States",Best dog park ever!,Established Campground,"Awesome dog park! Right next to the river, huuuuge space super lovely!!",39.3333,-111.0783,0.0,2024-07-12 00:00:00 UTC,Yes,No,No,No,Yes,No,No,No,No,No,No,No,No,No,No,No,No,,No,No,No,No,No,No,No,No,No,No
6e9ab9fc-4530-4cc8-bd48-34f7b5e26b08,"Sudz unleashed self service dog wash, United States",Sudz unleashed self service dog wash,Established Campground,"self service dog wash, $10/10 minutes. In the back behind the muffler shop .",39.5747,-105.7513,0.0,2024-07-12 00:00:00 UTC,Yes,No,No,No,Yes,No,No,No,No,No,No,No,No,No,No,No,No,,No,No,No,No,No,No,No,No,No,No
5a05ac7d-570b-430c-bfb2-0ef2bc5d036f,"Self service Pet wash at the Rapid Wash Car Wash, United States",Self service Pet wash at the Rapid Wash Car Wash,Established Campground,5 dollars for 5 minutes. bring your own towel,34.0858,-111.0475,0.0,2024-07-12 00:00:00 UTC,Yes,No,No,No,Yes,No,No,No,No,No,No,No,No,No,No,No,No,,No,No,No,No,No,No,No,No,No,No
5cf3f5f7-e2a8-4b05-b1a2-8662e8a7f828,"Malibu Coast Animal Hospital and Legacy Park, United States",Malibu Coast Animal Hospital and Legacy Park,Established Campground,Animal Hospital and access to Legacy Park. Good place to take a break and walk dogs. Street parking HWY 1 or park at Civic Center Way. There is also a Country Mart for shopping.,47.8003,-120.6785,0.0,2024-07-12 00:00:00 UTC,Yes,No,No,No,Yes,No,No,No,No,No,No,No,No,No,No,No,No,,No,No,No,No,No,No,No,No,No,No
88557d7b-6abe-40db-a58f-3140a388646e,"Happy trail dog park, United States",Happy trail dog park,Established Campground,"Great dog park... free!

Most dog parks in the area require a pass to get in involving a fee and providing vaccination records. This is a normal dog park without all that... beautiful park",27.7263,-81.4388,0.0,2024-07-12 00:00:00 UTC,Yes,No,No,No,Yes,No,No,No,No,No,No,No,No,No,No,No,No,,No,No,No,No,No,No,No,No,No,No
c3ae1df7-a10c-4394-a4ca-08628a22b29a,"Devon Dog Park and Greenland Open Space, United States",Devon Dog Park and Greenland Open Space,Established Campground,"Devon Dog Park Fantastic off the leash dog park right next to GreenLand Open Space , with a Trailhead for hiking, riding horses Xcoountry skiing , mountain biking , have a b-q. It is close to the highway and a railroad tracks, good place to take dog out , get fresh water , stretch your legs. Has super oversized pit toilets . Not sure if you can stay overnight call the number on website , I’m sure if you got in late and kept quiet for a night no one would care , people were super nice",43.1497,-107.1979,0.0,2024-07-12 00:00:00 UTC,Yes,No,No,No,Yes,No,No,No,No,No,No,No,No,No,No,No,No,,No,No,No,No,No,No,No,No,No,No
4035825d-90e8-4d24-9807-1f640207f66e,"Ortiz Dog Park, United States",Ortiz Dog Park,Established Campground,"This dog park is over 100 acres of trails, and land for your dog to roam freely. It is an off leash dog park (you can still leash your dog) with no fence but clear perimeters of where the park ends. This is a must go to with your dog, the views from the trails are insane and your dog will make lots of friends! It’s open from 6AM-10PM and has an amazing view of the sunset.",46.9658,-110.2548,0.0,2024-07-12 00:00:00 UTC,Yes,No,No,No,Yes,No,No,No,No,No,No,No,No,No,No,No,No,,No,No,No,No,No,No,No,No,No,No
33381875-4b39-44dc-8903-21ee4033ecb3,"Walton Rocks, United States",Walton Rocks,Established Campground,"Awesome dog beach along Florida’s east coast. It is really hard to find anywhere to take your dog to the beach along this coast but this one is great. It is also an OFF LEASH beach so your dog can run and play with friends, play some fetch or go for a swim in the ocean. What a great place for the dogs.",38.901,-116.2962,0.0,2024-07-12 00:00:00 UTC,Yes,No,No,No,Yes,No,No,No,No,No,No,No,No,No,No,No,No,,No,No,No,No,No,No,No,No,No,No
680e99a7-c3a3-42d6-9143-9589e0d00de3,"Woof Bowl Dog Park, United States",Woof Bowl Dog Park,Established Campground,"Small fenced dog park behind the football field in the Roswell Sports Complex. Lots of parking, expansive parking lot.",44.1789,-114.6034,0.0,2024-07-12 00:00:00 UTC,Yes,No,No,No,Yes,No,No,No,No,No,No,No,No,No,No,No,No,,No,No,No,No,No,No,No,No,No,No
41d12133-36f5-4485-b4ca-e5266d730326,"Dog park, United States",Dog park,Established Campground,Great good sized dog park. No fee to get in.,34.6429,-105.7161,0.0,2024-07-12 00:00:00 UTC,Yes,No,No,No,Yes,No,No,No,No,No,No,No,No,No,No,No,No,,No,No,No,No,No,No,No,No,No,No
c856ab56-0f6e-4c8c-b264-e6568c62471a,"Dog park, United States",Dog park,Established Campground,Great large dog park... it’s behind the church,36.9136,-119.2485,0.0,2024-07-12 00:00:00 UTC,Yes,No,No,No,Yes,No,No,No,No,No,No,No,No,No,No,No,No,,No,No,No,No,No,No,No,No,No,No
83e39862-959f-472a-9832-ac7600d34345,"Village of Ruidoso Dog Park, United States",Village of Ruidoso Dog Park,Established Campground,"Two fenced areas on a slope with trees for shade and many nice benches to rest on. The people were very friendly and attentive of their dogs. There was hardly any poop on the ground, either!
There’s also an area of blue bins to drop off recycling, right there in the parking lot.",32.1162,-99.717,0.0,2024-07-12 00:00:00 UTC,Yes,No,No,No,Yes,No,No,No,No,No,No,No,No,No,No,No,No,,No,No,No,No,No,No,No,No,No,No
71078e3f-90d8-45c5-846a-41024599cd94,"Las Cruces Dog Park, United States",Las Cruces Dog Park,Established Campground,"There are two areas for dogs at this dog park. One smaller area for “special needs” dogs and a large area for all others. There is no grass, but the dogs don’t seem to mind. This is one of the best dog parks I’ve taken my pooch to. It’s maintained by a coalition of members who care about this park, and it shows. Very little, if any, poop to watch out for, lots of trees and shade, benches and chairs galore, water buckets with fresh water all over, and even a big light if you need to come after dark!",43.964,-120.354,0.0,2024-07-12 00:00:00 UTC,Yes,No,No,No,Yes,No,No,No,No,No,No,No,No,No,No,No,No,,No,No,No,No,No,No,No,No,No,No
3e16bbc4-e851-435d-b933-4da8730972bb,"On Cue/ Phillips 66, United States",On Cue/ Phillips 66,Established Campground,Awesome rest stop for people with dogs. Very large fenced-in dog play area on west side of building. Plenty of parking for overnight stops as well.,39.4932,-110.8781,0.0,2024-07-12 00:00:00 UTC,Yes,No,No,No,Yes,No,No,No,No,No,No,No,No,No,No,No,No,,No,No,No,No,No,No,No,No,No,No
1fa93198-4f99-4425-9c9c-372fdc6b377e,"dog park, United States",dog park,Established Campground,"Off and on leash dog park and hiking trail
potable water supply and large parking area for day use only... free.",39.7346,-105.5511,0.0,2024-07-12 00:00:00 UTC,Yes,No,No,No,Yes,No,No,No,No,No,No,No,No,No,No,No,No,,No,No,No,No,No,No,No,No,No,No
22bb08fc-cad7-49ed-b624-c8545b185125,"Valley Emergency Pet Care, United States",Valley Emergency Pet Care,Established Campground,"Emergency pet care clinic. Open 24 hours 7 days per week.
This clinic is for emergency care/surgery only, it's not a clinic for routine animal care.
Expensive, but a modern facility with a veterinary surgeon always on duty.",34.2457,-110.8473,0.0,2024-07-12 00:00:00 UTC,Yes,No,No,No,Yes,No,No,No,No,No,No,No,No,No,No,No,No,,No,No,No,No,No,No,No,No,No,No
1aeeed23-ed7f-49e1-a4ed-40351e699dc5,"Dirty Paws Self Serve Dog Wash, United States",Dirty Paws Self Serve Dog Wash,Established Campground,Self serve dog wash for $10 for 10 minutes. Accepts cash and credit cards. Towels available.,47.9602,-120.4783,0.0,2024-07-12 00:00:00 UTC,Yes,No,No,No,Yes,No,No,No,No,No,No,No,No,No,No,No,No,,No,No,No,No,No,No,No,No,No,No
55306694-2138-41ab-be11-fae95f21eae7,"ARIZONA HUMANE SOCIETY, United States",ARIZONA HUMANE SOCIETY,Established Campground,"Check website for updated info-

Good place. Low cost vaccines. On friday it's without appointement and 21 dollars per vaccin. Check te pictures.",27.8862,-81.2386,0.0,2024-07-12 00:00:00 UTC,Yes,No,No,No,Yes,No,No,No,No,No,No,No,No,No,No,No,No,,No,No,No,No,No,No,No,No,No,No
cfd600ca-138f-43d3-9b68-092946711d81,"Dog Park NOLA City Park, United States",Dog Park NOLA City Park,Established Campground,"If you travel with your dog, this is a great place to visit. The park is separated into areas: one for big dogs and one for small dogs.
My dogs loved it. Several people come here daily to play with their dogs freely. Good place to make good friends.
Payed U$10 for one week in the administration of the park.
Clean bathrooms and a place to bath the dogs.",43.3096,-106.9977,0.0,2024-07-12 00:00:00 UTC,Yes,No,No,No,Yes,No,No,No,No,No,No,No,No,No,No,No,No,,No,No,No,No,No,No,No,No,No,No
f2d2fbb1-310f-484c-adce-d8fa584cf6bf,"U-Wash Pets and Grooming, United States",U-Wash Pets and Grooming,Established Campground,Cheapeat Self Serve Dog wash I could find in Bend and it's owned by two very nice and friendly sisters. Took a pic of prices.,47.1257,-110.0546,0.0,2024-07-12 00:00:00 UTC,Yes,No,No,No,Yes,No,No,No,No,No,No,No,No,No,No,No,No,,No,No,No,No,No,No,No,No,No,No
2e4da694-8211-48c9-b5f3-7d1c038e49de,"The Stock Doc (Best Vet ever), United States",The Stock Doc (Best Vet ever),Established Campground,"We went to The Stock Doc to get the third round of vaccines for our puppy and they where so nice, prices are very reasonable, 20 for a vaccine. They offered us coffee and we could use their bathroom. Very nice people and place, I highly recommend if you're looking for a vet.",39.0609,-116.096,0.0,2024-07-12 00:00:00 UTC,Yes,No,No,No,Yes,No,No,No,No,No,No,No,No,No,No,No,No,,No,No,No,No,No,No,No,No,No,No
b8df61da-d17b-4467-b648-831bd0c6110a,"Island Park : Dawg friendly, Picknick , Boat Launch, United States","Island Park : Dawg friendly, Picknick , Boat Launch",Established Campground,"Day spot! Great place to take hike with the dog, do some fishing, picnic by the river, park here walk to town. Pit toilets, skate park, LTE 4 bars. If you are not longer then a pickup with a boat trailer, then you good to turn around and park here.",44.3388,-114.4032,0.0,2024-07-12 00:00:00 UTC,Yes,No,No,No,Yes,No,No,No,No,No,No,No,No,No,No,No,No,,No,No,No,No,No,No,No,No,No,No
b77514bf-6c1c-4e85-83a5-46cdb3f6a3e3,"Dog Park, United States",Dog Park,Established Campground,"There are 2 park next to each other, one is for dogs and the other one is supposed to be for kids but the dog park had no shade so we stayed at the kid park to play with our puppies. I think it's possible to overnight as well.",34.8028,-105.5159,0.0,2024-07-12 00:00:00 UTC,Yes,No,No,No,Yes,No,No,No,No,No,No,No,No,No,No,No,No,,No,No,No,No,No,No,No,No,No,No
d29c05ba-1154-4538-8ea1-7d16ba87a005,"Lil'Dog Car and Pet Wash, United States",Lil'Dog Car and Pet Wash,Established Campground,self service dog wash. $3.00 got us 6 min,37.0735,-119.0483,0.0,2024-07-12 00:00:00 UTC,Yes,No,No,No,Yes,No,No,No,No,No,No,No,No,No,No,No,No,,No,No,No,No,No,No,No,No,No,No
f026e309-1f05-4565-9dbc-c661460b3469,"All breed handling, United States",All breed handling,Established Campground,I boarded my two dogs with Brian Belli and his wife for three days and was very pleased. They have a wonderful site with fenced wooded areas and well equipped kennels. Brian and his wife both have professional experience showing and caring for dogs. They can be reached at 508.287.7710. Rates were adjusted based on the services requested.,32.2761,-99.5168,0.0,2024-07-12 00:00:00 UTC,Yes,No,No,No,Yes,No,No,No,No,No,No,No,No,No,No,No,No,,No,No,No,No,No,No,No,No,No,No
05c51956-f21c-4184-bc9f-61f1ef789c50,"Off Leash Dog Beach, United States",Off Leash Dog Beach,Established Campground,"Beautiful beach with white sand, gentle waves, and plenty of street parking right on the beach where you can spend the day and let your dog run around!",44.1239,-120.1538,0.0,2024-07-12 00:00:00 UTC,Yes,No,No,No,Yes,No,No,No,No,No,No,No,No,No,No,No,No,,No,No,No,No,No,No,No,No,No,No
9bc4727b-c7c1-4b36-b5a0-0ed8c6ad889e,"Steel City Emergency Vets, United States",Steel City Emergency Vets,Established Campground,"Veterinary service providing after hours, weekend and holiday emergency pet care.",39.6531,-110.6779,0.0,2024-07-12 00:00:00 UTC,Yes,No,No,No,Yes,No,No,No,No,No,No,No,No,No,No,No,No,,No,No,No,No,No,No,No,No,No,No
761254cc-0a75-4bb6-bc6b-5a6ed42279a3,"Spirit Mountain Animal Hospital, United States",Spirit Mountain Animal Hospital,Established Campground,"Friendly staff, make the anti-rabie shot in my dogs without appointment. Payed U$55 shot, certificate and tag.",39.8945,-105.3509,0.0,2024-07-12 00:00:00 UTC,Yes,No,No,No,Yes,No,No,No,No,No,No,No,No,No,No,No,No,,No,No,No,No,No,No,No,No,No,No
10b092c4-7194-4d16-b2ab-c62e989e3432,"Bijou Dog Park, United States",Bijou Dog Park,Established Campground,"Big open dog park, fountain for the pets, VERY dusty though. The place is basically loose dirt and wood chips. Good if you want your dog to socialize but I'd prefer bringing them to the beach",34.4056,-110.6471,0.0,2024-07-12 00:00:00 UTC,Yes,No,No,No,Yes,No,No,No,No,No,No,No,No,No,No,No,No,,No,No,No,No,No,No,No,No,No,No
