<?xml version="1.0" encoding="UTF-8"?>
<gpx version="OsmAnd 4.6.6" creator="OsmAnd Maps 4.6.6 (4.6.6.1)" xmlns="https://www.topografix.com/GPX/1/1/" xmlns:osmand="https://osmand.net" xmlns:gpxtpx="https://www.garmin.com/xmlschemas/TrackPointExtension/v1" xmlns:xsi="https://www.w3.org/2001/XMLSchema-instance" xsi:schemaLocation="https://www.topografix.com/GPX/1/1/gpx.xsd">
 <metadata>
  <name>favorites</name>
  <time>2026-09-05T01:18:26Z</time>
 </metadata>
 <wpt lat="36.7783" lon="-119.4179">
  <ele>0.0</ele>
  <time>2024-07-12 00:00:00 UTC</time>
  <name>State Line Campground</name>
  <desc>8 free BLM camping spots with pit toilets. Limited LTE service from solar powered booster station. One of the eight spots is reserved for tent only.&#xA;&#xA;Date verified: 2024-07-12 00:00:00 UTC&#xA;Open: Yes&#xA;Electricity: No&#xA;Wifi: No&#xA;Kitchen: No&#xA;Parking: Yes&#xA;Restaurant: No&#xA;Showers: No&#xA;Water: No&#xA;Toilets: Yes&#xA;Big rig friendly: No&#xA;Tent friendly: Yes&#xA;Pet friendly: Yes&#xA;Sanitation dump station: No&#xA;&#xA;https://ioverlander.com/places/4761342d-6fe6-46a7-a118-094ccc650227 (network required)&#xA;</desc>
  <type>Established Campground</type>
  <extensions>
   <osmand:icon>tourism_camp_site</osmand:icon>
   <osmand:background>circle</osmand:background>
   <osmand:color>#339933</osmand:color>
   <osmand:amenity_subtype>user_defined_other_postcode</osmand:amenity_subtype>
   <osmand:amenity_type>user_defined_other</osmand:amenity_type>
  </extensions>
 </wpt>
 <wpt lat="31.9809" lon="-99.8864">
  <ele>0.0</ele>
  <time>2024-07-12 00:00:00 UTC</time>
  <name>White Pocket</name>
  <desc>Sleeping place right in front of the White Pocket on the parking. Super quiet, 0 Services. Ideal for morning and sunset photos! In case you are unlucky in the lottery for „the wave“ - this is the place to visit. It is just wonderful here, no permits required, you can stay overnight. Wonder around and enjoy. The last 9 km is deep sand, 4x4 required, high clearance as well. We made it with a Sprinter. It is a remote place.&#xA;&#xA;Date verified: 2024-07-12 00:00:00 UTC&#xA;Open: Yes&#xA;Electricity: No&#xA;Wifi: No&#xA;Kitchen: No&#xA;Parking: Yes&#xA;Restaurant: No&#xA;Showers: No&#xA;Water: No&#xA;Toilets: No&#xA;Big rig friendly: Yes&#xA;Tent friendly: Yes&#xA;Pet friendly: Yes&#xA;Sanitation dump station: No&#xA;&#xA;https://ioverlander.com/places/c9b41dd2-7631-4fb3-8b9b-063b68013397 (network required)&#xA;</desc>
  <type>Established Campground</type>
  <extensions>
   <osmand:icon>tourism_camp_site</osmand:icon>
   <osmand:background>circle</osmand:background>
   <osmand:color>#339933</osmand:color>
   <osmand:amenity_subtype>user_defined_other_postcode</osmand:amenity_subtype>
   <osmand:amenity_type>user_defined_other</osmand:amenity_type>
  </extensions>
 </wpt>
 <wpt lat="43.8287" lon="-120.5234">
  <ele>0.0</ele>
  <time>2024-07-12 00:00:00 UTC</time>
  <name>Tolsona River RV Park and Campground</name>
  <desc>An old standby for us. Multiple sites for large or small RV&#39;s and tents along a windy creek. Hot showers cost .25/minute, wifi close to office.&#xA;&#xA;Date verified: 2024-07-12 00:00:00 UTC&#xA;Open: Yes&#xA;Electricity: Yes&#xA;Wifi: Yes&#xA;Kitchen: No&#xA;Parking: Yes&#xA;Restaurant: No&#xA;Showers: Yes&#xA;Water: Yes&#xA;Toilets: Yes&#xA;Big rig friendly: Yes&#xA;Tent friendly: Yes&#xA;Pet friendly: Yes&#xA;Sanitation dump station: Yes&#xA;&#xA;https://ioverlander.com/places/e127c1c0-d69a-4f5d-929b-69d195641f0c (network required)&#xA;</desc>
  <type>Established Campground</type>
  <extensions>
   <osmand:icon>tourism_camp_site</osmand:icon>
   <osmand:background>circle</osmand:background>
   <osmand:color>#339933</osmand:color>
   <osmand:amenity_subtype>user_defined_other_postcode</osmand:amenity_subtype>
   <osmand:amenity_type>user_defined_other</osmand:amenity_type>
  </extensions>
 </wpt>
 <wpt lat="39.3579" lon="-111.0475">
  <ele>0.0</ele>
  <time>2024-07-12 00:00:00 UTC</time>
  <name>Beverly Beach State Park</name>
  <desc>This is a great campground for a first night on the Oregon coast. It is a very nice State Park campground with great beach access under a highway 101 overpass. A beautiful old growth loop-system campground with full hookups, tent sites (good selection), hot showers, clean bathrooms, but no wifi available.&#xA;&#xA;Date verified: 2024-07-12 00:00:00 UTC&#xA;Open: Yes&#xA;Electricity: Yes&#xA;Wifi: No&#xA;Kitchen: No&#xA;Parking: Yes&#xA;Restaurant: No&#xA;Showers: Yes&#xA;Water: Yes&#xA;Toilets: Yes&#xA;Big rig friendly: Yes&#xA;Tent friendly: Yes&#xA;Pet friendly: Yes&#xA;Sanitation dump station: Yes&#xA;&#xA;https://ioverlander.com/places/1b6793a8-b12a-467e-bb51-ec01bf59c709 (network required)&#xA;</desc>
  <type>Established Campground</type>
  <extensions>
   <osmand:icon>tourism_camp_site</osmand:icon>
   <osmand:background>circle</osmand:background>
   <osmand:color>#339933</osmand:color>
   <osmand:amenity_subtype>user_defined_other_postcode</osmand:amenity_subtype>
   <osmand:amenity_type>user_defined_other</osmand:amenity_type>
  </extensions>
 </wpt>
 <wpt lat="39.5993" lon="-105.7205">
  <ele>0.0</ele>
  <time>2024-07-12 00:00:00 UTC</time>
  <name>Sunset Bay State Park</name>
  <desc>Another night, another campground. Full hookups, hot showers, no wifi. Price: $21/tent site&#xA;&#xA;Date verified: 2024-07-12 00:00:00 UTC&#xA;Open: Yes&#xA;Electricity: Yes&#xA;Wifi: No&#xA;Kitchen: No&#xA;Parking: Yes&#xA;Restaurant: No&#xA;Showers: Yes&#xA;Water: Yes&#xA;Toilets: Yes&#xA;Big rig friendly: Yes&#xA;Tent friendly: Yes&#xA;Pet friendly: Yes&#xA;Sanitation dump station: No&#xA;&#xA;https://ioverlander.com/places/b6197b0a-074c-468e-bf00-5a87b92afb98 (network required)&#xA;</desc>
  <type>Established Campground</type>
  <extensions>
   <osmand:icon>tourism_camp_site</osmand:icon>
   <osmand:background>circle</osmand:background>
   <osmand:color>#339933</osmand:color>
   <osmand:amenity_subtype>user_defined_other_postcode</osmand:amenity_subtype>
   <osmand:amenity_type>user_defined_other</osmand:amenity_type>
  </extensions>
 </wpt>
 <wpt lat="34.1104" lon="-111.0167">
  <ele>0.0</ele>
  <time>2024-07-12 00:00:00 UTC</time>
  <name>Clam Beach County Park</name>
  <desc>This is a very small campground for cars and RVs. Paved lot right by the ocean with toilets (a bit scary), and a picnic site. Maximum stay is 3 nights and fees were $30/night. There appears to be a camp host across the road. Verizon good. AT&amp;T good. Water available.&#xA;&#xA;Date verified: 2024-07-12 00:00:00 UTC&#xA;Open: Yes&#xA;Electricity: No&#xA;Wifi: No&#xA;Kitchen: No&#xA;Parking: Yes&#xA;Restaurant: No&#xA;Showers: No&#xA;Water: Yes&#xA;Toilets: Yes&#xA;Big rig friendly: Yes&#xA;Tent friendly: Yes&#xA;Pet friendly: Yes&#xA;Sanitation dump station: No&#xA;&#xA;https://ioverlander.com/places/a24a4bf5-4dd6-4ab5-a519-5e4d783d4df4 (network required)&#xA;</desc>
  <type>Established Campground</type>
  <extensions>
   <osmand:icon>tourism_camp_site</osmand:icon>
   <osmand:background>circle</osmand:background>
   <osmand:color>#339933</osmand:color>
   <osmand:amenity_subtype>user_defined_other_postcode</osmand:amenity_subtype>
   <osmand:amenity_type>user_defined_other</osmand:amenity_type>
  </extensions>
 </wpt>
 <wpt lat="47.8249" lon="-120.6477">
  <ele>0.0</ele>
  <time>2024-07-12 00:00:00 UTC</time>
  <name>Doran County Park</name>
  <desc>Busy campground on a spit outside of Bodega Bay, CA. Reservations are required for camping due to pandemic. Cost for a basic (no hook-ups) site is $37/night + $4.44 taxes + $9.50 &#34;reservation fee&#34;. $7 if you want to use the dump station. Flush toilets, pay for hot showers, no wifi but good Verizon coverage. Lots of day-use folks on sunny days. Water is potable but tastes salty/bad.&#xA;&#xA;Date verified: 2024-07-12 00:00:00 UTC&#xA;Open: Yes&#xA;Electricity: No&#xA;Wifi: Yes&#xA;Kitchen: No&#xA;Parking: Yes&#xA;Restaurant: No&#xA;Showers: No&#xA;Water: No&#xA;Toilets: No&#xA;Big rig friendly: Yes&#xA;Tent friendly: No&#xA;Pet friendly: Yes&#xA;Sanitation dump station: Yes&#xA;&#xA;https://ioverlander.com/places/be696b74-f226-4952-b032-15ae8a11fc89 (network required)&#xA;</desc>
  <type>Established Campground</type>
  <extensions>
   <osmand:icon>tourism_camp_site</osmand:icon>
   <osmand:background>circle</osmand:background>
   <osmand:color>#339933</osmand:color>
   <osmand:amenity_subtype>user_defined_other_postcode</osmand:amenity_subtype>
   <osmand:amenity_type>user_defined_other</osmand:amenity_type>
  </extensions>
 </wpt>
 <wpt lat="27.7509" lon="-81.408">
  <ele>0.0</ele>
  <time>2024-07-12 00:00:00 UTC</time>
  <name>KOA Chula Vista</name>
  <desc>Stayed dec 30 &amp;31 and paid $50 for the first night. The second night was supposed to be $90 but the super nice staff gave it to us for $65. It was a huge splurge but we had been sick and in rain for a week and just wanted nice facilities. Thus place was amazing! Dare I say even worth the price? Fenced dog park, trails,one mile to the beach, super clean facilities, garbage pickup at your site, tons of activities for kids, pool, hot tub, laundry, store but best of all perhaps THE best staff of any place of any kind we have ever stayed. Every single employee was friendly and efficient and went out of their way to be helpful- truly wonderful.&#xA;&#xA;Date verified: 2024-07-12 00:00:00 UTC&#xA;Open: Yes&#xA;Electricity: Yes&#xA;Wifi: Yes&#xA;Kitchen: No&#xA;Parking: Yes&#xA;Restaurant: Yes&#xA;Showers: Yes&#xA;Water: Yes&#xA;Toilets: Yes&#xA;Big rig friendly: Yes&#xA;Tent friendly: Yes&#xA;Pet friendly: Yes&#xA;Sanitation dump station: No&#xA;&#xA;https://ioverlander.com/places/43a990b0-5d10-4479-8243-53f47292f895 (network required)&#xA;</desc>
  <type>Established Campground</type>
  <extensions>
   <osmand:icon>tourism_camp_site</osmand:icon>
   <osmand:background>circle</osmand:background>
   <osmand:color>#339933</osmand:color>
   <osmand:amenity_subtype>user_defined_other_postcode</osmand:amenity_subtype>
   <osmand:amenity_type>user_defined_other</osmand:amenity_type>
  </extensions>
 </wpt>
 <wpt lat="43.1743" lon="-107.1671">
  <ele>0.0</ele>
  <time>2024-07-12 00:00:00 UTC</time>
  <name>Willard Bay State Park</name>
  <desc>State park with pull through at campsites. $20 per site. Pretty view of the lake. Lots of freeway and train noise. There is a second campground adjacent that has hookups for rvs.&#xA;Note: GPS Coordinates have been updated. Location is now correct: 41.41994, -112.054806. This park in is Utah, just off Highway 15.&#xA;&#xA;Date verified: 2024-07-12 00:00:00 UTC&#xA;Open: Yes&#xA;Electricity: Yes&#xA;Wifi: No&#xA;Kitchen: No&#xA;Parking: Yes&#xA;Restaurant: No&#xA;Showers: Yes&#xA;Water: Yes&#xA;Toilets: Yes&#xA;Big rig friendly: Yes&#xA;Tent friendly: Yes&#xA;Pet friendly: Yes&#xA;Sanitation dump station: Yes&#xA;&#xA;https://ioverlander.com/places/c4241716-4c9c-49de-999a-79f81201b7e9 (network required)&#xA;</desc>
  <type>Established Campground</type>
  <extensions>
   <osmand:icon>tourism_camp_site</osmand:icon>
   <osmand:background>circle</osmand:background>
   <osmand:color>#339933</osmand:color>
   <osmand:amenity_subtype>user_defined_other_postcode</osmand:amenity_subtype>
   <osmand:amenity_type>user_defined_other</osmand:amenity_type>
  </extensions>
 </wpt>
 <wpt lat="46.9904" lon="-110.224">
  <ele>0.0</ele>
  <time>2024-07-12 00:00:00 UTC</time>
  <name>The Cove at Fish Lake</name>
  <desc>A great spot to go camping for the weekend, rent a boat and go fishing. There are lots of established campsites. Few sites have hookups, be sure to make a reservation if you need them.&#xA;&#xA;$30/h for motorboat, $40/h for pontoon.&#xA;$20 dry camping, $35 with hookups.&#xA;&#xA;showers are coin-operated. Good cell reception&#xA;&#xA;Date verified: 2024-07-12 00:00:00 UTC&#xA;Open: Yes&#xA;Electricity: Yes&#xA;Wifi: No&#xA;Kitchen: No&#xA;Parking: Yes&#xA;Restaurant: No&#xA;Showers: Yes&#xA;Water: Yes&#xA;Toilets: Yes&#xA;Big rig friendly: Yes&#xA;Tent friendly: Yes&#xA;Pet friendly: Yes&#xA;Sanitation dump station: No&#xA;&#xA;https://ioverlander.com/places/96eaf2d5-d0d3-4a33-baa3-123c51038146 (network required)&#xA;</desc>
  <type>Established Campground</type>
  <extensions>
   <osmand:icon>tourism_camp_site</osmand:icon>
   <osmand:background>circle</osmand:background>
   <osmand:color>#339933</osmand:color>
   <osmand:amenity_subtype>user_defined_other_postcode</osmand:amenity_subtype>
   <osmand:amenity_type>user_defined_other</osmand:amenity_type>
  </extensions>
 </wpt>
 <wpt lat="38.9256" lon="-116.2654">
  <ele>0.0</ele>
  <time>2024-07-12 00:00:00 UTC</time>
  <name>Wolf Gap Campground</name>
  <desc>This is a beautiful free campground on the border of Virginia and West Virginia. There are ten sites, each with a picnic table, a BBQ pit, a fire pit, a large tent pad, and a parking spot. There is also a large parking lot for extra vehicles or for day use. The day use area has several BBQ pits and tables. There are also pit toilets, and a water spigot, although we didn&#39;t check if it worked since we always carry plenty just incase. Two trail heads start at this site. It is located about 55 minutes NW of Luray on the 675. The road in is good, but narrow and winding. Very beautiful. You can stay for free up to 21 days! US National Forests are amazing. The photos we&#39;ve included are of different sites. The blue dot on the screenshot is Wolf Gap, the green marker is Luray, VA, for reference. No generators, please. Keep this peaceful place peaceful.&#xA;&#xA;Date verified: 2024-07-12 00:00:00 UTC&#xA;Open: Yes&#xA;Electricity: No&#xA;Wifi: No&#xA;Kitchen: No&#xA;Parking: Yes&#xA;Restaurant: No&#xA;Showers: No&#xA;Water: No&#xA;Toilets: Yes&#xA;Big rig friendly: Yes&#xA;Tent friendly: Yes&#xA;Pet friendly: Yes&#xA;Sanitation dump station: No&#xA;&#xA;https://ioverlander.com/places/ea473226-98ab-4b6b-8b23-85b715c50175 (network required)&#xA;</desc>
  <type>Established Campground</type>
  <extensions>
   <osmand:icon>tourism_camp_site</osmand:icon>
   <osmand:background>circle</osmand:background>
   <osmand:color>#339933</osmand:color>
   <osmand:amenity_subtype>user_defined_other_postcode</osmand:amenity_subtype>
   <osmand:amenity_type>user_defined_other</osmand:amenity_type>
  </extensions>
 </wpt>
 <wpt lat="44.2035" lon="-114.5726">
  <ele>0.0</ele>
  <time>2024-07-12 00:00:00 UTC</time>
  <name>Trout Pond Recreational Area</name>
  <desc>Excellent campground with good facilities. Nearby hiking opportunities and very few people in the colder months. Great lake for boating or fishing.&#xA;&#xA;Date verified: 2024-07-12 00:00:00 UTC&#xA;Open: Yes&#xA;Electricity: Yes&#xA;Wifi: No&#xA;Kitchen: No&#xA;Parking: Yes&#xA;Restaurant: No&#xA;Showers: Yes&#xA;Water: Yes&#xA;Toilets: Yes&#xA;Big rig friendly: Yes&#xA;Tent friendly: Yes&#xA;Pet friendly: Yes&#xA;Sanitation dump station: No&#xA;&#xA;https://ioverlander.com/places/9862f739-a547-40c7-afed-0a92bc6e0185 (network required)&#xA;</desc>
  <type>Established Campground</type>
  <extensions>
   <osmand:icon>tourism_camp_site</osmand:icon>
   <osmand:background>circle</osmand:background>
   <osmand:color>#339933</osmand:color>
   <osmand:amenity_subtype>user_defined_other_postcode</osmand:amenity_subtype>
   <osmand:amenity_type>user_defined_other</osmand:amenity_type>
  </extensions>
 </wpt>
 <wpt lat="34.6675" lon="-105.6853">
  <ele>0.0</ele>
  <time>2024-07-12 00:00:00 UTC</time>
  <name>Rocky Gap State Park</name>
  <desc>Great campground open year-round. Most people stay at the casino which is nowhere near the campground. Campground is very peaceful during the colder months. Excellent hiking and recreational opportunities at the site.&#xA;&#xA;Date verified: 2024-07-12 00:00:00 UTC&#xA;Open: Yes&#xA;Electricity: Yes&#xA;Wifi: No&#xA;Kitchen: No&#xA;Parking: Yes&#xA;Restaurant: No&#xA;Showers: Yes&#xA;Water: Yes&#xA;Toilets: Yes&#xA;Big rig friendly: Yes&#xA;Tent friendly: Yes&#xA;Pet friendly: Yes&#xA;Sanitation dump station: Yes&#xA;&#xA;https://ioverlander.com/places/8a38f9de-92b9-43b0-8ae7-3fc37d5e4618 (network required)&#xA;</desc>
  <type>Established Campground</type>
  <extensions>
   <osmand:icon>tourism_camp_site</osmand:icon>
   <osmand:background>circle</osmand:background>
   <osmand:color>#339933</osmand:color>
   <osmand:amenity_subtype>user_defined_other_postcode</osmand:amenity_subtype>
   <osmand:amenity_type>user_defined_other</osmand:amenity_type>
  </extensions>
 </wpt>
 <wpt lat="36.9382" lon="-119.2177">
  <ele>0.0</ele>
  <time>2024-07-12 00:00:00 UTC</time>
  <name>Patapsco Valley State Park - Hollofield Campground</name>
  <desc>Great campground near Baltimore. Place can be crowded at times, and a little noisy, but all in all good place to stay so close to a populated area. Some good hiking and epic mountain biking nearby.&#xA;&#xA;Date verified: 2024-07-12 00:00:00 UTC&#xA;Open: Yes&#xA;Electricity: Yes&#xA;Wifi: No&#xA;Kitchen: No&#xA;Parking: Yes&#xA;Restaurant: No&#xA;Showers: Yes&#xA;Water: Yes&#xA;Toilets: Yes&#xA;Big rig friendly: Yes&#xA;Tent friendly: Yes&#xA;Pet friendly: Yes&#xA;Sanitation dump station: Yes&#xA;&#xA;https://ioverlander.com/places/80a628a7-242a-4fd3-9310-e1920c675f6d (network required)&#xA;</desc>
  <type>Established Campground</type>
  <extensions>
   <osmand:icon>tourism_camp_site</osmand:icon>
   <osmand:background>circle</osmand:background>
   <osmand:color>#339933</osmand:color>
   <osmand:amenity_subtype>user_defined_other_postcode</osmand:amenity_subtype>
   <osmand:amenity_type>user_defined_other</osmand:amenity_type>
  </extensions>
 </wpt>
 <wpt lat="32.1408" lon="-99.6862">
  <ele>0.0</ele>
  <time>2024-07-12 00:00:00 UTC</time>
  <name>Liberty Campground</name>
  <desc>Free. BLM campground at the head of the Liberty / Table Mountain 4WD trail system. Vault toilets that are well maintained. No water or hookups. There are 15 campsites total.&#xA;&#xA;The homeowners a few hundred yards east on Liberty Road sell ice.&#xA;&#xA;Date verified: 2024-07-12 00:00:00 UTC&#xA;Open: Yes&#xA;Electricity: No&#xA;Wifi: No&#xA;Kitchen: No&#xA;Parking: Yes&#xA;Restaurant: No&#xA;Showers: No&#xA;Water: Yes&#xA;Toilets: Yes&#xA;Big rig friendly: Yes&#xA;Tent friendly: Yes&#xA;Pet friendly: Yes&#xA;Sanitation dump station: No&#xA;&#xA;https://ioverlander.com/places/f3c04fec-bebd-4b95-88b1-4ca88b2b6bd4 (network required)&#xA;</desc>
  <type>Established Campground</type>
  <extensions>
   <osmand:icon>tourism_camp_site</osmand:icon>
   <osmand:background>circle</osmand:background>
   <osmand:color>#339933</osmand:color>
   <osmand:amenity_subtype>user_defined_other_postcode</osmand:amenity_subtype>
   <osmand:amenity_type>user_defined_other</osmand:amenity_type>
  </extensions>
 </wpt>
 <wpt lat="43.9886" lon="-120.3232">
  <ele>0.0</ele>
  <time>2024-07-12 00:00:00 UTC</time>
  <name>Palmer State Fairgrounds</name>
  <desc>Gated fairgrounds, full hook ups&#xA;&#xA;Date verified: 2024-07-12 00:00:00 UTC&#xA;Open: Yes&#xA;Electricity: Yes&#xA;Wifi: Yes&#xA;Kitchen: No&#xA;Parking: Yes&#xA;Restaurant: No&#xA;Showers: No&#xA;Water: Yes&#xA;Toilets: Yes&#xA;Big rig friendly: Yes&#xA;Tent friendly: No&#xA;Pet friendly: No&#xA;Sanitation dump station: No&#xA;&#xA;https://ioverlander.com/places/6dd8b0d9-8627-4214-88c5-2decb5cd9d46 (network required)&#xA;</desc>
  <type>Established Campground</type>
  <extensions>
   <osmand:icon>tourism_camp_site</osmand:icon>
   <osmand:background>circle</osmand:background>
   <osmand:color>#339933</osmand:color>
   <osmand:amenity_subtype>user_defined_other_postcode</osmand:amenity_subtype>
   <osmand:amenity_type>user_defined_other</osmand:amenity_type>
  </extensions>
 </wpt>
 <wpt lat="39.5178" lon="-110.8473">
  <ele>0.0</ele>
  <time>2024-07-12 00:00:00 UTC</time>
  <name>Browns Lake</name>
  <desc>Located on Browns lake. Sate camp site with fees and can be busy during the week end. During the week however it can be almost deserted.&#xA;&#xA;Date verified: 2024-07-12 00:00:00 UTC&#xA;Open: Yes&#xA;Electricity: No&#xA;Wifi: No&#xA;Kitchen: No&#xA;Parking: Yes&#xA;Restaurant: No&#xA;Showers: No&#xA;Water: Yes&#xA;Toilets: Yes&#xA;Big rig friendly: Yes&#xA;Tent friendly: Yes&#xA;Pet friendly: Yes&#xA;Sanitation dump station: No&#xA;&#xA;https://ioverlander.com/places/a3968a98-edea-4f6e-b5a9-323518d4c68a (network required)&#xA;</desc>
  <type>Established Campground</type>
  <extensions>
   <osmand:icon>tourism_camp_site</osmand:icon>
   <osmand:background>circle</osmand:background>
   <osmand:color>#339933</osmand:color>
   <osmand:amenity_subtype>user_defined_other_postcode</osmand:amenity_subtype>
   <osmand:amenity_type>user_defined_other</osmand:amenity_type>
  </extensions>
 </wpt>
 <wpt lat="39.7592" lon="-105.5203">
  <ele>0.0</ele>
  <time>2024-07-12 00:00:00 UTC</time>
  <name>Brandywine Group Campground</name>
  <desc>Great group area near main facilities. Large swimming area and secluded camping spot.&#xA;&#xA;Date verified: 2024-07-12 00:00:00 UTC&#xA;Open: Yes&#xA;Electricity: Yes&#xA;Wifi: No&#xA;Kitchen: No&#xA;Parking: Yes&#xA;Restaurant: No&#xA;Showers: Yes&#xA;Water: Yes&#xA;Toilets: Yes&#xA;Big rig friendly: Yes&#xA;Tent friendly: Yes&#xA;Pet friendly: Yes&#xA;Sanitation dump station: No&#xA;&#xA;https://ioverlander.com/places/653ed73e-686c-4934-bde7-c1625d55193f (network required)&#xA;</desc>
  <type>Established Campground</type>
  <extensions>
   <osmand:icon>tourism_camp_site</osmand:icon>
   <osmand:background>circle</osmand:background>
   <osmand:color>#339933</osmand:color>
   <osmand:amenity_subtype>user_defined_other_postcode</osmand:amenity_subtype>
   <osmand:amenity_type>user_defined_other</osmand:amenity_type>
  </extensions>
 </wpt>
 <wpt lat="34.2703" lon="-110.8165">
  <ele>0.0</ele>
  <time>2024-07-12 00:00:00 UTC</time>
  <name>South Ruby Campground</name>
  <desc>$15 per camping unit. Nice views.&#xA;I’m April of 2025 I found the sites to be $8 per night. I was the only one here so super quiet and clean. Never saw the pit toilets but there are toilets down on Browns Dike.&#xA;&#xA;Date verified: 2024-07-12 00:00:00 UTC&#xA;Open: Yes&#xA;Electricity: No&#xA;Wifi: No&#xA;Kitchen: No&#xA;Parking: Yes&#xA;Restaurant: No&#xA;Showers: No&#xA;Water: Yes&#xA;Toilets: Yes&#xA;Big rig friendly: Yes&#xA;Tent friendly: Yes&#xA;Pet friendly: Yes&#xA;Sanitation dump station: No&#xA;&#xA;https://ioverlander.com/places/0a11cbbf-d5a2-483e-9fe0-65c0f803d736 (network required)&#xA;</desc>
  <type>Established Campground</type>
  <extensions>
   <osmand:icon>tourism_camp_site</osmand:icon>
   <osmand:background>circle</osmand:background>
   <osmand:color>#339933</osmand:color>
   <osmand:amenity_subtype>user_defined_other_postcode</osmand:amenity_subtype>
   <osmand:amenity_type>user_defined_other</osmand:amenity_type>
  </extensions>
 </wpt>
 <wpt lat="47.9848" lon="-120.4475">
  <ele>0.0</ele>
  <time>2024-07-12 00:00:00 UTC</time>
  <name>Mountain View RV Ranch</name>
  <desc>Close to the border, former KOA, friendly staff. $29 plus tax for full hook up. Spent the evening watching Monday night football on the aging big screen TV with the camp host Charles. Also available is propane, small store with beer, and coin op laundry.&#xA;&#xA;Date verified: 2024-07-12 00:00:00 UTC&#xA;Open: Yes&#xA;Electricity: Yes&#xA;Wifi: Yes&#xA;Kitchen: No&#xA;Parking: Yes&#xA;Restaurant: No&#xA;Showers: Yes&#xA;Water: Yes&#xA;Toilets: Yes&#xA;Big rig friendly: Yes&#xA;Tent friendly: Yes&#xA;Pet friendly: Yes&#xA;Sanitation dump station: No&#xA;&#xA;https://ioverlander.com/places/936f4079-28b8-40c4-b811-67a81f399d55 (network required)&#xA;</desc>
  <type>Established Campground</type>
  <extensions>
   <osmand:icon>tourism_camp_site</osmand:icon>
   <osmand:background>circle</osmand:background>
   <osmand:color>#339933</osmand:color>
   <osmand:amenity_subtype>user_defined_other_postcode</osmand:amenity_subtype>
   <osmand:amenity_type>user_defined_other</osmand:amenity_type>
  </extensions>
 </wpt>
 <wpt lat="27.9108" lon="-81.2078">
  <ele>0.0</ele>
  <time>2024-07-12 00:00:00 UTC</time>
  <name>Guajome Regional Park</name>
  <desc>Cheapest camping you will find anywhere near Carlsbad or San Diego, and we didn&#39;t need reservations in the summer (everywhere else is full). Extremely clean, pay hot showers, full hookups. Now $29 USD.&#xA;&#xA;Tent, RV, van, camper trick, CABIN Available! Established city run &amp; maintained park with full hookups, dump station, recreation abound! Booked 2 nights, will update upon stay!&#xA;&#xA;Park office 760-724-4489 reservations 877-565-3600&#xA;&#xA;Date verified: 2024-07-12 00:00:00 UTC&#xA;Open: Yes&#xA;Electricity: Yes&#xA;Wifi: No&#xA;Kitchen: No&#xA;Parking: Yes&#xA;Restaurant: No&#xA;Showers: Yes&#xA;Water: Yes&#xA;Toilets: Yes&#xA;Big rig friendly: Yes&#xA;Tent friendly: Yes&#xA;Pet friendly: Yes&#xA;Sanitation dump station: Yes&#xA;&#xA;https://ioverlander.com/places/45ca23d2-3b0b-4ae6-814a-97f6c4c8dd45 (network required)&#xA;</desc>
  <type>Established Campground</type>
  <extensions>
   <osmand:icon>tourism_camp_site</osmand:icon>
   <osmand:background>circle</osmand:background>
   <osmand:color>#339933</osmand:color>
   <osmand:amenity_subtype>user_defined_other_postcode</osmand:amenity_subtype>
   <osmand:amenity_type>user_defined_other</osmand:amenity_type>
  </extensions>
 </wpt>
 <wpt lat="43.3342" lon="-106.9669">
  <ele>0.0</ele>
  <time>2024-07-12 00:00:00 UTC</time>
  <name>Essence Of Tranquility</name>
  <desc>Hot tubs (artesian) and camping or cabins. Also a communal kitchen and Rec room. Fee includes soaks, showers, use of facilities. Super highspeed wifi for those who work remote&#xA;&#xA;Date verified: 2024-07-12 00:00:00 UTC&#xA;Open: Yes&#xA;Electricity: Yes&#xA;Wifi: Yes&#xA;Kitchen: No&#xA;Parking: Yes&#xA;Restaurant: No&#xA;Showers: Yes&#xA;Water: Yes&#xA;Toilets: Yes&#xA;Big rig friendly: No&#xA;Tent friendly: Yes&#xA;Pet friendly: Yes&#xA;Sanitation dump station: No&#xA;&#xA;https://ioverlander.com/places/9975a9d8-acce-4eb9-aa30-6dbc8cea66f6 (network required)&#xA;</desc>
  <type>Established Campground</type>
  <extensions>
   <osmand:icon>tourism_camp_site</osmand:icon>
   <osmand:background>circle</osmand:background>
   <osmand:color>#339933</osmand:color>
   <osmand:amenity_subtype>user_defined_other_postcode</osmand:amenity_subtype>
   <osmand:amenity_type>user_defined_other</osmand:amenity_type>
  </extensions>
 </wpt>
 <wpt lat="47.1503" lon="-110.0238">
  <ele>0.0</ele>
  <time>2024-07-12 00:00:00 UTC</time>
  <name>The Mill Casino &amp; RV Park</name>
  <desc>This casino is just outside of Coos Bay, Oregon, and has RV park camping ($65+/night). The RV camping has nice paved spots with a bit of green space and picnic tables. Water and Electricity is available at each RV spot. There are nice clean washrooms, showers, and laundromat with access to the hotel pool and hot tub, and a small frontage store selling bare essentials. Restaurants are in the Casino, and be sure to check the local deals at the casino restaurants as they have different buffets a couple times a week.&#xA;&#xA;T-Mo Reception: 3bars &amp; LTE (fast)&#xA;&#xA;Date verified: 2024-07-12 00:00:00 UTC&#xA;Open: Yes&#xA;Electricity: Yes&#xA;Wifi: Yes&#xA;Kitchen: No&#xA;Parking: Yes&#xA;Restaurant: Yes&#xA;Showers: Yes&#xA;Water: Yes&#xA;Toilets: Yes&#xA;Big rig friendly: Yes&#xA;Tent friendly: No&#xA;Pet friendly: Yes&#xA;Sanitation dump station: Yes&#xA;&#xA;https://ioverlander.com/places/047fe60f-b7d8-4c9d-b0d3-b9b3ce6626fe (network required)&#xA;</desc>
  <type>Established Campground</type>
  <extensions>
   <osmand:icon>tourism_camp_site</osmand:icon>
   <osmand:background>circle</osmand:background>
   <osmand:color>#339933</osmand:color>
   <osmand:amenity_subtype>user_defined_other_postcode</osmand:amenity_subtype>
   <osmand:amenity_type>user_defined_other</osmand:amenity_type>
  </extensions>
 </wpt>
 <wpt lat="39.0855" lon="-116.0652">
  <ele>0.0</ele>
  <time>2024-07-12 00:00:00 UTC</time>
  <name>Jedediah Smith State Park</name>
  <desc>Note - no facilities available out of season&#xA;Although this campsite was $35.00/night, it was beautiful. At that price (with no electricity at the sites) some would say it was overpriced, but you are in the heart of the Redwood forest! It was quiet, and so serene. There are warm showers ($0.50/5 min) and running water in the washrooms. The water from the taps along the campsite loops was drinkable as well. There is a short nature walk that takes you through the Redwood glades and then along the bank of the Smith River. The River also has a day-use area and beach that was pretty cool as well. The water is crystal clear, and we spent some time at the Day-use area swimming once we had reached the noon check-out time. The sneaky idea is to make sure you do not pass through the park exit before going to the day use. The Campground also sells firewood and has great pits for mingling with your neighbors after dark.&#xA;&#xA;Date verified: 2024-07-12 00:00:00 UTC&#xA;Open: Yes&#xA;Electricity: No&#xA;Wifi: No&#xA;Kitchen: No&#xA;Parking: Yes&#xA;Restaurant: No&#xA;Showers: Yes&#xA;Water: Yes&#xA;Toilets: Yes&#xA;Big rig friendly: No&#xA;Tent friendly: Yes&#xA;Pet friendly: Yes&#xA;Sanitation dump station: Yes&#xA;&#xA;https://ioverlander.com/places/ca347ce8-8eb4-437e-b875-e950c8fc6710 (network required)&#xA;</desc>
  <type>Established Campground</type>
  <extensions>
   <osmand:icon>tourism_camp_site</osmand:icon>
   <osmand:background>circle</osmand:background>
   <osmand:color>#339933</osmand:color>
   <osmand:amenity_subtype>user_defined_other_postcode</osmand:amenity_subtype>
   <osmand:amenity_type>user_defined_other</osmand:amenity_type>
  </extensions>
 </wpt>
 <wpt lat="44.3634" lon="-114.3724">
  <ele>0.0</ele>
  <time>2024-07-12 00:00:00 UTC</time>
  <name>Hot Well Dunes</name>
  <desc>This is a BLM site with a $3 per night fee. Includes pit toilets, picnic tables, trash cans and two hot spring outdoor HOT TUBS!! Spaces are dispersed in the desert sand and privacy is easy to find. Hot tubs fill from solar pump so only hot/flowing during the day. The tubs are empty at sunset. Great location, great price.&#xA;&#xA;Date verified: 2024-07-12 00:00:00 UTC&#xA;Open: Yes&#xA;Electricity: No&#xA;Wifi: No&#xA;Kitchen: No&#xA;Parking: Yes&#xA;Restaurant: No&#xA;Showers: No&#xA;Water: No&#xA;Toilets: Yes&#xA;Big rig friendly: Yes&#xA;Tent friendly: Yes&#xA;Pet friendly: Yes&#xA;Sanitation dump station: No&#xA;&#xA;https://ioverlander.com/places/2cbfa320-6bc6-43dd-ac12-60a0e3f920c7 (network required)&#xA;</desc>
  <type>Established Campground</type>
  <extensions>
   <osmand:icon>tourism_camp_site</osmand:icon>
   <osmand:background>circle</osmand:background>
   <osmand:color>#339933</osmand:color>
   <osmand:amenity_subtype>user_defined_other_postcode</osmand:amenity_subtype>
   <osmand:amenity_type>user_defined_other</osmand:amenity_type>
  </extensions>
 </wpt>
 <wpt lat="34.8274" lon="-105.4851">
  <ele>0.0</ele>
  <time>2024-07-12 00:00:00 UTC</time>
  <name>Fort Stevens State Park</name>
  <desc>MUST HAVE RESERVATIONS AS OF 1/1/25&#xA;&#xA;Got a spot! We arrived late at 9:00pm and checked the information board at the welcome center. They had a list of available sites posted up. We did self check in and slept in our car. It was wonderful! Sure, it is pricey at $35/ night, but the Oregon coast doesn&#39;t seem to have many pull out spots, so we were grateful for this awesome spot! The walking trails, beach and shipwreck were AMAZING! Such a great spot!&#xA;&#xA;Date verified: 2024-07-12 00:00:00 UTC&#xA;Open: Yes&#xA;Electricity: Yes&#xA;Wifi: Yes&#xA;Kitchen: No&#xA;Parking: Yes&#xA;Restaurant: No&#xA;Showers: Yes&#xA;Water: Yes&#xA;Toilets: Yes&#xA;Big rig friendly: Yes&#xA;Tent friendly: Yes&#xA;Pet friendly: Yes&#xA;Sanitation dump station: Yes&#xA;&#xA;https://ioverlander.com/places/dac10754-e82b-41f3-a4d2-2be6869f7aa2 (network required)&#xA;</desc>
  <type>Established Campground</type>
  <extensions>
   <osmand:icon>tourism_camp_site</osmand:icon>
   <osmand:background>circle</osmand:background>
   <osmand:color>#339933</osmand:color>
   <osmand:amenity_subtype>user_defined_other_postcode</osmand:amenity_subtype>
   <osmand:amenity_type>user_defined_other</osmand:amenity_type>
  </extensions>
 </wpt>
 <wpt lat="37.0981" lon="-119.0175">
  <ele>0.0</ele>
  <time>2024-07-12 00:00:00 UTC</time>
  <name>Trailers Inn RV Park</name>
  <desc>Stayed in 31-S which fits up to 20 feet. USD 46.30 for full hook up. Wifi is now upgraded so was fast. Don’t expect friendly reception. rest was okay being only 12 miles from downtown price is for the location not view. Small book exchange, TV room next to office. Toilets clean.&#xA;&#xA;Date verified: 2024-07-12 00:00:00 UTC&#xA;Open: Yes&#xA;Electricity: Yes&#xA;Wifi: Yes&#xA;Kitchen: No&#xA;Parking: Yes&#xA;Restaurant: No&#xA;Showers: Yes&#xA;Water: Yes&#xA;Toilets: Yes&#xA;Big rig friendly: Yes&#xA;Tent friendly: No&#xA;Pet friendly: Yes&#xA;Sanitation dump station: No&#xA;&#xA;https://ioverlander.com/places/aff9edad-60c7-4ba9-8f57-3ac4ed7d54c8 (network required)&#xA;</desc>
  <type>Established Campground</type>
  <extensions>
   <osmand:icon>tourism_camp_site</osmand:icon>
   <osmand:background>circle</osmand:background>
   <osmand:color>#339933</osmand:color>
   <osmand:amenity_subtype>user_defined_other_postcode</osmand:amenity_subtype>
   <osmand:amenity_type>user_defined_other</osmand:amenity_type>
  </extensions>
 </wpt>
 <wpt lat="32.3007" lon="-99.486">
  <ele>0.0</ele>
  <time>2024-07-12 00:00:00 UTC</time>
  <name>Bussey Point Campground</name>
  <desc>Enjoy nature at its finest. Located at the entrance of Bussey Point wilderness recreation area- a 2,545 acre peninsula on J. Strom Thurmond Lake- the campground provides a relaxing getaway for the nature enthusiast for hiking, mountain biking, or horseback riding. The Bussey Point horse trail was created by horseback riders for horseback riders. This trail circles the peninsula and is 12.5 miles long. Along with the horse trail, there are an additional 20 miles of roads and trails located within the area that all are welcome to use (no motor vehicles please). Located within the area are 15 food plots, six hike/bike/ride/boat in camping/picnic sites, and several natural beaches. Ample deer and turkey inhabit the area along wiht other mammals and birds to provide on of the best opportunities on teh lake to view wildlife in its natural setting. Adjacent to the area is the campground with 14 primitive campsites without water or electic, however, there are picnic tables, fire rings, and grills located at each site. There is also a boat launching ramp, hand pump for drinking water, and rustic toilets locatd throughout the area. &#xA;Camping fee is $10 per night per site and day use is free. There are restrooms on site, but no showers.&#xA;&#xA;Lantern Posts&#xA;• Tent Pads&#xA;• Trailhead Parking&#xA;• Grills&#xA;• Lake Access&#xA;• Horseback Riding Trails&#xA;• Tables&#xA;• Campfire Rings&#xA;• Vault Toilets&#xA;• Hitching Racks&#xA;• Pit Toilets&#xA;• Boat Ramp&#xA;• Bank&#xA;&#xA;Date verified: 2024-07-12 00:00:00 UTC&#xA;Open: Yes&#xA;Electricity: No&#xA;Wifi: No&#xA;Kitchen: No&#xA;Parking: Yes&#xA;Restaurant: No&#xA;Showers: No&#xA;Water: No&#xA;Toilets: Yes&#xA;Big rig friendly: No&#xA;Tent friendly: Yes&#xA;Pet friendly: Yes&#xA;Sanitation dump station: No&#xA;&#xA;https://ioverlander.com/places/f111f053-ac6e-4fe8-a091-f1bdad33bb9c (network required)&#xA;</desc>
  <type>Established Campground</type>
  <extensions>
   <osmand:icon>tourism_camp_site</osmand:icon>
   <osmand:background>circle</osmand:background>
   <osmand:color>#339933</osmand:color>
   <osmand:amenity_subtype>user_defined_other_postcode</osmand:amenity_subtype>
   <osmand:amenity_type>user_defined_other</osmand:amenity_type>
  </extensions>
 </wpt>
 <wpt lat="44.1485" lon="-120.123">
  <ele>0.0</ele>
  <time>2024-07-12 00:00:00 UTC</time>
  <name>Magnolia Springs State Park</name>
  <desc>Primitive, prepared and RV sites available. Full capability cabins are available. See website for nightly cost (2014 cost $20 for tent walk in and $28 for site with electric).&#xA;&#xA;Date verified: 2024-07-12 00:00:00 UTC&#xA;Open: Yes&#xA;Electricity: Yes&#xA;Wifi: No&#xA;Kitchen: No&#xA;Parking: Yes&#xA;Restaurant: No&#xA;Showers: Yes&#xA;Water: Yes&#xA;Toilets: Yes&#xA;Big rig friendly: Yes&#xA;Tent friendly: Yes&#xA;Pet friendly: Yes&#xA;Sanitation dump station: No&#xA;&#xA;https://ioverlander.com/places/5c522a02-c276-48d2-bc36-699fb28942a6 (network required)&#xA;</desc>
  <type>Established Campground</type>
  <extensions>
   <osmand:icon>tourism_camp_site</osmand:icon>
   <osmand:background>circle</osmand:background>
   <osmand:color>#339933</osmand:color>
   <osmand:amenity_subtype>user_defined_other_postcode</osmand:amenity_subtype>
   <osmand:amenity_type>user_defined_other</osmand:amenity_type>
  </extensions>
 </wpt>
 <wpt lat="39.6777" lon="-110.6471">
  <ele>0.0</ele>
  <time>2024-07-12 00:00:00 UTC</time>
  <name>Crazy Horse Campground</name>
  <desc>Crazy Horse RV Resort is a clean, full-service RV park located in the heart of Kanab, Utah — the perfect basecamp for exploring Southern Utah’s most popular destinations, including Zion National Park, Bryce Canyon, Coral Pink Sand Dunes, and the Grand Canyon North Rim.&#xA;&#xA;We offer spacious full-hookup RV sites with 30/50 amp service, along with tent sites, a heated swimming pool, clean bathhouse, and 24/7 laundry facilities. Our location provides easy access to downtown Kanab, local UTV trails, hiking, and sightseeing.&#xA;&#xA;In addition to RV and tent camping, we offer unique lodging options including Luxury Conestoga Wagons, Yurts, and spacious Apartments large enough for the whole family, making Crazy Horse a great option for groups traveling together.&#xA;&#xA;Whether you&#39;re staying for a night or planning a longer visit, Crazy Horse RV Resort offers comfort, convenience, and a central location for exploring everything Southern Utah has to offer.&#xA;&#xA;Pull-Through RV Sites&#xA;Daily: $59.95 + tax&#xA;Weekly: $359.70 + tax&#xA;&#xA;Back-In RV Sites&#xA;Daily: $55.00 + tax&#xA;Weekly: $330.00 + tax&#xA;Monthly (Oct–Jan Only): Starting at $795 – $895 + electric&#xA;&#xA;Tent Pricing: $30.00 Per Night + Tax&#xA;&#xA;Dumping Station: $10 Dump Only / Dump and Water $30&#xA;&#xA;Bathhouse: Showers are $10&#xA;&#xA;Date verified: 2024-07-12 00:00:00 UTC&#xA;Open: Yes&#xA;Electricity: Yes&#xA;Wifi: Yes&#xA;Kitchen: No&#xA;Parking: Yes&#xA;Restaurant: No&#xA;Showers: Yes&#xA;Water: Yes&#xA;Toilets: Yes&#xA;Big rig friendly: Yes&#xA;Tent friendly: Yes&#xA;Pet friendly: Yes&#xA;Sanitation dump station: Yes&#xA;&#xA;https://ioverlander.com/places/b36eb4ad-0fc0-48a5-929a-024e62ec5b78 (network required)&#xA;</desc>
  <type>Established Campground</type>
  <extensions>
   <osmand:icon>tourism_camp_site</osmand:icon>
   <osmand:background>circle</osmand:background>
   <osmand:color>#339933</osmand:color>
   <osmand:amenity_subtype>user_defined_other_postcode</osmand:amenity_subtype>
   <osmand:amenity_type>user_defined_other</osmand:amenity_type>
  </extensions>
 </wpt>
 <wpt lat="39.5501" lon="-105.7821">
  <ele>0.0</ele>
  <time>2024-07-12 00:00:00 UTC</time>
  <name>Anza Borrego - NICE</name>
  <desc>Free camping in Anza Borrego Park. Great stop along the highway - the sites are tucked away enough so the traffic noise is minimal. Sites are well dispersed and private with fire rings and pit toilets. Beautiful desert scenery with diverse landscape. Decent cell phone coverage.&#xA;&#xA;You can drive in with 2WD but need 4WD to get the spots further in. Appears to be gravel with not too much difficulty with 2WD. We almost got our ProMaster stuck. Be careful!&#xA;&#xA;Date verified: 2024-07-12 00:00:00 UTC&#xA;Open: Yes&#xA;Electricity: No&#xA;Wifi: Yes&#xA;Kitchen: No&#xA;Parking: Yes&#xA;Restaurant: No&#xA;Showers: No&#xA;Water: No&#xA;Toilets: Yes&#xA;Big rig friendly: No&#xA;Tent friendly: Yes&#xA;Pet friendly: Yes&#xA;Sanitation dump station: No&#xA;&#xA;https://ioverlander.com/places/f7e51838-269d-46c6-8b15-2e171a3a8498 (network required)&#xA;</desc>
  <type>Wild Camping</type>
  <extensions>
   <osmand:icon>tourism_camp_site</osmand:icon>
   <osmand:background>circle</osmand:background>
   <osmand:color>#00ff00</osmand:color>
   <osmand:amenity_subtype>user_defined_other_postcode</osmand:amenity_subtype>
   <osmand:amenity_type>user_defined_other</osmand:amenity_type>
  </extensions>
 </wpt>
 <wpt lat="34.0612" lon="-111.0783">
  <ele>0.0</ele>
  <time>2024-07-12 00:00:00 UTC</time>
  <name>Spencer Hot Springs</name>
  <desc>Sweet hot springs with 3 pools. Lots of places for vehicle or tent camping with good views.&#xA;Several pools, the one in the center can be somewhat adjusted temperature- wise.&#xA;Roads leading fhere are 2wd dirt roads and should be easy unless wet.&#xA;&#xA;Date verified: 2024-07-12 00:00:00 UTC&#xA;Open: Yes&#xA;Electricity: No&#xA;Wifi: No&#xA;Kitchen: No&#xA;Parking: Yes&#xA;Restaurant: No&#xA;Showers: No&#xA;Water: Yes&#xA;Toilets: No&#xA;Big rig friendly: Yes&#xA;Tent friendly: Yes&#xA;Pet friendly: Yes&#xA;Sanitation dump station: No&#xA;&#xA;https://ioverlander.com/places/2956a418-17e9-4b40-9831-0e579dc7fd6d (network required)&#xA;</desc>
  <type>Wild Camping</type>
  <extensions>
   <osmand:icon>tourism_camp_site</osmand:icon>
   <osmand:background>circle</osmand:background>
   <osmand:color>#00ff00</osmand:color>
   <osmand:amenity_subtype>user_defined_other_postcode</osmand:amenity_subtype>
   <osmand:amenity_type>user_defined_other</osmand:amenity_type>
  </extensions>
 </wpt>
 <wpt lat="47.7757" lon="-120.7093">
  <ele>0.0</ele>
  <time>2024-07-12 00:00:00 UTC</time>
  <name>Burr Trail - NICE</name>
  <desc>Very quiet sleeping places on the Burr Trail to Boulder on a BLM road. Only saw trucks and vans as road is extremely uneven. RV 24 ft max due to the overhang at the entrance.&#xA;&#xA;Tons of good camping off the Burr Trail once you&#39;ve entered Grand Staircase-Escalante. All BLM. Just dirt roads and fire rings. There is vegetation and hills so still very private. It&#39;s sandy — use caution if it&#39;s rainy, the clay turns to butter.&#xA;&#xA;Date verified: 2024-07-12 00:00:00 UTC&#xA;Open: Yes&#xA;Electricity: No&#xA;Wifi: No&#xA;Kitchen: No&#xA;Parking: Yes&#xA;Restaurant: No&#xA;Showers: No&#xA;Water: No&#xA;Toilets: No&#xA;Big rig friendly: No&#xA;Tent friendly: No&#xA;Pet friendly: No&#xA;Sanitation dump station: No&#xA;&#xA;https://ioverlander.com/places/bea1a520-07fa-4bab-a369-37f1e2141bdf (network required)&#xA;</desc>
  <type>Wild Camping</type>
  <extensions>
   <osmand:icon>tourism_camp_site</osmand:icon>
   <osmand:background>circle</osmand:background>
   <osmand:color>#00ff00</osmand:color>
   <osmand:amenity_subtype>user_defined_other_postcode</osmand:amenity_subtype>
   <osmand:amenity_type>user_defined_other</osmand:amenity_type>
  </extensions>
 </wpt>
 <wpt lat="27.7017" lon="-81.4696">
  <ele>0.0</ele>
  <time>2024-07-12 00:00:00 UTC</time>
  <name>Coral Pink Sand Dunes - OK</name>
  <desc>Free camping without nothing in the BLM area. But you can also everywhere else camped nearby! Price: Free&#xA;&#xA;Date verified: 2024-07-12 00:00:00 UTC&#xA;Open: Yes&#xA;Electricity: No&#xA;Wifi: No&#xA;Kitchen: No&#xA;Parking: Yes&#xA;Restaurant: No&#xA;Showers: No&#xA;Water: No&#xA;Toilets: No&#xA;Big rig friendly: No&#xA;Tent friendly: No&#xA;Pet friendly: No&#xA;Sanitation dump station: No&#xA;&#xA;https://ioverlander.com/places/365ae548-053f-4064-a19f-95ae29877eac (network required)&#xA;</desc>
  <type>Wild Camping</type>
  <extensions>
   <osmand:icon>tourism_camp_site</osmand:icon>
   <osmand:background>circle</osmand:background>
   <osmand:color>#00ff00</osmand:color>
   <osmand:amenity_subtype>user_defined_other_postcode</osmand:amenity_subtype>
   <osmand:amenity_type>user_defined_other</osmand:amenity_type>
  </extensions>
 </wpt>
 <wpt lat="43.1251" lon="-107.2287">
  <ele>0.0</ele>
  <time>2024-07-12 00:00:00 UTC</time>
  <name>Egan Creat Trail System Recreation Area</name>
  <desc>Recreation Area with NO &#34;no camping&#34; or &#34;no overnight&#34; signs. Although right off the highway, it&#39;s pretty quiet. 2 shelters with tables and garbage cans. A couple of trails to hike, OHV or MTB.&#xA;Free&#xA;&#xA;Date verified: 2024-07-12 00:00:00 UTC&#xA;Open: Yes&#xA;Electricity: No&#xA;Wifi: No&#xA;Kitchen: No&#xA;Parking: Yes&#xA;Restaurant: No&#xA;Showers: No&#xA;Water: No&#xA;Toilets: No&#xA;Big rig friendly: Yes&#xA;Tent friendly: Yes&#xA;Pet friendly: Yes&#xA;Sanitation dump station: No&#xA;&#xA;https://ioverlander.com/places/1ae93933-42a2-4603-98da-2a43cd690474 (network required)&#xA;</desc>
  <type>Wild Camping</type>
  <extensions>
   <osmand:icon>tourism_camp_site</osmand:icon>
   <osmand:background>circle</osmand:background>
   <osmand:color>#00ff00</osmand:color>
   <osmand:amenity_subtype>user_defined_other_postcode</osmand:amenity_subtype>
   <osmand:amenity_type>user_defined_other</osmand:amenity_type>
  </extensions>
 </wpt>
 <wpt lat="46.9412" lon="-110.2856">
  <ele>0.0</ele>
  <time>2024-07-12 00:00:00 UTC</time>
  <name>Elyn - OK</name>
  <desc>Sleeping area in NF. Was super quiet here, albeit cold.&#xA;&#xA;Date verified: 2024-07-12 00:00:00 UTC&#xA;Open: Yes&#xA;Electricity: No&#xA;Wifi: No&#xA;Kitchen: No&#xA;Parking: Yes&#xA;Restaurant: No&#xA;Showers: No&#xA;Water: No&#xA;Toilets: No&#xA;Big rig friendly: No&#xA;Tent friendly: No&#xA;Pet friendly: No&#xA;Sanitation dump station: No&#xA;&#xA;https://ioverlander.com/places/dcbb6c90-2b31-4076-b9e9-1ace9ba179f4 (network required)&#xA;</desc>
  <type>Wild Camping</type>
  <extensions>
   <osmand:icon>tourism_camp_site</osmand:icon>
   <osmand:background>circle</osmand:background>
   <osmand:color>#00ff00</osmand:color>
   <osmand:amenity_subtype>user_defined_other_postcode</osmand:amenity_subtype>
   <osmand:amenity_type>user_defined_other</osmand:amenity_type>
  </extensions>
 </wpt>
 <wpt lat="38.8764" lon="-116.327">
  <ele>0.0</ele>
  <time>2024-07-12 00:00:00 UTC</time>
  <name>Lake Mead RA - NICE</name>
  <desc>Nice place outside the Lake Mead Recreation Area between the Valley of Fire and Las Vegas on a 4x4 route slightly away from the main road. Very quiet, aircraft can be heard sometimes.&#xA;&#xA;Date verified: 2024-07-12 00:00:00 UTC&#xA;Open: Yes&#xA;Electricity: No&#xA;Wifi: No&#xA;Kitchen: No&#xA;Parking: Yes&#xA;Restaurant: No&#xA;Showers: No&#xA;Water: No&#xA;Toilets: No&#xA;Big rig friendly: No&#xA;Tent friendly: No&#xA;Pet friendly: Yes&#xA;Sanitation dump station: No&#xA;&#xA;https://ioverlander.com/places/a35e09d7-c66d-4852-94ba-826a06891d66 (network required)&#xA;</desc>
  <type>Wild Camping</type>
  <extensions>
   <osmand:icon>tourism_camp_site</osmand:icon>
   <osmand:background>circle</osmand:background>
   <osmand:color>#00ff00</osmand:color>
   <osmand:amenity_subtype>user_defined_other_postcode</osmand:amenity_subtype>
   <osmand:amenity_type>user_defined_other</osmand:amenity_type>
  </extensions>
 </wpt>
 <wpt lat="44.1543" lon="-114.6342">
  <ele>0.0</ele>
  <time>2024-07-12 00:00:00 UTC</time>
  <name>Salton Sea - OK</name>
  <desc>Sleeping place behind a palm tree at the Salton Sea. You can sleep anywhere here beside the road. Is not especially beautiful, but good starting point for the Salton Sea bird watching.&#xA;&#xA;Date verified: 2024-07-12 00:00:00 UTC&#xA;Open: Yes&#xA;Electricity: No&#xA;Wifi: No&#xA;Kitchen: No&#xA;Parking: Yes&#xA;Restaurant: No&#xA;Showers: No&#xA;Water: No&#xA;Toilets: No&#xA;Big rig friendly: No&#xA;Tent friendly: No&#xA;Pet friendly: Yes&#xA;Sanitation dump station: No&#xA;&#xA;https://ioverlander.com/places/ae0329e0-01d5-4110-a960-2d2ab5002dcd (network required)&#xA;</desc>
  <type>Wild Camping</type>
  <extensions>
   <osmand:icon>tourism_camp_site</osmand:icon>
   <osmand:background>circle</osmand:background>
   <osmand:color>#00ff00</osmand:color>
   <osmand:amenity_subtype>user_defined_other_postcode</osmand:amenity_subtype>
   <osmand:amenity_type>user_defined_other</osmand:amenity_type>
  </extensions>
 </wpt>
 <wpt lat="34.6183" lon="-105.7469">
  <ele>0.0</ele>
  <time>2024-07-12 00:00:00 UTC</time>
  <name>Schlafplatz vor Vegas - OK</name>
  <desc>Sleeping place on a gravel road just before Vegas in NF. One has to go back there since before the site belongs to a camp. Was very quiet, even when not specifically just beautiful. Weak cell signal.&#xA;&#xA;Date verified: 2024-07-12 00:00:00 UTC&#xA;Open: Yes&#xA;Electricity: No&#xA;Wifi: Yes&#xA;Kitchen: No&#xA;Parking: Yes&#xA;Restaurant: No&#xA;Showers: No&#xA;Water: No&#xA;Toilets: No&#xA;Big rig friendly: No&#xA;Tent friendly: No&#xA;Pet friendly: Yes&#xA;Sanitation dump station: No&#xA;&#xA;https://ioverlander.com/places/2d2b3ab0-9e7d-42c2-9637-9be9b56c4eb7 (network required)&#xA;</desc>
  <type>Wild Camping</type>
  <extensions>
   <osmand:icon>tourism_camp_site</osmand:icon>
   <osmand:background>circle</osmand:background>
   <osmand:color>#00ff00</osmand:color>
   <osmand:amenity_subtype>user_defined_other_postcode</osmand:amenity_subtype>
   <osmand:amenity_type>user_defined_other</osmand:amenity_type>
  </extensions>
 </wpt>
 <wpt lat="36.889" lon="-119.2793">
  <ele>0.0</ele>
  <time>2024-07-12 00:00:00 UTC</time>
  <name>Smokey Mountain Rd - NICE</name>
  <desc>Very nice place on top of the cliff with great views! Large area with awesome view, fire ring. Permit for overnight stay is not necessary.&#xA;&#xA;Smokey Mountains Road/Kelly Grade to this point is in sections very steep, but a great experience. Don&#39;t attempt too soon after rain storm as road can get slick. Curvy shelf road all the way to top of Kelly Grade.&#xA;&#xA;Quiet and beautiful. Certainly often windy, but luckily there&#39;s no wind at night. Weak signals.&#xA;&#xA;Date verified: 2024-07-12 00:00:00 UTC&#xA;Open: Yes&#xA;Electricity: No&#xA;Wifi: Yes&#xA;Kitchen: No&#xA;Parking: Yes&#xA;Restaurant: No&#xA;Showers: No&#xA;Water: No&#xA;Toilets: No&#xA;Big rig friendly: No&#xA;Tent friendly: Yes&#xA;Pet friendly: Yes&#xA;Sanitation dump station: No&#xA;&#xA;https://ioverlander.com/places/a17a4ff7-5a2b-4508-87ee-c32d812c0373 (network required)&#xA;</desc>
  <type>Wild Camping</type>
  <extensions>
   <osmand:icon>tourism_camp_site</osmand:icon>
   <osmand:background>circle</osmand:background>
   <osmand:color>#00ff00</osmand:color>
   <osmand:amenity_subtype>user_defined_other_postcode</osmand:amenity_subtype>
   <osmand:amenity_type>user_defined_other</osmand:amenity_type>
  </extensions>
 </wpt>
 <wpt lat="32.0916" lon="-99.7478">
  <ele>0.0</ele>
  <time>2024-07-12 00:00:00 UTC</time>
  <name>BLM Free Camping West of Zion</name>
  <desc>Sleeping place just off the main road on well marked road. Big rigs welcome. Warm according to circumstances but quiet at night. Verizon decent, good t-mobile. Good 5G internet on my phone.&#xA;&#xA;Date verified: 2024-07-12 00:00:00 UTC&#xA;Open: Yes&#xA;Electricity: No&#xA;Wifi: No&#xA;Kitchen: No&#xA;Parking: Yes&#xA;Restaurant: No&#xA;Showers: No&#xA;Water: No&#xA;Toilets: No&#xA;Big rig friendly: Yes&#xA;Tent friendly: Yes&#xA;Pet friendly: Yes&#xA;Sanitation dump station: No&#xA;&#xA;https://ioverlander.com/places/e4e858f4-1965-4d5c-9f00-8728eb47dfd4 (network required)&#xA;</desc>
  <type>Wild Camping</type>
  <extensions>
   <osmand:icon>tourism_camp_site</osmand:icon>
   <osmand:background>circle</osmand:background>
   <osmand:color>#00ff00</osmand:color>
   <osmand:amenity_subtype>user_defined_other_postcode</osmand:amenity_subtype>
   <osmand:amenity_type>user_defined_other</osmand:amenity_type>
  </extensions>
 </wpt>
 <wpt lat="43.9394" lon="-120.3848">
  <ele>0.0</ele>
  <time>2024-07-12 00:00:00 UTC</time>
  <name>National Forest Outside Durango</name>
  <desc>Free. Great quiet camping in canyon next to river. National forest. At end of First Fork road (12 miles on a good dirt road), a few miles east of Durango on the way to Pagosa Springs. Trails.&#xA;&#xA;Date verified: 2024-07-12 00:00:00 UTC&#xA;Open: Yes&#xA;Electricity: No&#xA;Wifi: No&#xA;Kitchen: No&#xA;Parking: Yes&#xA;Restaurant: No&#xA;Showers: No&#xA;Water: Yes&#xA;Toilets: Yes&#xA;Big rig friendly: Yes&#xA;Tent friendly: Yes&#xA;Pet friendly: Yes&#xA;Sanitation dump station: No&#xA;&#xA;https://ioverlander.com/places/aacb1215-c5fc-47b7-99ba-a0d020628325 (network required)&#xA;</desc>
  <type>Wild Camping</type>
  <extensions>
   <osmand:icon>tourism_camp_site</osmand:icon>
   <osmand:background>circle</osmand:background>
   <osmand:color>#00ff00</osmand:color>
   <osmand:amenity_subtype>user_defined_other_postcode</osmand:amenity_subtype>
   <osmand:amenity_type>user_defined_other</osmand:amenity_type>
  </extensions>
 </wpt>
 <wpt lat="39.4686" lon="-110.9089">
  <ele>0.0</ele>
  <time>2024-07-12 00:00:00 UTC</time>
  <name>National Forest outside Ouray</name>
  <desc>Beautiful mountain scenery along this 40 mile dirt road which crosses Owl Creek mountain pass, between Ridgway and Montrose. Cold at night. No facilities, free. Plenty of boondocking opportunities.&#xA;&#xA;Date verified: 2024-07-12 00:00:00 UTC&#xA;Open: Yes&#xA;Electricity: No&#xA;Wifi: No&#xA;Kitchen: No&#xA;Parking: Yes&#xA;Restaurant: No&#xA;Showers: No&#xA;Water: Yes&#xA;Toilets: No&#xA;Big rig friendly: Yes&#xA;Tent friendly: Yes&#xA;Pet friendly: Yes&#xA;Sanitation dump station: No&#xA;&#xA;https://ioverlander.com/places/c20e0dc6-7617-417f-b0ad-ae1408165215 (network required)&#xA;</desc>
  <type>Wild Camping</type>
  <extensions>
   <osmand:icon>tourism_camp_site</osmand:icon>
   <osmand:background>circle</osmand:background>
   <osmand:color>#00ff00</osmand:color>
   <osmand:amenity_subtype>user_defined_other_postcode</osmand:amenity_subtype>
   <osmand:amenity_type>user_defined_other</osmand:amenity_type>
  </extensions>
 </wpt>
 <wpt lat="39.71" lon="-105.5819">
  <ele>0.0</ele>
  <time>2024-07-12 00:00:00 UTC</time>
  <name>National Forest outside Crested Butte</name>
  <desc>Free. Beautiful mountain scenery, 15 minutes on dirt road outside town of Crested Butte along Kebler Pass Road. Dirt road but easy to get here in a class C. Kebler Pass Road is a thoroughfare and there&#39;s a lot of traffic on the road.&#xA;&#xA;Gorgeous view to Beckwith Mountain. Easy trail down to the river. There are more campsites at Horse Ranch Park and the Cliff Creek Trailhead just northwest of the GPS marker. Horse Ranch has a pit toilet.&#xA;&#xA;Wildlife includes black bears, elk, beaver, and deer. Mosquitoes were relentless — never camp here without preparation.&#xA;&#xA;Date verified: 2024-07-12 00:00:00 UTC&#xA;Open: Yes&#xA;Electricity: No&#xA;Wifi: No&#xA;Kitchen: No&#xA;Parking: Yes&#xA;Restaurant: No&#xA;Showers: No&#xA;Water: Yes&#xA;Toilets: No&#xA;Big rig friendly: No&#xA;Tent friendly: Yes&#xA;Pet friendly: Yes&#xA;Sanitation dump station: No&#xA;&#xA;https://ioverlander.com/places/30bcd1a8-08cf-49bd-a3f5-dfa770c5f8a6 (network required)&#xA;</desc>
  <type>Wild Camping</type>
  <extensions>
   <osmand:icon>tourism_camp_site</osmand:icon>
   <osmand:background>circle</osmand:background>
   <osmand:color>#00ff00</osmand:color>
   <osmand:amenity_subtype>user_defined_other_postcode</osmand:amenity_subtype>
   <osmand:amenity_type>user_defined_other</osmand:amenity_type>
  </extensions>
 </wpt>
 <wpt lat="34.2211" lon="-110.8781">
  <ele>0.0</ele>
  <time>2024-07-12 00:00:00 UTC</time>
  <name>National Forest outside Glenwood Springs</name>
  <desc>Free. National Forest camping off a dirt road, with good views in all directions. Quiet, only sound you hear are distant cows. No facilities.&#xA;&#xA;Date verified: 2024-07-12 00:00:00 UTC&#xA;Open: Yes&#xA;Electricity: No&#xA;Wifi: No&#xA;Kitchen: No&#xA;Parking: Yes&#xA;Restaurant: No&#xA;Showers: No&#xA;Water: No&#xA;Toilets: No&#xA;Big rig friendly: No&#xA;Tent friendly: Yes&#xA;Pet friendly: Yes&#xA;Sanitation dump station: No&#xA;&#xA;https://ioverlander.com/places/8ebad945-50bd-45c8-ba11-b9d4136a0fc5 (network required)&#xA;</desc>
  <type>Wild Camping</type>
  <extensions>
   <osmand:icon>tourism_camp_site</osmand:icon>
   <osmand:background>circle</osmand:background>
   <osmand:color>#00ff00</osmand:color>
   <osmand:amenity_subtype>user_defined_other_postcode</osmand:amenity_subtype>
   <osmand:amenity_type>user_defined_other</osmand:amenity_type>
  </extensions>
 </wpt>
 <wpt lat="47.9356" lon="-120.5091">
  <ele>0.0</ele>
  <time>2024-07-12 00:00:00 UTC</time>
  <name>Flaming Gorge national Forest</name>
  <desc>Free wild camping in Flaming Gorge. Great mountain scenery.&#xA;&#xA;Date verified: 2024-07-12 00:00:00 UTC&#xA;Open: Yes&#xA;Electricity: No&#xA;Wifi: No&#xA;Kitchen: No&#xA;Parking: Yes&#xA;Restaurant: No&#xA;Showers: No&#xA;Water: No&#xA;Toilets: No&#xA;Big rig friendly: Yes&#xA;Tent friendly: Yes&#xA;Pet friendly: Yes&#xA;Sanitation dump station: No&#xA;&#xA;https://ioverlander.com/places/8bd6c74c-c38f-4f75-bc7f-d66ed5db0450 (network required)&#xA;</desc>
  <type>Wild Camping</type>
  <extensions>
   <osmand:icon>tourism_camp_site</osmand:icon>
   <osmand:background>circle</osmand:background>
   <osmand:color>#00ff00</osmand:color>
   <osmand:amenity_subtype>user_defined_other_postcode</osmand:amenity_subtype>
   <osmand:amenity_type>user_defined_other</osmand:amenity_type>
  </extensions>
 </wpt>
 <wpt lat="27.8616" lon="-81.2694">
  <ele>0.0</ele>
  <time>2024-07-12 00:00:00 UTC</time>
  <name>Big Run Falls</name>
  <desc>This is a primitive site located along a forest road in Monongahela National Forest. The forest road is graded in sections, but is unimproved in other sections. Four-wheel drive may not be required, but is strongly recommended. The site is marked by a fire circle, and a large, deteriorating picnic table. There is room for roughly a half dozen vehicles, or a couple of modately-sized off-road campers. While we&#39;ve never encountered other campers there, it is evidently a popular spot. It is a superb destination for hiking, biking, and exploring. There are a number of amazing waterfalls in the immediate vicinity.&#xA;&#xA;Date verified: 2024-07-12 00:00:00 UTC&#xA;Open: Yes&#xA;Electricity: No&#xA;Wifi: No&#xA;Kitchen: No&#xA;Parking: Yes&#xA;Restaurant: No&#xA;Showers: No&#xA;Water: Yes&#xA;Toilets: No&#xA;Big rig friendly: No&#xA;Tent friendly: Yes&#xA;Pet friendly: Yes&#xA;Sanitation dump station: No&#xA;&#xA;https://ioverlander.com/places/ca8736ca-ca36-4d05-9ca0-be07c659da5e (network required)&#xA;</desc>
  <type>Wild Camping</type>
  <extensions>
   <osmand:icon>tourism_camp_site</osmand:icon>
   <osmand:background>circle</osmand:background>
   <osmand:color>#00ff00</osmand:color>
   <osmand:amenity_subtype>user_defined_other_postcode</osmand:amenity_subtype>
   <osmand:amenity_type>user_defined_other</osmand:amenity_type>
  </extensions>
 </wpt>
 <wpt lat="43.285" lon="-107.0285">
  <ele>0.0</ele>
  <time>2024-07-12 00:00:00 UTC</time>
  <name>Cherry Tree Hunter&#39;s Camp</name>
  <desc>Small open area in the forest, no creeks or other water sources. Has a quality fire ring, and plenty of space for tents. thick pine canopy stops underbrush from growing too thick. Really pleasant campsite.&#xA;&#xA;Date verified: 2024-07-12 00:00:00 UTC&#xA;Open: Yes&#xA;Electricity: No&#xA;Wifi: No&#xA;Kitchen: No&#xA;Parking: Yes&#xA;Restaurant: No&#xA;Showers: No&#xA;Water: No&#xA;Toilets: No&#xA;Big rig friendly: No&#xA;Tent friendly: Yes&#xA;Pet friendly: Yes&#xA;Sanitation dump station: No&#xA;&#xA;https://ioverlander.com/places/43d18d13-e1aa-4024-b5cb-c83b94a3763a (network required)&#xA;</desc>
  <type>Wild Camping</type>
  <extensions>
   <osmand:icon>tourism_camp_site</osmand:icon>
   <osmand:background>circle</osmand:background>
   <osmand:color>#00ff00</osmand:color>
   <osmand:amenity_subtype>user_defined_other_postcode</osmand:amenity_subtype>
   <osmand:amenity_type>user_defined_other</osmand:amenity_type>
  </extensions>
 </wpt>
 <wpt lat="47.1011" lon="-110.0854">
  <ele>0.0</ele>
  <time>2024-07-12 00:00:00 UTC</time>
  <name>Cal Anderson Park</name>
  <desc>We rolled into Capitol Hill, Seattle thinking that it would be easy to poach a spot on the street, only to find that the streets were all over crowded with bumper to bumper parking. We did find the Gold mine though - Cal Anderson Park, just off of Broadway and Pike Street - One of the places where Grunge Rock started. Cal Anderson park was nominated for some kind of &#34;wholesome award&#34; and was indeed a fantastic place to park for the night (in small Camper Van style -Not a place for big rigs). The pay parking ends at 20:00 and then it is free until 08:00 weekdays and weekends. It is located right beside the park itself which has a well lit Soccer field (lights out around 23:00), Tennis courts, basketball, a walking area, and is well used by Seattle-ites. There are some fantastic pubs like The Unicorn, or Nuemo&#39;s (Nirvana played there) a couple blocks away on Pike Street. The parking spots are Back in- Horizontal spots, so again- No Big rigs (Sorry).&#xA;&#xA;Date verified: 2024-07-12 00:00:00 UTC&#xA;Open: Yes&#xA;Electricity: No&#xA;Wifi: No&#xA;Kitchen: No&#xA;Parking: Yes&#xA;Restaurant: Yes&#xA;Showers: No&#xA;Water: No&#xA;Toilets: No&#xA;Big rig friendly: No&#xA;Tent friendly: No&#xA;Pet friendly: Yes&#xA;Sanitation dump station: No&#xA;&#xA;https://ioverlander.com/places/c9d0c92d-8490-48bd-be52-36f17a69442e (network required)&#xA;</desc>
  <type>Wild Camping</type>
  <extensions>
   <osmand:icon>tourism_camp_site</osmand:icon>
   <osmand:background>circle</osmand:background>
   <osmand:color>#00ff00</osmand:color>
   <osmand:amenity_subtype>user_defined_other_postcode</osmand:amenity_subtype>
   <osmand:amenity_type>user_defined_other</osmand:amenity_type>
  </extensions>
 </wpt>
 <wpt lat="39.0363" lon="-116.1268">
  <ele>0.0</ele>
  <time>2024-07-12 00:00:00 UTC</time>
  <name>Devil&#39;s Half Acre Meadow</name>
  <desc>Primitive road. One fire pit. Enough space for multiple tents and vehicles. Big open meadow. Another area across the road as well. Road is closed during the snow season. Not recommended for anything bigger than a 170 sprinter.&#xA;&#xA;Date verified: 2024-07-12 00:00:00 UTC&#xA;Open: Yes&#xA;Electricity: No&#xA;Wifi: No&#xA;Kitchen: No&#xA;Parking: Yes&#xA;Restaurant: No&#xA;Showers: No&#xA;Water: No&#xA;Toilets: No&#xA;Big rig friendly: No&#xA;Tent friendly: Yes&#xA;Pet friendly: Yes&#xA;Sanitation dump station: No&#xA;&#xA;https://ioverlander.com/places/aebbea75-0ecb-4a1c-ab57-d1476c2c42b0 (network required)&#xA;</desc>
  <type>Wild Camping</type>
  <extensions>
   <osmand:icon>tourism_camp_site</osmand:icon>
   <osmand:background>circle</osmand:background>
   <osmand:color>#00ff00</osmand:color>
   <osmand:amenity_subtype>user_defined_other_postcode</osmand:amenity_subtype>
   <osmand:amenity_type>user_defined_other</osmand:amenity_type>
  </extensions>
 </wpt>
 <wpt lat="44.3142" lon="-114.434">
  <ele>0.0</ele>
  <time>2024-07-12 00:00:00 UTC</time>
  <name>Near Batty Pass Caves</name>
  <desc>Near the base of Fifty-Mile mountain. Two large, flat, primitive sites can accommodate fairly large groups, plus there is another site farther down with less flat space. This location is very near Batty Pass caves, three old rancher caves worth visiting if you are in the area. This location is also near (on the other side of the Hole-in-the-Rock road) Peek-a-boo and Spooky gulches (part of the upper end of Coyote gulch), two popular, short, and excellent non-technical slot canyons. Dogs are allowed in this location, but note that if you are here for Coyote Gulch features, dogs are not allowed there.&#xA;&#xA;Date verified: 2024-07-12 00:00:00 UTC&#xA;Open: Yes&#xA;Electricity: No&#xA;Wifi: No&#xA;Kitchen: No&#xA;Parking: Yes&#xA;Restaurant: No&#xA;Showers: No&#xA;Water: No&#xA;Toilets: No&#xA;Big rig friendly: No&#xA;Tent friendly: Yes&#xA;Pet friendly: Yes&#xA;Sanitation dump station: No&#xA;&#xA;https://ioverlander.com/places/f8fc7603-5d0d-40a4-b814-3303b1232f5e (network required)&#xA;</desc>
  <type>Wild Camping</type>
  <extensions>
   <osmand:icon>tourism_camp_site</osmand:icon>
   <osmand:background>circle</osmand:background>
   <osmand:color>#00ff00</osmand:color>
   <osmand:amenity_subtype>user_defined_other_postcode</osmand:amenity_subtype>
   <osmand:amenity_type>user_defined_other</osmand:amenity_type>
  </extensions>
 </wpt>
 <wpt lat="34.7782" lon="-105.5467">
  <ele>0.0</ele>
  <time>2024-07-12 00:00:00 UTC</time>
  <name>West of Blanding</name>
  <desc>Very scenic overlook.&#xA;&#xA;Date verified: 2024-07-12 00:00:00 UTC&#xA;Open: Yes&#xA;Electricity: No&#xA;Wifi: No&#xA;Kitchen: No&#xA;Parking: Yes&#xA;Restaurant: No&#xA;Showers: No&#xA;Water: No&#xA;Toilets: No&#xA;Big rig friendly: No&#xA;Tent friendly: Yes&#xA;Pet friendly: Yes&#xA;Sanitation dump station: No&#xA;&#xA;https://ioverlander.com/places/7c127e68-3199-4fd9-b888-c69333e43778 (network required)&#xA;</desc>
  <type>Wild Camping</type>
  <extensions>
   <osmand:icon>tourism_camp_site</osmand:icon>
   <osmand:background>circle</osmand:background>
   <osmand:color>#00ff00</osmand:color>
   <osmand:amenity_subtype>user_defined_other_postcode</osmand:amenity_subtype>
   <osmand:amenity_type>user_defined_other</osmand:amenity_type>
  </extensions>
 </wpt>
 <wpt lat="37.0489" lon="-119.0791">
  <ele>0.0</ele>
  <time>2024-07-12 00:00:00 UTC</time>
  <name>Near Robsons Mining World</name>
  <desc>Permits needed for overnight stay.&#xA;&#xA;A desert camping location that is tucked back in the trees. Dry camp. The nearby attraction has a restaurant with limited hours. Interesting glimpse into mining life.&#xA;&#xA;Date verified: 2024-07-12 00:00:00 UTC&#xA;Open: Yes&#xA;Electricity: No&#xA;Wifi: No&#xA;Kitchen: No&#xA;Parking: Yes&#xA;Restaurant: No&#xA;Showers: No&#xA;Water: No&#xA;Toilets: No&#xA;Big rig friendly: Yes&#xA;Tent friendly: Yes&#xA;Pet friendly: Yes&#xA;Sanitation dump station: No&#xA;&#xA;https://ioverlander.com/places/6066245c-779f-4b60-9b82-05f0dc0a64dd (network required)&#xA;</desc>
  <type>Wild Camping</type>
  <extensions>
   <osmand:icon>tourism_camp_site</osmand:icon>
   <osmand:background>circle</osmand:background>
   <osmand:color>#00ff00</osmand:color>
   <osmand:amenity_subtype>user_defined_other_postcode</osmand:amenity_subtype>
   <osmand:amenity_type>user_defined_other</osmand:amenity_type>
  </extensions>
 </wpt>
 <wpt lat="32.2515" lon="-99.5476">
  <ele>0.0</ele>
  <time>2024-07-12 00:00:00 UTC</time>
  <name>Snyder Hill, West Side-Tucson, AZ</name>
  <desc>This is a piece of BLM land northeast of the junction of San Joaquin Rd and W Ajo Highway. To the southwest of Tuscon. The area is accessed from the San Joaquin Rd and is criss-crossed with gravel tracks. It is fairly level and covered in small desert trees and bushes so it is possible to remain unseen from the adjacent roads if your vehicle is not too high. It is also possible to pitch a tent as there was one here at the same time as me. There are no facilities whatsoever and traffic noise can be heard from the Ajo 86 Highway. The use of the site is free. T-Mobile 5G service.&#xA;&#xA;Date verified: 2024-07-12 00:00:00 UTC&#xA;Open: Yes&#xA;Electricity: No&#xA;Wifi: Yes&#xA;Kitchen: No&#xA;Parking: Yes&#xA;Restaurant: No&#xA;Showers: No&#xA;Water: No&#xA;Toilets: No&#xA;Big rig friendly: Yes&#xA;Tent friendly: Yes&#xA;Pet friendly: Yes&#xA;Sanitation dump station: No&#xA;&#xA;https://ioverlander.com/places/4ed49da3-5cf8-4b86-bb24-5d6d272ed4f6 (network required)&#xA;</desc>
  <type>Wild Camping</type>
  <extensions>
   <osmand:icon>tourism_camp_site</osmand:icon>
   <osmand:background>circle</osmand:background>
   <osmand:color>#00ff00</osmand:color>
   <osmand:amenity_subtype>user_defined_other_postcode</osmand:amenity_subtype>
   <osmand:amenity_type>user_defined_other</osmand:amenity_type>
  </extensions>
 </wpt>
 <wpt lat="44.0993" lon="-120.1846">
  <ele>0.0</ele>
  <time>2024-07-12 00:00:00 UTC</time>
  <name>Agua Fria National Monument</name>
  <desc>Lots of areas for off road camping with solitude. Road starts off easy, but 4wd / high clearance needed further on &amp; on side roads. Bloody Basin exit off I-17. Archaeological site too that you can walk around.&#xA;&#xA;Date verified: 2024-07-12 00:00:00 UTC&#xA;Open: Yes&#xA;Electricity: No&#xA;Wifi: No&#xA;Kitchen: No&#xA;Parking: Yes&#xA;Restaurant: No&#xA;Showers: No&#xA;Water: No&#xA;Toilets: No&#xA;Big rig friendly: No&#xA;Tent friendly: Yes&#xA;Pet friendly: Yes&#xA;Sanitation dump station: No&#xA;&#xA;https://ioverlander.com/places/4bc0f736-1f30-4915-93d9-9a57bb15a2ea (network required)&#xA;</desc>
  <type>Wild Camping</type>
  <extensions>
   <osmand:icon>tourism_camp_site</osmand:icon>
   <osmand:background>circle</osmand:background>
   <osmand:color>#00ff00</osmand:color>
   <osmand:amenity_subtype>user_defined_other_postcode</osmand:amenity_subtype>
   <osmand:amenity_type>user_defined_other</osmand:amenity_type>
  </extensions>
 </wpt>
 <wpt lat="39.6285" lon="-110.7087">
  <ele>0.0</ele>
  <time>2024-07-12 00:00:00 UTC</time>
  <name>Hurricane Creek Camp</name>
  <desc>Trail directly off I40 Westbound in NC. Camp site just about a mile in from interstate. You turn off interstate at the end of guard rail, not an exit. Boondock camping. Large low hanging branches, not ok if you are taller than 8 feet.&#xA;&#xA;Date verified: 2024-07-12 00:00:00 UTC&#xA;Open: Yes&#xA;Electricity: No&#xA;Wifi: No&#xA;Kitchen: No&#xA;Parking: Yes&#xA;Restaurant: No&#xA;Showers: No&#xA;Water: Yes&#xA;Toilets: No&#xA;Big rig friendly: No&#xA;Tent friendly: Yes&#xA;Pet friendly: Yes&#xA;Sanitation dump station: No&#xA;&#xA;https://ioverlander.com/places/1d53536c-f92c-44fe-9d68-fce59b3dadcb (network required)&#xA;</desc>
  <type>Wild Camping</type>
  <extensions>
   <osmand:icon>tourism_camp_site</osmand:icon>
   <osmand:background>circle</osmand:background>
   <osmand:color>#00ff00</osmand:color>
   <osmand:amenity_subtype>user_defined_other_postcode</osmand:amenity_subtype>
   <osmand:amenity_type>user_defined_other</osmand:amenity_type>
  </extensions>
 </wpt>
 <wpt lat="39.8699" lon="-105.3817">
  <ele>0.0</ele>
  <time>2024-07-12 00:00:00 UTC</time>
  <name>Muley Point</name>
  <desc>This area is full of great wild camp options but this is one of our favorites even though the secret seems to be out so you will probably not be alone. It can get windy up here but the views are unbeatable. Only amenity here is fire pits. For an unforgettable drive, head north off the 163 through the valley of the gods (road turns off 7.5 miles north of Mexican Hat) on your way here. Roads in are dirt and not suitable for huge rigs.&#xA;Four bars on cell service.&#xA;&#xA;Date verified: 2024-07-12 00:00:00 UTC&#xA;Open: Yes&#xA;Electricity: No&#xA;Wifi: No&#xA;Kitchen: No&#xA;Parking: Yes&#xA;Restaurant: No&#xA;Showers: No&#xA;Water: No&#xA;Toilets: No&#xA;Big rig friendly: No&#xA;Tent friendly: Yes&#xA;Pet friendly: Yes&#xA;Sanitation dump station: No&#xA;&#xA;https://ioverlander.com/places/e446dd70-41ba-4f59-be85-3bd72f03b708 (network required)&#xA;</desc>
  <type>Wild Camping</type>
  <extensions>
   <osmand:icon>tourism_camp_site</osmand:icon>
   <osmand:background>circle</osmand:background>
   <osmand:color>#00ff00</osmand:color>
   <osmand:amenity_subtype>user_defined_other_postcode</osmand:amenity_subtype>
   <osmand:amenity_type>user_defined_other</osmand:amenity_type>
  </extensions>
 </wpt>
 <wpt lat="34.381" lon="-110.6779">
  <ele>0.0</ele>
  <time>2024-07-12 00:00:00 UTC</time>
  <name>Marshall Lake Dispersed Camping</name>
  <desc>Open camp sites in the middle of a tall pine forest. About 5 minutes off Lake Mary Road. Huge open areas with lots of places to choose from. Some spots have rock fire pits.&#xA;&#xA;Date verified: 2024-07-12 00:00:00 UTC&#xA;Open: Yes&#xA;Electricity: No&#xA;Wifi: No&#xA;Kitchen: No&#xA;Parking: Yes&#xA;Restaurant: No&#xA;Showers: No&#xA;Water: No&#xA;Toilets: No&#xA;Big rig friendly: Yes&#xA;Tent friendly: Yes&#xA;Pet friendly: Yes&#xA;Sanitation dump station: No&#xA;&#xA;https://ioverlander.com/places/398780da-251d-4741-b3dc-348f252797c2 (network required)&#xA;</desc>
  <type>Wild Camping</type>
  <extensions>
   <osmand:icon>tourism_camp_site</osmand:icon>
   <osmand:background>circle</osmand:background>
   <osmand:color>#00ff00</osmand:color>
   <osmand:amenity_subtype>user_defined_other_postcode</osmand:amenity_subtype>
   <osmand:amenity_type>user_defined_other</osmand:amenity_type>
  </extensions>
 </wpt>
 <wpt lat="48.0955" lon="-120.3089">
  <ele>0.0</ele>
  <time>2024-07-12 00:00:00 UTC</time>
  <name>Kaibab Forest Dispersed Camping</name>
  <desc>Free camping at about a dozen sites in a pine forest with fire pits.&#xA;&#xA;Date verified: 2024-07-12 00:00:00 UTC&#xA;Open: Yes&#xA;Electricity: No&#xA;Wifi: No&#xA;Kitchen: No&#xA;Parking: Yes&#xA;Restaurant: No&#xA;Showers: No&#xA;Water: No&#xA;Toilets: No&#xA;Big rig friendly: Yes&#xA;Tent friendly: Yes&#xA;Pet friendly: Yes&#xA;Sanitation dump station: No&#xA;&#xA;https://ioverlander.com/places/1d96b455-c54d-4da2-99f3-739e05ebf3b1 (network required)&#xA;</desc>
  <type>Wild Camping</type>
  <extensions>
   <osmand:icon>tourism_camp_site</osmand:icon>
   <osmand:background>circle</osmand:background>
   <osmand:color>#00ff00</osmand:color>
   <osmand:amenity_subtype>user_defined_other_postcode</osmand:amenity_subtype>
   <osmand:amenity_type>user_defined_other</osmand:amenity_type>
  </extensions>
 </wpt>
 <wpt lat="28.0215" lon="-81.0692">
  <ele>0.0</ele>
  <time>2024-07-12 00:00:00 UTC</time>
  <name>Lincoln National Forest Wild Camp</name>
  <desc>Lots of pull outs off this forest road to camp. We chose this one with a meadow, fire ring and a pile of wood. Near Rim Trail trail head. Free and very remote.&#xA;&#xA;Date verified: 2024-07-12 00:00:00 UTC&#xA;Open: Yes&#xA;Electricity: No&#xA;Wifi: No&#xA;Kitchen: No&#xA;Parking: Yes&#xA;Restaurant: No&#xA;Showers: No&#xA;Water: No&#xA;Toilets: No&#xA;Big rig friendly: Yes&#xA;Tent friendly: Yes&#xA;Pet friendly: Yes&#xA;Sanitation dump station: No&#xA;&#xA;https://ioverlander.com/places/2e1b9ef3-03b2-46d4-bbf0-7a6b30be98de (network required)&#xA;</desc>
  <type>Wild Camping</type>
  <extensions>
   <osmand:icon>tourism_camp_site</osmand:icon>
   <osmand:background>circle</osmand:background>
   <osmand:color>#00ff00</osmand:color>
   <osmand:amenity_subtype>user_defined_other_postcode</osmand:amenity_subtype>
   <osmand:amenity_type>user_defined_other</osmand:amenity_type>
  </extensions>
 </wpt>
 <wpt lat="43.0759" lon="-107.2903">
  <ele>0.0</ele>
  <time>2024-07-12 00:00:00 UTC</time>
  <name>McDonalds Kanab - NAJA</name>
  <desc>Shakedown at McDonalds in Kanab for the morning to drive directly to the raffle Wave.&#xA;&#xA;Date verified: 2024-07-12 00:00:00 UTC&#xA;Open: Yes&#xA;Electricity: No&#xA;Wifi: Yes&#xA;Kitchen: No&#xA;Parking: Yes&#xA;Restaurant: Yes&#xA;Showers: No&#xA;Water: No&#xA;Toilets: No&#xA;Big rig friendly: Yes&#xA;Tent friendly: No&#xA;Pet friendly: Yes&#xA;Sanitation dump station: No&#xA;&#xA;https://ioverlander.com/places/8d5ab6a7-c475-46cc-80c1-68b9fa21b240 (network required)&#xA;</desc>
  <type>Informal Campsite</type>
  <extensions>
   <osmand:icon>tourism_camp_site</osmand:icon>
   <osmand:background>circle</osmand:background>
   <osmand:color>#79d279</osmand:color>
   <osmand:amenity_subtype>user_defined_other_postcode</osmand:amenity_subtype>
   <osmand:amenity_type>user_defined_other</osmand:amenity_type>
  </extensions>
 </wpt>
 <wpt lat="46.892" lon="-110.3472">
  <ele>0.0</ele>
  <time>2024-07-12 00:00:00 UTC</time>
  <name>Sand Wash Wild Horse Area</name>
  <desc>Free camping in the middle of the Sand Wash Wild Horse area. No facilities, BLM land. This spot is next to a small natural pond where lots of wild horses and other animals like pronghorn come to drink.&#xA;&#xA;Date verified: 2024-07-12 00:00:00 UTC&#xA;Open: Yes&#xA;Electricity: No&#xA;Wifi: No&#xA;Kitchen: No&#xA;Parking: Yes&#xA;Restaurant: No&#xA;Showers: No&#xA;Water: No&#xA;Toilets: Yes&#xA;Big rig friendly: Yes&#xA;Tent friendly: Yes&#xA;Pet friendly: Yes&#xA;Sanitation dump station: No&#xA;&#xA;https://ioverlander.com/places/d947df5e-2426-4286-ac97-058712e2abef (network required)&#xA;</desc>
  <type>Informal Campsite</type>
  <extensions>
   <osmand:icon>tourism_camp_site</osmand:icon>
   <osmand:background>circle</osmand:background>
   <osmand:color>#79d279</osmand:color>
   <osmand:amenity_subtype>user_defined_other_postcode</osmand:amenity_subtype>
   <osmand:amenity_type>user_defined_other</osmand:amenity_type>
  </extensions>
 </wpt>
 <wpt lat="38.8272" lon="-116.3886">
  <ele>0.0</ele>
  <time>2024-07-12 00:00:00 UTC</time>
  <name>Rest Stop After Tonopah, NV</name>
  <desc>Rest area with basic amenities: restrooms, picnic tables, water, parking area for RVs., low traffic&#xA;&#xA;Date verified: 2024-07-12 00:00:00 UTC&#xA;Open: Yes&#xA;Electricity: No&#xA;Wifi: Yes&#xA;Kitchen: No&#xA;Parking: Yes&#xA;Restaurant: No&#xA;Showers: No&#xA;Water: Yes&#xA;Toilets: Yes&#xA;Big rig friendly: Yes&#xA;Tent friendly: No&#xA;Pet friendly: Yes&#xA;Sanitation dump station: No&#xA;&#xA;https://ioverlander.com/places/1c156498-73ba-4498-b137-96bbf977c065 (network required)&#xA;</desc>
  <type>Informal Campsite</type>
  <extensions>
   <osmand:icon>tourism_camp_site</osmand:icon>
   <osmand:background>circle</osmand:background>
   <osmand:color>#79d279</osmand:color>
   <osmand:amenity_subtype>user_defined_other_postcode</osmand:amenity_subtype>
   <osmand:amenity_type>user_defined_other</osmand:amenity_type>
  </extensions>
 </wpt>
 <wpt lat="44.1051" lon="-114.6958">
  <ele>0.0</ele>
  <time>2024-07-12 00:00:00 UTC</time>
  <name>Rest Stop On Highway 40</name>
  <desc>Free parking, big rig friendly. Not very level.&#xA;&#xA;Date verified: 2024-07-12 00:00:00 UTC&#xA;Open: Yes&#xA;Electricity: No&#xA;Wifi: No&#xA;Kitchen: No&#xA;Parking: Yes&#xA;Restaurant: No&#xA;Showers: No&#xA;Water: No&#xA;Toilets: Yes&#xA;Big rig friendly: Yes&#xA;Tent friendly: No&#xA;Pet friendly: Yes&#xA;Sanitation dump station: No&#xA;&#xA;https://ioverlander.com/places/d0afe95e-0289-440e-ac04-6577b00faae1 (network required)&#xA;</desc>
  <type>Informal Campsite</type>
  <extensions>
   <osmand:icon>tourism_camp_site</osmand:icon>
   <osmand:background>circle</osmand:background>
   <osmand:color>#79d279</osmand:color>
   <osmand:amenity_subtype>user_defined_other_postcode</osmand:amenity_subtype>
   <osmand:amenity_type>user_defined_other</osmand:amenity_type>
  </extensions>
 </wpt>
 <wpt lat="34.5691" lon="-105.8085">
  <ele>0.0</ele>
  <time>2024-07-12 00:00:00 UTC</time>
  <name>Trinidad Rest Area Southbound</name>
  <desc>There is a sign that posts an 8 hour limit. Plenty of car spots and truck spots as well. The rest area has running water, trash cans, picnic tables and flush toilets (heated bathrooms which is a plus). Another nice thing to find out, is that you can use stoves (either at the picnic tables, or outside of your vehicle). They are patrolled by both state troopers and highway patrol and I would think are pretty safe.&#xA;Starlink is 200 mbps down. I arrived at 9 pm. A couple of rvs and trucks. TMobile and Verizon are not working. No rv dump.&#xA;&#xA;Date verified: 2024-07-12 00:00:00 UTC&#xA;Open: Yes&#xA;Electricity: No&#xA;Wifi: No&#xA;Kitchen: No&#xA;Parking: Yes&#xA;Restaurant: No&#xA;Showers: No&#xA;Water: Yes&#xA;Toilets: Yes&#xA;Big rig friendly: Yes&#xA;Tent friendly: No&#xA;Pet friendly: Yes&#xA;Sanitation dump station: No&#xA;&#xA;https://ioverlander.com/places/c39ce950-1c8c-4321-a7e9-0f21754b1e73 (network required)&#xA;</desc>
  <type>Informal Campsite</type>
  <extensions>
   <osmand:icon>tourism_camp_site</osmand:icon>
   <osmand:background>circle</osmand:background>
   <osmand:color>#79d279</osmand:color>
   <osmand:amenity_subtype>user_defined_other_postcode</osmand:amenity_subtype>
   <osmand:amenity_type>user_defined_other</osmand:amenity_type>
  </extensions>
 </wpt>
 <wpt lat="36.8398" lon="-119.3409">
  <ele>0.0</ele>
  <time>2024-07-12 00:00:00 UTC</time>
  <name>Flying J</name>
  <desc>A great last stop in USA before crossing into Mexico. Free to camp , pay showers ( $12) , internet $ 1.99 for an hour.&#xA;&#xA;Date verified: 2024-07-12 00:00:00 UTC&#xA;Open: Yes&#xA;Electricity: No&#xA;Wifi: Yes&#xA;Kitchen: No&#xA;Parking: Yes&#xA;Restaurant: Yes&#xA;Showers: Yes&#xA;Water: Yes&#xA;Toilets: Yes&#xA;Big rig friendly: Yes&#xA;Tent friendly: No&#xA;Pet friendly: Yes&#xA;Sanitation dump station: No&#xA;&#xA;https://ioverlander.com/places/eacb50df-3c5c-459b-94b0-6122195a3a63 (network required)&#xA;</desc>
  <type>Informal Campsite</type>
  <extensions>
   <osmand:icon>tourism_camp_site</osmand:icon>
   <osmand:background>circle</osmand:background>
   <osmand:color>#79d279</osmand:color>
   <osmand:amenity_subtype>user_defined_other_postcode</osmand:amenity_subtype>
   <osmand:amenity_type>user_defined_other</osmand:amenity_type>
  </extensions>
 </wpt>
 <wpt lat="32.0424" lon="-99.8094">
  <ele>0.0</ele>
  <time>2024-07-12 00:00:00 UTC</time>
  <name>New Mexico Welcome Center</name>
  <desc>Free to camp out in their parking lot overnight. Clean bathrooms open all night. Noisy (right by highway) but convenient &amp; free. Water fountain and water bottle filling stations. The welcome center is closed at night.&#xA;&#xA;Date verified: 2024-07-12 00:00:00 UTC&#xA;Open: Yes&#xA;Electricity: No&#xA;Wifi: No&#xA;Kitchen: No&#xA;Parking: Yes&#xA;Restaurant: No&#xA;Showers: No&#xA;Water: Yes&#xA;Toilets: Yes&#xA;Big rig friendly: Yes&#xA;Tent friendly: No&#xA;Pet friendly: Yes&#xA;Sanitation dump station: No&#xA;&#xA;https://ioverlander.com/places/58d27d54-c8b0-4ef3-a30e-cf5760786e4d (network required)&#xA;</desc>
  <type>Informal Campsite</type>
  <extensions>
   <osmand:icon>tourism_camp_site</osmand:icon>
   <osmand:background>circle</osmand:background>
   <osmand:color>#79d279</osmand:color>
   <osmand:amenity_subtype>user_defined_other_postcode</osmand:amenity_subtype>
   <osmand:amenity_type>user_defined_other</osmand:amenity_type>
  </extensions>
 </wpt>
 <wpt lat="43.8902" lon="-120.4464">
  <ele>0.0</ele>
  <time>2024-07-12 00:00:00 UTC</time>
  <name>Boron State Rest Area, Eastbound</name>
  <desc>This is a State Rest Area, so note that there are signs that state maximum 8 hour stay, which is common with all State Rest Areas.&#xA;&#xA;The Rest area has a paved ring road with parking spots under small trees, within short walking distance to picnic tables. As well, a large gravel area circles most of the paved road as well, so many large units can pull over. The west side of the Rest area also has some trees that one can pull their vehicle between to get more shade/ wind cover. Semi trailers have a separate lot to park in.&#xA;&#xA;The washrooms are clean enough for a high traffic Rest area, but staff were there early cleaning up (so use the facilities after they clean). Garbage cans are all over the place, as are the shaded and non-shaded tables. No outside water source found, but there are vending machines on site.&#xA;&#xA;Good place, but It was a little loud. The trucks (of course) run all night and there is a train that passes the Rest area once every hour (at least). There must be an unmarked crossing on the tracks, as the trains blow their horn three or four times each time.&#xA;&#xA;Date verified: 2024-07-12 00:00:00 UTC&#xA;Open: Yes&#xA;Electricity: No&#xA;Wifi: No&#xA;Kitchen: No&#xA;Parking: Yes&#xA;Restaurant: No&#xA;Showers: No&#xA;Water: Yes&#xA;Toilets: Yes&#xA;Big rig friendly: Yes&#xA;Tent friendly: No&#xA;Pet friendly: Yes&#xA;Sanitation dump station: No&#xA;&#xA;https://ioverlander.com/places/e4ffb856-68d9-4bc2-ae90-9787d53519f7 (network required)&#xA;</desc>
  <type>Informal Campsite</type>
  <extensions>
   <osmand:icon>tourism_camp_site</osmand:icon>
   <osmand:background>circle</osmand:background>
   <osmand:color>#79d279</osmand:color>
   <osmand:amenity_subtype>user_defined_other_postcode</osmand:amenity_subtype>
   <osmand:amenity_type>user_defined_other</osmand:amenity_type>
  </extensions>
 </wpt>
 <wpt lat="39.4194" lon="-110.9705">
  <ele>0.0</ele>
  <time>2024-07-12 00:00:00 UTC</time>
  <name>Rufus</name>
  <desc>North side of I-84 @ Rufus. Was a CoE Park that apparently got turned over to a county that can&#39;t afford to maintain it. Pit toilet. No water (other than the river.) Paved to the east, sand to the west. Blackberrys in mid/late summer.&#xA;&#xA;Date verified: 2024-07-12 00:00:00 UTC&#xA;Open: Yes&#xA;Electricity: No&#xA;Wifi: No&#xA;Kitchen: No&#xA;Parking: Yes&#xA;Restaurant: Yes&#xA;Showers: No&#xA;Water: Yes&#xA;Toilets: Yes&#xA;Big rig friendly: Yes&#xA;Tent friendly: Yes&#xA;Pet friendly: Yes&#xA;Sanitation dump station: No&#xA;&#xA;https://ioverlander.com/places/73fcb38f-d2b5-4c1e-9bdd-b7737fade5ac (network required)&#xA;</desc>
  <type>Informal Campsite</type>
  <extensions>
   <osmand:icon>tourism_camp_site</osmand:icon>
   <osmand:background>circle</osmand:background>
   <osmand:color>#79d279</osmand:color>
   <osmand:amenity_subtype>user_defined_other_postcode</osmand:amenity_subtype>
   <osmand:amenity_type>user_defined_other</osmand:amenity_type>
  </extensions>
 </wpt>
 <wpt lat="39.6608" lon="-105.6435">
  <ele>0.0</ele>
  <time>2024-07-12 00:00:00 UTC</time>
  <name>Staybridge Suites</name>
  <desc>Free! We stayed at Mc Donalds for free Wifi and saw this little Lake behind the Staybridge Suites. Quiet in the Night, no traffic..&#xA;&#xA;Date verified: 2024-07-12 00:00:00 UTC&#xA;Open: Yes&#xA;Electricity: No&#xA;Wifi: Yes&#xA;Kitchen: No&#xA;Parking: Yes&#xA;Restaurant: Yes&#xA;Showers: No&#xA;Water: No&#xA;Toilets: No&#xA;Big rig friendly: Yes&#xA;Tent friendly: No&#xA;Pet friendly: Yes&#xA;Sanitation dump station: No&#xA;&#xA;https://ioverlander.com/places/926cab35-c0df-4e6c-a20d-2cd605ba4f58 (network required)&#xA;</desc>
  <type>Informal Campsite</type>
  <extensions>
   <osmand:icon>tourism_camp_site</osmand:icon>
   <osmand:background>circle</osmand:background>
   <osmand:color>#79d279</osmand:color>
   <osmand:amenity_subtype>user_defined_other_postcode</osmand:amenity_subtype>
   <osmand:amenity_type>user_defined_other</osmand:amenity_type>
  </extensions>
 </wpt>
 <wpt lat="34.1719" lon="-110.9397">
  <ele>0.0</ele>
  <time>2024-07-12 00:00:00 UTC</time>
  <name>New Orleans Parking Lot</name>
  <desc>Behind Basin Street Visitor Centre, walking distance to famous French Quarter. The best place to spend a night if you are totally self-contained as there are no RV facilities. Paid parking: $5/10 hours or $10/24 hours for trucks and vans, $50/24 hours for RVs. Quiet during the night, we felt safe the night we stayed there. Right next to us is the French Quarter RV Resort where campers pay close to $100/night!&#xA;&#xA;Bathrooms available when the Visitor Centre is open (8:30-5:30).&#xA;&#xA;Weekend prices are a bit higher I believe.&#xA;&#xA;Paid $20.35 usd for one day of parking. (24 hours)&#xA;&#xA;Date verified: 2024-07-12 00:00:00 UTC&#xA;Open: Yes&#xA;Electricity: No&#xA;Wifi: No&#xA;Kitchen: No&#xA;Parking: Yes&#xA;Restaurant: No&#xA;Showers: No&#xA;Water: No&#xA;Toilets: Yes&#xA;Big rig friendly: Yes&#xA;Tent friendly: No&#xA;Pet friendly: Yes&#xA;Sanitation dump station: No&#xA;&#xA;https://ioverlander.com/places/08ca01d7-01bf-42fd-b5ff-e8e7f6708e23 (network required)&#xA;</desc>
  <type>Informal Campsite</type>
  <extensions>
   <osmand:icon>tourism_camp_site</osmand:icon>
   <osmand:background>circle</osmand:background>
   <osmand:color>#79d279</osmand:color>
   <osmand:amenity_subtype>user_defined_other_postcode</osmand:amenity_subtype>
   <osmand:amenity_type>user_defined_other</osmand:amenity_type>
  </extensions>
 </wpt>
 <wpt lat="47.8864" lon="-120.5707">
  <ele>0.0</ele>
  <time>2024-07-12 00:00:00 UTC</time>
  <name>Premium Parking Lot Nr. 338</name>
  <desc>It is very difficult to find a good overnight place in the center of New Orleans. We stayed on a parking lot at the edge of the French Quarter for 6 USD for 10 hours in daytime and 15 USD for 12 hours during evening and the night. There is no security. No facilities but surprisingly quiet during night. The only central campground &#34;French Quarter RV Resort&#34; would have cost around 100 USD/night!!! As of 4/2023, price is about $60 for 24 HR period and less for few hours. It was quiet enough at all times with a little traffic noise. Just make sure you get water elsewhere. There is no place to find a spigot.&#xA;&#xA;Date verified: 2024-07-12 00:00:00 UTC&#xA;Open: Yes&#xA;Electricity: No&#xA;Wifi: No&#xA;Kitchen: No&#xA;Parking: Yes&#xA;Restaurant: No&#xA;Showers: No&#xA;Water: No&#xA;Toilets: No&#xA;Big rig friendly: No&#xA;Tent friendly: No&#xA;Pet friendly: No&#xA;Sanitation dump station: No&#xA;&#xA;https://ioverlander.com/places/aec5bc9b-8353-40ed-8645-61c33b81a365 (network required)&#xA;</desc>
  <type>Informal Campsite</type>
  <extensions>
   <osmand:icon>tourism_camp_site</osmand:icon>
   <osmand:background>circle</osmand:background>
   <osmand:color>#79d279</osmand:color>
   <osmand:amenity_subtype>user_defined_other_postcode</osmand:amenity_subtype>
   <osmand:amenity_type>user_defined_other</osmand:amenity_type>
  </extensions>
 </wpt>
 <wpt lat="27.8124" lon="-81.331">
  <ele>0.0</ele>
  <time>2024-07-12 00:00:00 UTC</time>
  <name>Slab City</name>
  <desc>Love it or hate it! its s great place in the desert to meet others or just get some solitude.&#xA;&#xA;Date verified: 2024-07-12 00:00:00 UTC&#xA;Open: Yes&#xA;Electricity: No&#xA;Wifi: No&#xA;Kitchen: No&#xA;Parking: Yes&#xA;Restaurant: No&#xA;Showers: No&#xA;Water: No&#xA;Toilets: No&#xA;Big rig friendly: Yes&#xA;Tent friendly: Yes&#xA;Pet friendly: Yes&#xA;Sanitation dump station: No&#xA;&#xA;https://ioverlander.com/places/d8f9dc98-2843-495c-b1da-b8d748d82711 (network required)&#xA;</desc>
  <type>Informal Campsite</type>
  <extensions>
   <osmand:icon>tourism_camp_site</osmand:icon>
   <osmand:background>circle</osmand:background>
   <osmand:color>#79d279</osmand:color>
   <osmand:amenity_subtype>user_defined_other_postcode</osmand:amenity_subtype>
   <osmand:amenity_type>user_defined_other</osmand:amenity_type>
  </extensions>
 </wpt>
 <wpt lat="43.2358" lon="-107.0901">
  <ele>0.0</ele>
  <time>2024-07-12 00:00:00 UTC</time>
  <name>Cherokee Casino Parking Lot</name>
  <desc>Huge parking lot of the Harrah’s Casino. There were a lot of other RVs. Quiet night. Free. No facilities.&#xA;&#xA;Date verified: 2024-07-12 00:00:00 UTC&#xA;Open: Yes&#xA;Electricity: No&#xA;Wifi: No&#xA;Kitchen: No&#xA;Parking: Yes&#xA;Restaurant: No&#xA;Showers: No&#xA;Water: No&#xA;Toilets: No&#xA;Big rig friendly: Yes&#xA;Tent friendly: No&#xA;Pet friendly: Yes&#xA;Sanitation dump station: No&#xA;&#xA;https://ioverlander.com/places/88202252-8e36-440f-8142-f9c39d34bfa4 (network required)&#xA;</desc>
  <type>Informal Campsite</type>
  <extensions>
   <osmand:icon>tourism_camp_site</osmand:icon>
   <osmand:background>circle</osmand:background>
   <osmand:color>#79d279</osmand:color>
   <osmand:amenity_subtype>user_defined_other_postcode</osmand:amenity_subtype>
   <osmand:amenity_type>user_defined_other</osmand:amenity_type>
  </extensions>
 </wpt>
 <wpt lat="47.0519" lon="-110.147">
  <ele>0.0</ele>
  <time>2024-07-12 00:00:00 UTC</time>
  <name>Walmart Parking Lot</name>
  <desc>Free overnight stay at the walmart parking lot. Walmart 24 hours - 7 days open. Restrooms in the supermarket available, free WiFi at Sam&#39;s during their opening hours.&#xA;&#xA;Date verified: 2024-07-12 00:00:00 UTC&#xA;Open: Yes&#xA;Electricity: No&#xA;Wifi: No&#xA;Kitchen: No&#xA;Parking: Yes&#xA;Restaurant: No&#xA;Showers: No&#xA;Water: No&#xA;Toilets: Yes&#xA;Big rig friendly: Yes&#xA;Tent friendly: No&#xA;Pet friendly: Yes&#xA;Sanitation dump station: No&#xA;&#xA;https://ioverlander.com/places/8aa2bc96-36c9-46ed-b022-5d6671d6bd61 (network required)&#xA;</desc>
  <type>Informal Campsite</type>
  <extensions>
   <osmand:icon>tourism_camp_site</osmand:icon>
   <osmand:background>circle</osmand:background>
   <osmand:color>#79d279</osmand:color>
   <osmand:amenity_subtype>user_defined_other_postcode</osmand:amenity_subtype>
   <osmand:amenity_type>user_defined_other</osmand:amenity_type>
  </extensions>
 </wpt>
 <wpt lat="38.9871" lon="-116.1884">
  <ele>0.0</ele>
  <time>2024-07-12 00:00:00 UTC</time>
  <name>rest area</name>
  <desc>kids playground, bathrooms, free coffee sometimes and a good place to rest.&#xA;&#xA;Date verified: 2024-07-12 00:00:00 UTC&#xA;Open: Yes&#xA;Electricity: No&#xA;Wifi: No&#xA;Kitchen: No&#xA;Parking: Yes&#xA;Restaurant: No&#xA;Showers: No&#xA;Water: Yes&#xA;Toilets: Yes&#xA;Big rig friendly: Yes&#xA;Tent friendly: No&#xA;Pet friendly: Yes&#xA;Sanitation dump station: No&#xA;&#xA;https://ioverlander.com/places/43275310-00c2-4855-b2c1-a1adc095ae60 (network required)&#xA;</desc>
  <type>Informal Campsite</type>
  <extensions>
   <osmand:icon>tourism_camp_site</osmand:icon>
   <osmand:background>circle</osmand:background>
   <osmand:color>#79d279</osmand:color>
   <osmand:amenity_subtype>user_defined_other_postcode</osmand:amenity_subtype>
   <osmand:amenity_type>user_defined_other</osmand:amenity_type>
  </extensions>
 </wpt>
 <wpt lat="44.265" lon="-114.4956">
  <ele>0.0</ele>
  <time>2024-07-12 00:00:00 UTC</time>
  <name>Bear Pooh Overlook</name>
  <desc>Looking for a free spot with a great view? Don&#39;t mind a little leveling, or possibly sharing the spot with some fury brown friends? This spot could be for you. Just off Forest Service road, fire pit, and has a GREAT view of the Utah landscape(hoodoos, etc). Not too far from Natural Bridge National Monument and kinda on the way to Canyonlands NP.&#xA;&#xA;Date verified: 2024-07-12 00:00:00 UTC&#xA;Open: Yes&#xA;Electricity: No&#xA;Wifi: No&#xA;Kitchen: No&#xA;Parking: Yes&#xA;Restaurant: No&#xA;Showers: No&#xA;Water: No&#xA;Toilets: No&#xA;Big rig friendly: No&#xA;Tent friendly: Yes&#xA;Pet friendly: Yes&#xA;Sanitation dump station: No&#xA;&#xA;https://ioverlander.com/places/7eb5773a-e985-428b-9a8b-76a383723dd6 (network required)&#xA;</desc>
  <type>Informal Campsite</type>
  <extensions>
   <osmand:icon>tourism_camp_site</osmand:icon>
   <osmand:background>circle</osmand:background>
   <osmand:color>#79d279</osmand:color>
   <osmand:amenity_subtype>user_defined_other_postcode</osmand:amenity_subtype>
   <osmand:amenity_type>user_defined_other</osmand:amenity_type>
  </extensions>
 </wpt>
 <wpt lat="34.729" lon="-105.6083">
  <ele>0.0</ele>
  <time>2024-07-12 00:00:00 UTC</time>
  <name>Walmart</name>
  <desc>There’s at least one no overnight parking sign posted.&#xA;&#xA;Date verified: 2024-07-12 00:00:00 UTC&#xA;Open: Yes&#xA;Electricity: No&#xA;Wifi: Yes&#xA;Kitchen: No&#xA;Parking: Yes&#xA;Restaurant: No&#xA;Showers: No&#xA;Water: Yes&#xA;Toilets: Yes&#xA;Big rig friendly: Yes&#xA;Tent friendly: No&#xA;Pet friendly: Yes&#xA;Sanitation dump station: No&#xA;&#xA;https://ioverlander.com/places/41c01d20-f1a5-4703-8193-70f59545b2f7 (network required)&#xA;</desc>
  <type>Informal Campsite</type>
  <extensions>
   <osmand:icon>tourism_camp_site</osmand:icon>
   <osmand:background>circle</osmand:background>
   <osmand:color>#79d279</osmand:color>
   <osmand:amenity_subtype>user_defined_other_postcode</osmand:amenity_subtype>
   <osmand:amenity_type>user_defined_other</osmand:amenity_type>
  </extensions>
 </wpt>
 <wpt lat="36.9997" lon="-119.1407">
  <ele>0.0</ele>
  <time>2024-07-12 00:00:00 UTC</time>
  <name>Hub Of Alaska, Tesoro Gas Station, Glennallen/ Glennallen Visitor Center, Alaska</name>
  <desc>On the back of the Glennallen Visitor Center/ Tesoro gas station, there is a huge parking lot where you can park and sleep. There are potta potties outside and normal restrooms inside the convenience store of the gas station. There are also 3 canteens that sell hot food. You can easily find the place. Its right at the Glennallen junction (north to Tok/ south to Valdez). Only drawback, you have to pay for wifi at the visitor center (5USD for an hour!!!!!).&#xA;&#xA;Date verified: 2024-07-12 00:00:00 UTC&#xA;Open: Yes&#xA;Electricity: No&#xA;Wifi: Yes&#xA;Kitchen: No&#xA;Parking: Yes&#xA;Restaurant: Yes&#xA;Showers: No&#xA;Water: No&#xA;Toilets: Yes&#xA;Big rig friendly: Yes&#xA;Tent friendly: Yes&#xA;Pet friendly: Yes&#xA;Sanitation dump station: No&#xA;&#xA;https://ioverlander.com/places/3f9b2361-9809-4a96-a7fe-70ee49025901 (network required)&#xA;</desc>
  <type>Informal Campsite</type>
  <extensions>
   <osmand:icon>tourism_camp_site</osmand:icon>
   <osmand:background>circle</osmand:background>
   <osmand:color>#79d279</osmand:color>
   <osmand:amenity_subtype>user_defined_other_postcode</osmand:amenity_subtype>
   <osmand:amenity_type>user_defined_other</osmand:amenity_type>
  </extensions>
 </wpt>
 <wpt lat="32.2023" lon="-99.6092">
  <ele>0.0</ele>
  <time>2024-07-12 00:00:00 UTC</time>
  <name>Resurrection River Trailhead</name>
  <desc>Parking spaces with views to Exit Glacier. Near the road but because that road leads only to trek starting point, there is no traffic at all.&#xA;&#xA;Date verified: 2024-07-12 00:00:00 UTC&#xA;Open: Yes&#xA;Electricity: No&#xA;Wifi: No&#xA;Kitchen: No&#xA;Parking: Yes&#xA;Restaurant: No&#xA;Showers: No&#xA;Water: No&#xA;Toilets: Yes&#xA;Big rig friendly: Yes&#xA;Tent friendly: Yes&#xA;Pet friendly: Yes&#xA;Sanitation dump station: No&#xA;&#xA;https://ioverlander.com/places/b7c8ea7a-0942-49cd-8d2b-c5240147fa52 (network required)&#xA;</desc>
  <type>Informal Campsite</type>
  <extensions>
   <osmand:icon>tourism_camp_site</osmand:icon>
   <osmand:background>circle</osmand:background>
   <osmand:color>#79d279</osmand:color>
   <osmand:amenity_subtype>user_defined_other_postcode</osmand:amenity_subtype>
   <osmand:amenity_type>user_defined_other</osmand:amenity_type>
  </extensions>
 </wpt>
 <wpt lat="44.0501" lon="-120.2462">
  <ele>0.0</ele>
  <time>2024-07-12 00:00:00 UTC</time>
  <name>Bruegger Centennial Park</name>
  <desc>City park campground in Culbertson. allows for 5 days of camping.&#xA;Amenities, flush toilet, water, bbq, covered picnictables and even unsecured wifi from one of the neighbouring houses.&#xA;&#xA;Date verified: 2024-07-12 00:00:00 UTC&#xA;Open: Yes&#xA;Electricity: Yes&#xA;Wifi: No&#xA;Kitchen: No&#xA;Parking: Yes&#xA;Restaurant: No&#xA;Showers: No&#xA;Water: Yes&#xA;Toilets: Yes&#xA;Big rig friendly: Yes&#xA;Tent friendly: Yes&#xA;Pet friendly: Yes&#xA;Sanitation dump station: No&#xA;&#xA;https://ioverlander.com/places/ea582f45-bb40-4955-ad0e-06ecb0445d0d (network required)&#xA;</desc>
  <type>Informal Campsite</type>
  <extensions>
   <osmand:icon>tourism_camp_site</osmand:icon>
   <osmand:background>circle</osmand:background>
   <osmand:color>#79d279</osmand:color>
   <osmand:amenity_subtype>user_defined_other_postcode</osmand:amenity_subtype>
   <osmand:amenity_type>user_defined_other</osmand:amenity_type>
  </extensions>
 </wpt>
 <wpt lat="39.5793" lon="-110.7703">
  <ele>0.0</ele>
  <time>2024-07-12 00:00:00 UTC</time>
  <name>Flying J</name>
  <desc>Truck stop, large parking lot, clean restrooms.&#xA;-Park on the lot by Dennys.&#xA;&#xA;Date verified: 2024-07-12 00:00:00 UTC&#xA;Open: Yes&#xA;Electricity: No&#xA;Wifi: Yes&#xA;Kitchen: No&#xA;Parking: Yes&#xA;Restaurant: Yes&#xA;Showers: Yes&#xA;Water: Yes&#xA;Toilets: Yes&#xA;Big rig friendly: Yes&#xA;Tent friendly: No&#xA;Pet friendly: Yes&#xA;Sanitation dump station: No&#xA;&#xA;https://ioverlander.com/places/42efa4f4-7f09-4cc5-babd-7c5992c10d22 (network required)&#xA;</desc>
  <type>Informal Campsite</type>
  <extensions>
   <osmand:icon>tourism_camp_site</osmand:icon>
   <osmand:background>circle</osmand:background>
   <osmand:color>#79d279</osmand:color>
   <osmand:amenity_subtype>user_defined_other_postcode</osmand:amenity_subtype>
   <osmand:amenity_type>user_defined_other</osmand:amenity_type>
  </extensions>
 </wpt>
 <wpt lat="39.8207" lon="-105.4433">
  <ele>0.0</ele>
  <time>2024-07-12 00:00:00 UTC</time>
  <name>Flying J truck stop</name>
  <desc>Huge truck stop close to Butte. Free. $10 showers. Free potable water in the red spigot in the rock barriers between the two gas station sections, bring your own hose&#xA;&#xA;Date verified: 2024-07-12 00:00:00 UTC&#xA;Open: Yes&#xA;Electricity: No&#xA;Wifi: Yes&#xA;Kitchen: No&#xA;Parking: Yes&#xA;Restaurant: Yes&#xA;Showers: Yes&#xA;Water: Yes&#xA;Toilets: Yes&#xA;Big rig friendly: Yes&#xA;Tent friendly: No&#xA;Pet friendly: Yes&#xA;Sanitation dump station: No&#xA;&#xA;https://ioverlander.com/places/b800e700-bb8e-4f40-a0db-289a51c1ed9e (network required)&#xA;</desc>
  <type>Informal Campsite</type>
  <extensions>
   <osmand:icon>tourism_camp_site</osmand:icon>
   <osmand:background>circle</osmand:background>
   <osmand:color>#79d279</osmand:color>
   <osmand:amenity_subtype>user_defined_other_postcode</osmand:amenity_subtype>
   <osmand:amenity_type>user_defined_other</osmand:amenity_type>
  </extensions>
 </wpt>
 <wpt lat="34.3318" lon="-110.7395">
  <ele>0.0</ele>
  <time>2024-07-12 00:00:00 UTC</time>
  <name>Amarillo TX - Texas Travel Information Center</name>
  <desc>Address: Amarillo Travel Information Center, 9700 I-40, Amarillo, TX 79118 A big parking lot with restrooms (24 hours) and free wifi. In Texas there are 12 travel information centers where you are allowed to stay for free overnight (Amarillo, Anthony, austin, denison, gainesville, langtry, laredo, orange, texarkana, valley, waskom, wichita falls).&#xA;&#xA;Date verified: 2024-07-12 00:00:00 UTC&#xA;Open: Yes&#xA;Electricity: No&#xA;Wifi: Yes&#xA;Kitchen: No&#xA;Parking: Yes&#xA;Restaurant: No&#xA;Showers: No&#xA;Water: Yes&#xA;Toilets: Yes&#xA;Big rig friendly: Yes&#xA;Tent friendly: No&#xA;Pet friendly: Yes&#xA;Sanitation dump station: No&#xA;&#xA;https://ioverlander.com/places/79dacb83-3c18-4b4c-b87c-cfa44ac34ceb (network required)&#xA;</desc>
  <type>Informal Campsite</type>
  <extensions>
   <osmand:icon>tourism_camp_site</osmand:icon>
   <osmand:background>circle</osmand:background>
   <osmand:color>#79d279</osmand:color>
   <osmand:amenity_subtype>user_defined_other_postcode</osmand:amenity_subtype>
   <osmand:amenity_type>user_defined_other</osmand:amenity_type>
  </extensions>
 </wpt>
 <wpt lat="48.0463" lon="-120.3705">
  <ele>0.0</ele>
  <time>2024-07-12 00:00:00 UTC</time>
  <name>SanLuisCamp</name>
  <desc>Behind the church in the parking spaces. Quiet, dark, nice.&#xA;&#xA;Date verified: 2024-07-12 00:00:00 UTC&#xA;Open: Yes&#xA;Electricity: No&#xA;Wifi: No&#xA;Kitchen: No&#xA;Parking: Yes&#xA;Restaurant: Yes&#xA;Showers: No&#xA;Water: No&#xA;Toilets: Yes&#xA;Big rig friendly: No&#xA;Tent friendly: No&#xA;Pet friendly: Yes&#xA;Sanitation dump station: No&#xA;&#xA;https://ioverlander.com/places/c8e47172-e351-47d2-822b-72d2fab544da (network required)&#xA;</desc>
  <type>Informal Campsite</type>
  <extensions>
   <osmand:icon>tourism_camp_site</osmand:icon>
   <osmand:background>circle</osmand:background>
   <osmand:color>#79d279</osmand:color>
   <osmand:amenity_subtype>user_defined_other_postcode</osmand:amenity_subtype>
   <osmand:amenity_type>user_defined_other</osmand:amenity_type>
  </extensions>
 </wpt>
 <wpt lat="27.9723" lon="-81.1308">
  <ele>0.0</ele>
  <time>2024-07-12 00:00:00 UTC</time>
  <name>Utah Welcome Center</name>
  <desc>Rest Area on 70W before Thompson Springs. Very peaceful night. Several trucks and overnighters here as well. Clean bathrooms. Water spigot appears to be OFF.&#xA;&#xA;Date verified: 2024-07-12 00:00:00 UTC&#xA;Open: Yes&#xA;Electricity: No&#xA;Wifi: No&#xA;Kitchen: No&#xA;Parking: Yes&#xA;Restaurant: No&#xA;Showers: No&#xA;Water: No&#xA;Toilets: Yes&#xA;Big rig friendly: Yes&#xA;Tent friendly: No&#xA;Pet friendly: Yes&#xA;Sanitation dump station: No&#xA;&#xA;https://ioverlander.com/places/c3a48f7c-bcf2-438e-9cb1-33df50055132 (network required)&#xA;</desc>
  <type>Informal Campsite</type>
  <extensions>
   <osmand:icon>tourism_camp_site</osmand:icon>
   <osmand:background>circle</osmand:background>
   <osmand:color>#79d279</osmand:color>
   <osmand:amenity_subtype>user_defined_other_postcode</osmand:amenity_subtype>
   <osmand:amenity_type>user_defined_other</osmand:amenity_type>
  </extensions>
 </wpt>
 <wpt lat="43.3957" lon="-106.8899">
  <ele>0.0</ele>
  <time>2024-07-12 00:00:00 UTC</time>
  <name>Spotlight 29 Casino</name>
  <desc>A large open lot for RV and big rig parking. Very noisy and freeway noise.&#xA;&#xA;Date verified: 2024-07-12 00:00:00 UTC&#xA;Open: Yes&#xA;Electricity: No&#xA;Wifi: No&#xA;Kitchen: No&#xA;Parking: Yes&#xA;Restaurant: Yes&#xA;Showers: No&#xA;Water: No&#xA;Toilets: No&#xA;Big rig friendly: Yes&#xA;Tent friendly: No&#xA;Pet friendly: Yes&#xA;Sanitation dump station: No&#xA;&#xA;https://ioverlander.com/places/44330526-4195-43f1-b3e2-20b9f8966617 (network required)&#xA;</desc>
  <type>Informal Campsite</type>
  <extensions>
   <osmand:icon>tourism_camp_site</osmand:icon>
   <osmand:background>circle</osmand:background>
   <osmand:color>#79d279</osmand:color>
   <osmand:amenity_subtype>user_defined_other_postcode</osmand:amenity_subtype>
   <osmand:amenity_type>user_defined_other</osmand:amenity_type>
  </extensions>
 </wpt>
 <wpt lat="47.2118" lon="-109.9468">
  <ele>0.0</ele>
  <time>2024-07-12 00:00:00 UTC</time>
  <name>Blue Ridge Wildlife Management Area</name>
  <desc>Beautiful River front camping in this WMA, a few nice sites right by the river. No ATT service, got Vzw with the booster. Continue up the road for more/better sites.&#xA;&#xA;Date verified: 2024-07-12 00:00:00 UTC&#xA;Open: Yes&#xA;Electricity: No&#xA;Wifi: No&#xA;Kitchen: No&#xA;Parking: Yes&#xA;Restaurant: No&#xA;Showers: No&#xA;Water: Yes&#xA;Toilets: No&#xA;Big rig friendly: No&#xA;Tent friendly: Yes&#xA;Pet friendly: Yes&#xA;Sanitation dump station: No&#xA;&#xA;https://ioverlander.com/places/c5f9eb94-0d86-41ca-8978-eab07699e6d9 (network required)&#xA;</desc>
  <type>Informal Campsite</type>
  <extensions>
   <osmand:icon>tourism_camp_site</osmand:icon>
   <osmand:background>circle</osmand:background>
   <osmand:color>#79d279</osmand:color>
   <osmand:amenity_subtype>user_defined_other_postcode</osmand:amenity_subtype>
   <osmand:amenity_type>user_defined_other</osmand:amenity_type>
  </extensions>
 </wpt>
 <wpt lat="39.147" lon="-115.9882">
  <ele>0.0</ele>
  <time>2024-07-12 00:00:00 UTC</time>
  <name>Sinclair Gas Station/Truck Stop</name>
  <desc>The Sinclair has a side parking lot for semi trucks so we asked the cashier inside if we could pay to park overnight. He said we could and didn&#39;t need to pay. I told him we&#39;d get our gas here in the morning and buy some snacks. Not that there are signs in some areas stating No Parking. The semi area is labeled with a TRUCKS only sign in the North fence, that is where we parked. The restaurant two doors down let us use the restroom. Couldn&#39;t hear the traffic on the road next to the gas station. The semi trucks were on all night but it didn&#39;t bother is. It&#39;s not a quiet spot but was darker than a Walmart parking lot!&#xA;&#xA;Date verified: 2024-07-12 00:00:00 UTC&#xA;Open: Yes&#xA;Electricity: No&#xA;Wifi: Yes&#xA;Kitchen: No&#xA;Parking: Yes&#xA;Restaurant: No&#xA;Showers: No&#xA;Water: No&#xA;Toilets: Yes&#xA;Big rig friendly: Yes&#xA;Tent friendly: No&#xA;Pet friendly: Yes&#xA;Sanitation dump station: No&#xA;&#xA;https://ioverlander.com/places/ffb8cb24-4896-4030-8e0b-3e9fb8b79911 (network required)&#xA;</desc>
  <type>Informal Campsite</type>
  <extensions>
   <osmand:icon>tourism_camp_site</osmand:icon>
   <osmand:background>circle</osmand:background>
   <osmand:color>#79d279</osmand:color>
   <osmand:amenity_subtype>user_defined_other_postcode</osmand:amenity_subtype>
   <osmand:amenity_type>user_defined_other</osmand:amenity_type>
  </extensions>
 </wpt>
 <wpt lat="44.4249" lon="-114.2954">
  <ele>0.0</ele>
  <time>2024-07-12 00:00:00 UTC</time>
  <name>Little A&#39;Le&#39;Inn</name>
  <desc>Restaurant in Rachel, NV near Area 51 that plays on alien theme. They have for spots with water and electric hookups plus tent camping and dry camping area. Tent and dry camping are free. 4 bars with Verizon.&#xA;&#xA;Date verified: 2024-07-12 00:00:00 UTC&#xA;Open: Yes&#xA;Electricity: Yes&#xA;Wifi: Yes&#xA;Kitchen: No&#xA;Parking: Yes&#xA;Restaurant: Yes&#xA;Showers: No&#xA;Water: Yes&#xA;Toilets: Yes&#xA;Big rig friendly: Yes&#xA;Tent friendly: Yes&#xA;Pet friendly: Yes&#xA;Sanitation dump station: No&#xA;&#xA;https://ioverlander.com/places/c205151f-8b1c-4d71-9418-2465b46236a0 (network required)&#xA;</desc>
  <type>Informal Campsite</type>
  <extensions>
   <osmand:icon>tourism_camp_site</osmand:icon>
   <osmand:background>circle</osmand:background>
   <osmand:color>#79d279</osmand:color>
   <osmand:amenity_subtype>user_defined_other_postcode</osmand:amenity_subtype>
   <osmand:amenity_type>user_defined_other</osmand:amenity_type>
  </extensions>
 </wpt>
 <wpt lat="34.5199" lon="-105.8701">
  <ele>0.0</ele>
  <time>2024-07-12 00:00:00 UTC</time>
  <name>Hall&#39;s Crossing Chevron</name>
  <desc>Gas station and small general store. Campground nearby. Pumps operate even if store is closed with a credit card. Expensive. but not many other fuel options this side of the river for a long ways.&#xA;&#xA;Date verified: 2024-07-12 00:00:00 UTC&#xA;Open: Yes&#xA;&#xA;https://ioverlander.com/places/00b1de15-aa59-4c6c-8fe9-fdce1609e415 (network required)&#xA;</desc>
  <type>Fuel Station</type>
  <extensions>
   <osmand:icon>fuel</osmand:icon>
   <osmand:background>circle</osmand:background>
   <osmand:color>#339933</osmand:color>
   <osmand:amenity_subtype>user_defined_other_postcode</osmand:amenity_subtype>
   <osmand:amenity_type>user_defined_other</osmand:amenity_type>
  </extensions>
 </wpt>
 <wpt lat="36.7906" lon="-119.4025">
  <ele>0.0</ele>
  <time>2024-07-12 00:00:00 UTC</time>
  <name>Outside Diamond Lake</name>
  <desc>North of Crater Lake NP, this is closest gas station. It’s at the corner across from Pony/ horse rides. About 1.5 miles north of Diamond Lake reaper south entrance&#xA;&#xA;Date verified: 2024-07-12 00:00:00 UTC&#xA;Open: Yes&#xA;&#xA;https://ioverlander.com/places/fdaa8e1a-454b-4177-9241-618882c74c11 (network required)&#xA;</desc>
  <type>Fuel Station</type>
  <extensions>
   <osmand:icon>fuel</osmand:icon>
   <osmand:background>circle</osmand:background>
   <osmand:color>#339933</osmand:color>
   <osmand:amenity_subtype>user_defined_other_postcode</osmand:amenity_subtype>
   <osmand:amenity_type>user_defined_other</osmand:amenity_type>
  </extensions>
 </wpt>
 <wpt lat="31.9932" lon="-99.871">
  <ele>0.0</ele>
  <time>2024-07-12 00:00:00 UTC</time>
  <name>Hilltop Cafe &amp; Truck Stop</name>
  <desc>Elliot Highway. A must-stop truck stop cafe with good food and a shower. If you are headed north up the Dalton Highway, this is your last stop before the Yukon River. There are only very basic groceries here, not a place to stock up for a week.&#xA;&#xA;Date verified: 2024-07-12 00:00:00 UTC&#xA;Open: Yes&#xA;&#xA;https://ioverlander.com/places/2aff7fac-caf7-42f1-8e27-124edd5b0898 (network required)&#xA;</desc>
  <type>Fuel Station</type>
  <extensions>
   <osmand:icon>fuel</osmand:icon>
   <osmand:background>circle</osmand:background>
   <osmand:color>#339933</osmand:color>
   <osmand:amenity_subtype>user_defined_other_postcode</osmand:amenity_subtype>
   <osmand:amenity_type>user_defined_other</osmand:amenity_type>
  </extensions>
 </wpt>
 <wpt lat="43.841" lon="-120.508">
  <ele>0.0</ele>
  <time>2024-07-12 00:00:00 UTC</time>
  <name>Keystone</name>
  <desc>Gas station. 3 gas pumps and 2 bay garage. Small selection of tires&#xA;&#xA;Date verified: 2024-07-12 00:00:00 UTC&#xA;Open: Yes&#xA;&#xA;https://ioverlander.com/places/da9670e6-553f-4e9c-8480-c998fd82f455 (network required)&#xA;</desc>
  <type>Fuel Station</type>
  <extensions>
   <osmand:icon>fuel</osmand:icon>
   <osmand:background>circle</osmand:background>
   <osmand:color>#339933</osmand:color>
   <osmand:amenity_subtype>user_defined_other_postcode</osmand:amenity_subtype>
   <osmand:amenity_type>user_defined_other</osmand:amenity_type>
  </extensions>
 </wpt>
 <wpt lat="39.3702" lon="-111.0321">
  <ele>0.0</ele>
  <time>2024-07-12 00:00:00 UTC</time>
  <name>Keystone</name>
  <desc>Gas station. Two pumps. Larger convenience store. Subway restaurant within building.&#xA;&#xA;Date verified: 2024-07-12 00:00:00 UTC&#xA;Open: Yes&#xA;&#xA;https://ioverlander.com/places/8a3950ca-eac1-4244-9878-bdc4a1db0a56 (network required)&#xA;</desc>
  <type>Fuel Station</type>
  <extensions>
   <osmand:icon>fuel</osmand:icon>
   <osmand:background>circle</osmand:background>
   <osmand:color>#339933</osmand:color>
   <osmand:amenity_subtype>user_defined_other_postcode</osmand:amenity_subtype>
   <osmand:amenity_type>user_defined_other</osmand:amenity_type>
  </extensions>
 </wpt>
 <wpt lat="39.6116" lon="-105.7051">
  <ele>0.0</ele>
  <time>2024-07-12 00:00:00 UTC</time>
  <name>Citgo</name>
  <desc>Gas station with medium sized convenience store. Has basic food/water necessities&#xA;&#xA;Date verified: 2024-07-12 00:00:00 UTC&#xA;Open: Yes&#xA;&#xA;https://ioverlander.com/places/9ebf3b35-82db-4b8e-9329-3e366497a516 (network required)&#xA;</desc>
  <type>Fuel Station</type>
  <extensions>
   <osmand:icon>fuel</osmand:icon>
   <osmand:background>circle</osmand:background>
   <osmand:color>#339933</osmand:color>
   <osmand:amenity_subtype>user_defined_other_postcode</osmand:amenity_subtype>
   <osmand:amenity_type>user_defined_other</osmand:amenity_type>
  </extensions>
 </wpt>
 <wpt lat="34.1227" lon="-111.0013">
  <ele>0.0</ele>
  <time>2024-07-12 00:00:00 UTC</time>
  <name>Denio Junction</name>
  <desc>Diesel &amp; gasoline 24 hr credit card pump. Denio Junction was without fuel for many years, but has it now (December 2018)&#xA;&#xA;Date verified: 2024-07-12 00:00:00 UTC&#xA;Open: Yes&#xA;&#xA;https://ioverlander.com/places/34e34f31-97d7-4957-8959-c743db3335b9 (network required)&#xA;</desc>
  <type>Fuel Station</type>
  <extensions>
   <osmand:icon>fuel</osmand:icon>
   <osmand:background>circle</osmand:background>
   <osmand:color>#339933</osmand:color>
   <osmand:amenity_subtype>user_defined_other_postcode</osmand:amenity_subtype>
   <osmand:amenity_type>user_defined_other</osmand:amenity_type>
  </extensions>
 </wpt>
 <wpt lat="47.8372" lon="-120.6323">
  <ele>0.0</ele>
  <time>2024-07-12 00:00:00 UTC</time>
  <name>Sinclair Gas</name>
  <desc>There are only two gas stations in the area. This one and a Silver Eagle&#xA;&#xA;Date verified: 2024-07-12 00:00:00 UTC&#xA;Open: Yes&#xA;&#xA;https://ioverlander.com/places/ff434654-a097-47c9-a790-a9da5e1000c4 (network required)&#xA;</desc>
  <type>Fuel Station</type>
  <extensions>
   <osmand:icon>fuel</osmand:icon>
   <osmand:background>circle</osmand:background>
   <osmand:color>#339933</osmand:color>
   <osmand:amenity_subtype>user_defined_other_postcode</osmand:amenity_subtype>
   <osmand:amenity_type>user_defined_other</osmand:amenity_type>
  </extensions>
 </wpt>
 <wpt lat="27.7632" lon="-81.3926">
  <ele>0.0</ele>
  <time>2024-07-12 00:00:00 UTC</time>
  <name>Open Door Store/Gas</name>
  <desc>Small store and gas pump in Lowman. Reasonably priced gas, basic gas station necessities and food. You fill up at the pump then pay inside based on how much you fill up. Staff is very helpful and we let them know about this site/app, so if you happen to lose service or someone needs guidance they can help and add great things for this area too! This place helped extend our adventure instead of heading all the way to a further town just to get gas!&#xA;&#xA;Date verified: 2024-07-12 00:00:00 UTC&#xA;Open: Yes&#xA;&#xA;https://ioverlander.com/places/9a441aea-e8b9-4185-8a7c-533d4a088d38 (network required)&#xA;</desc>
  <type>Fuel Station</type>
  <extensions>
   <osmand:icon>fuel</osmand:icon>
   <osmand:background>circle</osmand:background>
   <osmand:color>#339933</osmand:color>
   <osmand:amenity_subtype>user_defined_other_postcode</osmand:amenity_subtype>
   <osmand:amenity_type>user_defined_other</osmand:amenity_type>
  </extensions>
 </wpt>
 <wpt lat="43.1866" lon="-107.1517">
  <ele>0.0</ele>
  <time>2024-07-12 00:00:00 UTC</time>
  <name>Maybell General Store</name>
  <desc>This is a small gas station, has gas, diesel, propane, free air for tires (saved me I cut a tire and was able to plug it in dinosaur and didn&#39;t have my air compressor) this is the first place east of the monument with anything. The store has a little bit of everything food, camping gear, automotive supplies.&#xA;&#xA;Last available gas for many miles if you&#39;re heading north on Hwy 318.&#xA;&#xA;Date verified: 2024-07-12 00:00:00 UTC&#xA;Open: Yes&#xA;&#xA;https://ioverlander.com/places/bafa44f6-c433-4d24-92a3-7b9d75e753a5 (network required)&#xA;</desc>
  <type>Fuel Station</type>
  <extensions>
   <osmand:icon>fuel</osmand:icon>
   <osmand:background>circle</osmand:background>
   <osmand:color>#339933</osmand:color>
   <osmand:amenity_subtype>user_defined_other_postcode</osmand:amenity_subtype>
   <osmand:amenity_type>user_defined_other</osmand:amenity_type>
  </extensions>
 </wpt>
 <wpt lat="47.0027" lon="-110.2086">
  <ele>0.0</ele>
  <time>2024-07-12 00:00:00 UTC</time>
  <name>Northern Oilfield Services</name>
  <desc>This location is open to tourists. We were directed here by the other gas station on the east side of town. When we arrived, other tourists were also filling here as well as workers.&#xA;&#xA;Credit card only.&#xA;&#xA;The machine didn&#39;t read my first card, but read my second card. Another tourist I was here with had the machine read her card on the first try. Just beware.&#xA;&#xA;The pumps are in the shack, the prices are on the pumps and not posted outside. Just look through the windows.&#xA;&#xA;On August 6, regular was $7.99 and diesel was $7.29.&#xA;&#xA;If you want a receipt, you pump your gas and then return to the credit card machine and enter your card again and follow the on screen prompts and it will print a receipt.&#xA;&#xA;Date verified: 2024-07-12 00:00:00 UTC&#xA;Open: Yes&#xA;&#xA;https://ioverlander.com/places/30117a4b-c12f-4ea0-ac4b-dcfd57c467b0 (network required)&#xA;</desc>
  <type>Fuel Station</type>
  <extensions>
   <osmand:icon>fuel</osmand:icon>
   <osmand:background>circle</osmand:background>
   <osmand:color>#339933</osmand:color>
   <osmand:amenity_subtype>user_defined_other_postcode</osmand:amenity_subtype>
   <osmand:amenity_type>user_defined_other</osmand:amenity_type>
  </extensions>
 </wpt>
 <wpt lat="38.9379" lon="-116.25">
  <ele>0.0</ele>
  <time>2024-07-12 00:00:00 UTC</time>
  <name>Yukon River gas station</name>
  <desc>Same price as Coldfoot, suggest filling up as much as possible at the truck station that&#39;s already on ioverlander south of here, Hilltop cafe and truck stop.&#xA;&#xA;Date verified: 2024-07-12 00:00:00 UTC&#xA;Open: Yes&#xA;&#xA;https://ioverlander.com/places/11e4f8ea-25e2-4e15-8a0d-6c81680779a1 (network required)&#xA;</desc>
  <type>Fuel Station</type>
  <extensions>
   <osmand:icon>fuel</osmand:icon>
   <osmand:background>circle</osmand:background>
   <osmand:color>#339933</osmand:color>
   <osmand:amenity_subtype>user_defined_other_postcode</osmand:amenity_subtype>
   <osmand:amenity_type>user_defined_other</osmand:amenity_type>
  </extensions>
 </wpt>
 <wpt lat="44.2158" lon="-114.5572">
  <ele>0.0</ele>
  <time>2024-07-12 00:00:00 UTC</time>
  <name>Tangle River inn / Gas - Shower - Restaurant</name>
  <desc>Restaurant/gas/tire repair. Gas is $6.50/gallon. But it’s there if you need it. Nothing in Paxson.&#xA;&#xA;Date verified: 2024-07-12 00:00:00 UTC&#xA;Open: Yes&#xA;&#xA;https://ioverlander.com/places/ae3cad1a-2a32-42a1-81d9-2c7aab3559f3 (network required)&#xA;</desc>
  <type>Fuel Station</type>
  <extensions>
   <osmand:icon>fuel</osmand:icon>
   <osmand:background>circle</osmand:background>
   <osmand:color>#339933</osmand:color>
   <osmand:amenity_subtype>user_defined_other_postcode</osmand:amenity_subtype>
   <osmand:amenity_type>user_defined_other</osmand:amenity_type>
  </extensions>
 </wpt>
 <wpt lat="34.6798" lon="-105.6699">
  <ele>0.0</ele>
  <time>2024-07-12 00:00:00 UTC</time>
  <name>Chevon - Vacuum</name>
  <desc>Free vacuum next to the car wash. There’s a sign saying ‘please do not abuse’, really good action from the vacuum!&#xA;&#xA;Date verified: 2024-07-12 00:00:00 UTC&#xA;Open: Yes&#xA;&#xA;https://ioverlander.com/places/214871d3-e832-493b-8a5c-c45779dc2324 (network required)&#xA;</desc>
  <type>Fuel Station</type>
  <extensions>
   <osmand:icon>fuel</osmand:icon>
   <osmand:background>circle</osmand:background>
   <osmand:color>#339933</osmand:color>
   <osmand:amenity_subtype>user_defined_other_postcode</osmand:amenity_subtype>
   <osmand:amenity_type>user_defined_other</osmand:amenity_type>
  </extensions>
 </wpt>
 <wpt lat="36.9505" lon="-119.2023">
  <ele>0.0</ele>
  <time>2024-07-12 00:00:00 UTC</time>
  <name>Fuel &amp; Free Vacuums</name>
  <desc>Gas station with cheap fuel where you can use free vacuums to clean your car on the spot, just great! You can’t use the vacuums from 8 p.m. because of the sound for the neighbourhood.&#xA;&#xA;Date verified: 2024-07-12 00:00:00 UTC&#xA;Open: Yes&#xA;&#xA;https://ioverlander.com/places/539f20af-78e6-44d3-83a2-3fa4e1f43556 (network required)&#xA;</desc>
  <type>Fuel Station</type>
  <extensions>
   <osmand:icon>fuel</osmand:icon>
   <osmand:background>circle</osmand:background>
   <osmand:color>#339933</osmand:color>
   <osmand:amenity_subtype>user_defined_other_postcode</osmand:amenity_subtype>
   <osmand:amenity_type>user_defined_other</osmand:amenity_type>
  </extensions>
 </wpt>
 <wpt lat="32.1531" lon="-99.6708">
  <ele>0.0</ele>
  <time>2024-07-12 00:00:00 UTC</time>
  <name>Exit for London Bridge</name>
  <desc>I’ll delete if wrong but it looks like this is the last cheap place for gas before you hit freaking California state gas taxes (as of today’s date was $2.50/gallon in Kingman and $2.75 here.... but I know will be closer to $4 back in my beloved Cali)&#xA;Fil ‘er up!&#xA;Few eateries here too.&#xA;&#xA;Date verified: 2024-07-12 00:00:00 UTC&#xA;Open: Yes&#xA;&#xA;https://ioverlander.com/places/ac27737c-ff0f-4aca-a8bc-cf7fa9e9cbe9 (network required)&#xA;</desc>
  <type>Fuel Station</type>
  <extensions>
   <osmand:icon>fuel</osmand:icon>
   <osmand:background>circle</osmand:background>
   <osmand:color>#339933</osmand:color>
   <osmand:amenity_subtype>user_defined_other_postcode</osmand:amenity_subtype>
   <osmand:amenity_type>user_defined_other</osmand:amenity_type>
  </extensions>
 </wpt>
 <wpt lat="44.0009" lon="-120.3078">
  <ele>0.0</ele>
  <time>2024-07-12 00:00:00 UTC</time>
  <name>Redwood Casino Gas</name>
  <desc>The reservation gas station, so it’s much cheaper than anywhere in the area.&#xA;&#xA;Date verified: 2024-07-12 00:00:00 UTC&#xA;Open: Yes&#xA;&#xA;https://ioverlander.com/places/f8f2c084-1d63-4763-a160-fea99ffcd5f0 (network required)&#xA;</desc>
  <type>Fuel Station</type>
  <extensions>
   <osmand:icon>fuel</osmand:icon>
   <osmand:background>circle</osmand:background>
   <osmand:color>#339933</osmand:color>
   <osmand:amenity_subtype>user_defined_other_postcode</osmand:amenity_subtype>
   <osmand:amenity_type>user_defined_other</osmand:amenity_type>
  </extensions>
 </wpt>
 <wpt lat="39.5301" lon="-110.8319">
  <ele>0.0</ele>
  <time>2024-07-12 00:00:00 UTC</time>
  <name>Yosemite Valley</name>
  <desc>No gas in the valley. This is your last chance to fill up. No overnight parking.&#xA;&#xA;Date verified: 2024-07-12 00:00:00 UTC&#xA;Open: Yes&#xA;&#xA;https://ioverlander.com/places/7dacb0d1-59a1-4fda-a9de-9d8c2eff6f0e (network required)&#xA;</desc>
  <type>Fuel Station</type>
  <extensions>
   <osmand:icon>fuel</osmand:icon>
   <osmand:background>circle</osmand:background>
   <osmand:color>#339933</osmand:color>
   <osmand:amenity_subtype>user_defined_other_postcode</osmand:amenity_subtype>
   <osmand:amenity_type>user_defined_other</osmand:amenity_type>
  </extensions>
 </wpt>
 <wpt lat="39.7715" lon="-105.5049">
  <ele>0.0</ele>
  <time>2024-07-12 00:00:00 UTC</time>
  <name>Pit Stop</name>
  <desc>Also can get water, dump and propane. This place is very busy in the winter, especially January, but is good at getting rigs in and out. 928-927-3714; 8:00 AM to 4:30 PM; 7 days a week; 425 N. Central / US95, Quartzsite, AZ 85346&#xA;&#xA;Date verified: 2024-07-12 00:00:00 UTC&#xA;Open: Yes&#xA;&#xA;https://ioverlander.com/places/04d1f44a-3365-4f91-967f-6e406d232169 (network required)&#xA;</desc>
  <type>Fuel Station</type>
  <extensions>
   <osmand:icon>fuel</osmand:icon>
   <osmand:background>circle</osmand:background>
   <osmand:color>#339933</osmand:color>
   <osmand:amenity_subtype>user_defined_other_postcode</osmand:amenity_subtype>
   <osmand:amenity_type>user_defined_other</osmand:amenity_type>
  </extensions>
 </wpt>
 <wpt lat="34.2826" lon="-110.8011">
  <ele>0.0</ele>
  <time>2024-07-12 00:00:00 UTC</time>
  <name>Crane Store &amp; Cafe</name>
  <desc>Gas and diesel available at this little store, along with basic food stuffs, cafe, and RV hook-ups.&#xA;&#xA;Date verified: 2024-07-12 00:00:00 UTC&#xA;Open: Yes&#xA;&#xA;https://ioverlander.com/places/99d4759c-8ab4-40c2-ba4c-0367552ad94a (network required)&#xA;</desc>
  <type>Fuel Station</type>
  <extensions>
   <osmand:icon>fuel</osmand:icon>
   <osmand:background>circle</osmand:background>
   <osmand:color>#339933</osmand:color>
   <osmand:amenity_subtype>user_defined_other_postcode</osmand:amenity_subtype>
   <osmand:amenity_type>user_defined_other</osmand:amenity_type>
  </extensions>
 </wpt>
 <wpt lat="47.9971" lon="-120.4321">
  <ele>0.0</ele>
  <time>2024-07-12 00:00:00 UTC</time>
  <name>Frenchlen Mercantile</name>
  <desc>Nice little shop with 87 octane and diesel&#xA;&#xA;Date verified: 2024-07-12 00:00:00 UTC&#xA;Open: Yes&#xA;&#xA;https://ioverlander.com/places/5641d9c2-b34b-4d62-8b09-6197ab3283f7 (network required)&#xA;</desc>
  <type>Fuel Station</type>
  <extensions>
   <osmand:icon>fuel</osmand:icon>
   <osmand:background>circle</osmand:background>
   <osmand:color>#339933</osmand:color>
   <osmand:amenity_subtype>user_defined_other_postcode</osmand:amenity_subtype>
   <osmand:amenity_type>user_defined_other</osmand:amenity_type>
  </extensions>
 </wpt>
 <wpt lat="27.9231" lon="-81.1924">
  <ele>0.0</ele>
  <time>2024-07-12 00:00:00 UTC</time>
  <name>Emigrant General Store</name>
  <desc>This gas station is packed with useful stuff. Large fresh produce section with fruit and vegetables, camping gear, and lots of drinks and take home ice cream. There is a laundromat on site. You can also use the self-service car wash to knock the dust off your rig.&#xA;&#xA;Date verified: 2024-07-12 00:00:00 UTC&#xA;Open: Yes&#xA;&#xA;https://ioverlander.com/places/04f3bc63-c08d-464c-88a4-88b3836ccf7c (network required)&#xA;</desc>
  <type>Fuel Station</type>
  <extensions>
   <osmand:icon>fuel</osmand:icon>
   <osmand:background>circle</osmand:background>
   <osmand:color>#339933</osmand:color>
   <osmand:amenity_subtype>user_defined_other_postcode</osmand:amenity_subtype>
   <osmand:amenity_type>user_defined_other</osmand:amenity_type>
  </extensions>
 </wpt>
 <wpt lat="43.3465" lon="-106.9515">
  <ele>0.0</ele>
  <time>2024-07-12 00:00:00 UTC</time>
  <name>Only gas for 150 miles</name>
  <desc>Yep, started freaking out that we wouldn’t have enough fuel until Glennallen (next town 70 miles up) and nothing on here or Google displayed a nearby station. This is a small little place but they have gas if you’re in a pinch!&#xA;&#xA;Date verified: 2024-07-12 00:00:00 UTC&#xA;Open: Yes&#xA;&#xA;https://ioverlander.com/places/463a624d-0260-47dc-8f5c-045daed5301f (network required)&#xA;</desc>
  <type>Fuel Station</type>
  <extensions>
   <osmand:icon>fuel</osmand:icon>
   <osmand:background>circle</osmand:background>
   <osmand:color>#339933</osmand:color>
   <osmand:amenity_subtype>user_defined_other_postcode</osmand:amenity_subtype>
   <osmand:amenity_type>user_defined_other</osmand:amenity_type>
  </extensions>
 </wpt>
 <wpt lat="47.1626" lon="-110.0084">
  <ele>0.0</ele>
  <time>2024-07-12 00:00:00 UTC</time>
  <name>Fields Station</name>
  <desc>Gas but you will pay premium prices due to it&#39;s location&#xA;&#xA;Date verified: 2024-07-12 00:00:00 UTC&#xA;Open: Yes&#xA;&#xA;https://ioverlander.com/places/fb7bda9f-52d6-4c62-b98a-638a37da9e4b (network required)&#xA;</desc>
  <type>Fuel Station</type>
  <extensions>
   <osmand:icon>fuel</osmand:icon>
   <osmand:background>circle</osmand:background>
   <osmand:color>#339933</osmand:color>
   <osmand:amenity_subtype>user_defined_other_postcode</osmand:amenity_subtype>
   <osmand:amenity_type>user_defined_other</osmand:amenity_type>
  </extensions>
 </wpt>
 <wpt lat="39.0978" lon="-116.0498">
  <ele>0.0</ele>
  <time>2024-07-12 00:00:00 UTC</time>
  <name>Chevron</name>
  <desc>Gas Station with food. No propane fill. Has large diesel fill up area. There&#39;s also a large gravel area. You could probably spend a night here as well. I see a semi in there. Most likely sleeping.&#xA;&#xA;Date verified: 2024-07-12 00:00:00 UTC&#xA;Open: Yes&#xA;&#xA;https://ioverlander.com/places/d007f608-8b79-4391-828b-71cbc1bd9a9a (network required)&#xA;</desc>
  <type>Fuel Station</type>
  <extensions>
   <osmand:icon>fuel</osmand:icon>
   <osmand:background>circle</osmand:background>
   <osmand:color>#339933</osmand:color>
   <osmand:amenity_subtype>user_defined_other_postcode</osmand:amenity_subtype>
   <osmand:amenity_type>user_defined_other</osmand:amenity_type>
  </extensions>
 </wpt>
 <wpt lat="44.3757" lon="-114.357">
  <ele>0.0</ele>
  <time>2024-07-12 00:00:00 UTC</time>
  <name>ARCO GASOLINE</name>
  <desc>$2.51 at this time of reporting. Cheapest gas in Beatty. Hand window washing fluid to scrub bugs off. Has bathrooms. Clean.&#xA;&#xA;Date verified: 2024-07-12 00:00:00 UTC&#xA;Open: Yes&#xA;&#xA;https://ioverlander.com/places/e3c9454c-d59b-4ef4-b0f2-175ae8499725 (network required)&#xA;</desc>
  <type>Fuel Station</type>
  <extensions>
   <osmand:icon>fuel</osmand:icon>
   <osmand:background>circle</osmand:background>
   <osmand:color>#339933</osmand:color>
   <osmand:amenity_subtype>user_defined_other_postcode</osmand:amenity_subtype>
   <osmand:amenity_type>user_defined_other</osmand:amenity_type>
  </extensions>
 </wpt>
 <wpt lat="34.8397" lon="-105.4697">
  <ele>0.0</ele>
  <time>2024-07-12 00:00:00 UTC</time>
  <name>Phillips 66 &amp; Roadrunner Travel Center</name>
  <desc>This is a gas station with plenty of spots around for trucks and travelers that need to spend the night. The convenience store is open 24 hrs.&#xA;It&#39;s not the quietest spot but it&#39;s a spot for the night.&#xA;Right off the Hwy 25.&#xA;&#xA;Date verified: 2024-07-12 00:00:00 UTC&#xA;Open: Yes&#xA;&#xA;https://ioverlander.com/places/9839c30d-8ff6-4abd-acfb-702e3cdb7822 (network required)&#xA;</desc>
  <type>Fuel Station</type>
  <extensions>
   <osmand:icon>fuel</osmand:icon>
   <osmand:background>circle</osmand:background>
   <osmand:color>#339933</osmand:color>
   <osmand:amenity_subtype>user_defined_other_postcode</osmand:amenity_subtype>
   <osmand:amenity_type>user_defined_other</osmand:amenity_type>
  </extensions>
 </wpt>
 <wpt lat="37.1104" lon="-119.0021">
  <ele>0.0</ele>
  <time>2024-07-12 00:00:00 UTC</time>
  <name>Alltown Fresh</name>
  <desc>They have DEF (diesel additive) at the pump, great, healthy foods and snacks and a free dump station!&#xA;&#xA;Date verified: 2024-07-12 00:00:00 UTC&#xA;Open: Yes&#xA;&#xA;https://ioverlander.com/places/07af6389-1f61-4fd5-8f64-f808a5507bf9 (network required)&#xA;</desc>
  <type>Fuel Station</type>
  <extensions>
   <osmand:icon>fuel</osmand:icon>
   <osmand:background>circle</osmand:background>
   <osmand:color>#339933</osmand:color>
   <osmand:amenity_subtype>user_defined_other_postcode</osmand:amenity_subtype>
   <osmand:amenity_type>user_defined_other</osmand:amenity_type>
  </extensions>
 </wpt>
 <wpt lat="32.313" lon="-99.4706">
  <ele>0.0</ele>
  <time>2024-07-12 00:00:00 UTC</time>
  <name>Sinclair fuel</name>
  <desc>Fuel stop. All paved, seems nice and clean. Plenty of room to turn around. Napa auto care center and grocery open in the warm season?&#xA;&#xA;Date verified: 2024-07-12 00:00:00 UTC&#xA;Open: Yes&#xA;&#xA;https://ioverlander.com/places/2d9f3d6b-09d4-472c-9cc5-f730f5a27d61 (network required)&#xA;</desc>
  <type>Fuel Station</type>
  <extensions>
   <osmand:icon>fuel</osmand:icon>
   <osmand:background>circle</osmand:background>
   <osmand:color>#339933</osmand:color>
   <osmand:amenity_subtype>user_defined_other_postcode</osmand:amenity_subtype>
   <osmand:amenity_type>user_defined_other</osmand:amenity_type>
  </extensions>
 </wpt>
 <wpt lat="44.1608" lon="-120.1076">
  <ele>0.0</ele>
  <time>2024-07-12 00:00:00 UTC</time>
  <name>Oasis Stop n’ Go</name>
  <desc>Regular and Diesel available, cheap. Decent offerings at the little shop.&#xA;&#xA;Date verified: 2024-07-12 00:00:00 UTC&#xA;Open: Yes&#xA;&#xA;https://ioverlander.com/places/9a984ad5-a752-46b8-aba0-4ceece59a1ac (network required)&#xA;</desc>
  <type>Fuel Station</type>
  <extensions>
   <osmand:icon>fuel</osmand:icon>
   <osmand:background>circle</osmand:background>
   <osmand:color>#339933</osmand:color>
   <osmand:amenity_subtype>user_defined_other_postcode</osmand:amenity_subtype>
   <osmand:amenity_type>user_defined_other</osmand:amenity_type>
  </extensions>
 </wpt>
 <wpt lat="39.321" lon="-111.0937">
  <ele>0.0</ele>
  <time>2024-07-12 00:00:00 UTC</time>
  <name>Jo-Bi Convenience Market</name>
  <desc>This place also has potable water if you asks for “the key” to turn the spigot.&#xA;&#xA;Fill during open hours only:&#xA;Mo-Fr: 5am-10pm&#xA;Sa: 6am-10pm&#xA;Su: 7am-8pm&#xA;&#xA;Date verified: 2024-07-12 00:00:00 UTC&#xA;Open: Yes&#xA;&#xA;https://ioverlander.com/places/12572585-2703-48af-969e-df21a188eb2a (network required)&#xA;</desc>
  <type>Water</type>
  <extensions>
   <osmand:icon>amenity_drinking_water</osmand:icon>
   <osmand:background>circle</osmand:background>
   <osmand:color>#0099ff</osmand:color>
   <osmand:amenity_subtype>user_defined_other_postcode</osmand:amenity_subtype>
   <osmand:amenity_type>user_defined_other</osmand:amenity_type>
  </extensions>
 </wpt>
 <wpt lat="39.5624" lon="-105.7667">
  <ele>0.0</ele>
  <time>2024-07-12 00:00:00 UTC</time>
  <name>Cap&#39;n Joe&#39;s Gas</name>
  <desc>Water for $5 on the back of the Tesoro gas station - at the propane tank you will find the tap. You will also find a laundry at this gas station. There is also a dumping just 30 ft away at the RV campground for $10. Car wash too.&#xA;&#xA;Date verified: 2024-07-12 00:00:00 UTC&#xA;Open: Yes&#xA;&#xA;https://ioverlander.com/places/982a3737-b3f4-4fca-a6da-c20b10439a1a (network required)&#xA;</desc>
  <type>Water</type>
  <extensions>
   <osmand:icon>amenity_drinking_water</osmand:icon>
   <osmand:background>circle</osmand:background>
   <osmand:color>#0099ff</osmand:color>
   <osmand:amenity_subtype>user_defined_other_postcode</osmand:amenity_subtype>
   <osmand:amenity_type>user_defined_other</osmand:amenity_type>
  </extensions>
 </wpt>
 <wpt lat="34.0735" lon="-111.0629">
  <ele>0.0</ele>
  <time>2024-07-12 00:00:00 UTC</time>
  <name>Truck Service</name>
  <desc>There are water spigots over by the truck fuel island. Each pump has a water spigot.&#xA;&#xA;Date verified: 2024-07-12 00:00:00 UTC&#xA;Open: Yes&#xA;&#xA;https://ioverlander.com/places/c3a2b075-5e73-42d6-8d4e-28612a09844c (network required)&#xA;</desc>
  <type>Water</type>
  <extensions>
   <osmand:icon>amenity_drinking_water</osmand:icon>
   <osmand:background>circle</osmand:background>
   <osmand:color>#0099ff</osmand:color>
   <osmand:amenity_subtype>user_defined_other_postcode</osmand:amenity_subtype>
   <osmand:amenity_type>user_defined_other</osmand:amenity_type>
  </extensions>
 </wpt>
 <wpt lat="47.788" lon="-120.6939">
  <ele>0.0</ele>
  <time>2024-07-12 00:00:00 UTC</time>
  <name>Maverick Gas Station</name>
  <desc>Potable water on the left side of the building near pump 11. This is a FREE dump station at the Maverick Gas Station. Open 24h for water potable and dump station. Gas cheap.&#xA;&#xA;Date verified: 2024-07-12 00:00:00 UTC&#xA;Open: Yes&#xA;&#xA;https://ioverlander.com/places/bafe7001-fac3-428b-90e6-191aab728165 (network required)&#xA;</desc>
  <type>Water</type>
  <extensions>
   <osmand:icon>amenity_drinking_water</osmand:icon>
   <osmand:background>circle</osmand:background>
   <osmand:color>#0099ff</osmand:color>
   <osmand:amenity_subtype>user_defined_other_postcode</osmand:amenity_subtype>
   <osmand:amenity_type>user_defined_other</osmand:amenity_type>
  </extensions>
 </wpt>
 <wpt lat="27.714" lon="-81.4542">
  <ele>0.0</ele>
  <time>2024-07-12 00:00:00 UTC</time>
  <name>water spring</name>
  <desc>Water spring on side of road with free water.&#xA;&#xA;Date verified: 2024-07-12 00:00:00 UTC&#xA;Open: Yes&#xA;&#xA;https://ioverlander.com/places/0bf8b91b-410c-4088-a392-5b4ab5c12f39 (network required)&#xA;</desc>
  <type>Water</type>
  <extensions>
   <osmand:icon>amenity_drinking_water</osmand:icon>
   <osmand:background>circle</osmand:background>
   <osmand:color>#0099ff</osmand:color>
   <osmand:amenity_subtype>user_defined_other_postcode</osmand:amenity_subtype>
   <osmand:amenity_type>user_defined_other</osmand:amenity_type>
  </extensions>
 </wpt>
 <wpt lat="43.1374" lon="-107.2133">
  <ele>0.0</ele>
  <time>2024-07-12 00:00:00 UTC</time>
  <name>Meskwaki</name>
  <desc>Water tap at casino RV Park behind casino, way in the back. The RV park is closed, so no hook ups, but the water is accessible. Staff said I could stay the night in the parking lot. Great place&#xA;&#xA;Date verified: 2024-07-12 00:00:00 UTC&#xA;Open: Yes&#xA;&#xA;https://ioverlander.com/places/b69daf8f-d424-4a9c-979a-241239ccc9bd (network required)&#xA;</desc>
  <type>Water</type>
  <extensions>
   <osmand:icon>amenity_drinking_water</osmand:icon>
   <osmand:background>circle</osmand:background>
   <osmand:color>#0099ff</osmand:color>
   <osmand:amenity_subtype>user_defined_other_postcode</osmand:amenity_subtype>
   <osmand:amenity_type>user_defined_other</osmand:amenity_type>
  </extensions>
 </wpt>
 <wpt lat="46.9535" lon="-110.2702">
  <ele>0.0</ele>
  <time>2024-07-12 00:00:00 UTC</time>
  <name>Joshua Tree NP Visitors Centre</name>
  <desc>Free potable water for motorhomes from tap in carpark&#xA;&#xA;Date verified: 2024-07-12 00:00:00 UTC&#xA;Open: Yes&#xA;&#xA;https://ioverlander.com/places/5ed51630-2f45-4327-8dd1-ed2f7ee8e54c (network required)&#xA;</desc>
  <type>Water</type>
  <extensions>
   <osmand:icon>amenity_drinking_water</osmand:icon>
   <osmand:background>circle</osmand:background>
   <osmand:color>#0099ff</osmand:color>
   <osmand:amenity_subtype>user_defined_other_postcode</osmand:amenity_subtype>
   <osmand:amenity_type>user_defined_other</osmand:amenity_type>
  </extensions>
 </wpt>
 <wpt lat="38.8887" lon="-116.3116">
  <ele>0.0</ele>
  <time>2024-07-12 00:00:00 UTC</time>
  <name>Glacier Water Dispenser</name>
  <desc>Do-it-yourself water dispenser across the street from the Eastside Branch Public Library. 35 cents a gallon or $1.75 for 5 gallons.&#xA;&#xA;Date verified: 2024-07-12 00:00:00 UTC&#xA;Open: Yes&#xA;&#xA;https://ioverlander.com/places/a88f7fe9-f0b5-4bd7-9637-47f658a44228 (network required)&#xA;</desc>
  <type>Water</type>
  <extensions>
   <osmand:icon>amenity_drinking_water</osmand:icon>
   <osmand:background>circle</osmand:background>
   <osmand:color>#0099ff</osmand:color>
   <osmand:amenity_subtype>user_defined_other_postcode</osmand:amenity_subtype>
   <osmand:amenity_type>user_defined_other</osmand:amenity_type>
  </extensions>
 </wpt>
 <wpt lat="44.1666" lon="-114.6188">
  <ele>0.0</ele>
  <time>2024-07-12 00:00:00 UTC</time>
  <name>7 - Eleven</name>
  <desc>Water $.25 per 5 gallons - pay inside and they will give you the key. (Price may vary)&#xA;&#xA;Date verified: 2024-07-12 00:00:00 UTC&#xA;Open: Yes&#xA;&#xA;https://ioverlander.com/places/b764492a-db64-48fd-9f9e-0a9fa8bf48be (network required)&#xA;</desc>
  <type>Water</type>
  <extensions>
   <osmand:icon>amenity_drinking_water</osmand:icon>
   <osmand:background>circle</osmand:background>
   <osmand:color>#0099ff</osmand:color>
   <osmand:amenity_subtype>user_defined_other_postcode</osmand:amenity_subtype>
   <osmand:amenity_type>user_defined_other</osmand:amenity_type>
  </extensions>
 </wpt>
 <wpt lat="34.6306" lon="-105.7315">
  <ele>0.0</ele>
  <time>2024-07-12 00:00:00 UTC</time>
  <name>Gearheads</name>
  <desc>Outdoor gear store offering free filtered water inside the store. Bring and fill your own container. A cart is provided so you can wheel your jugs back to your vehicle.&#xA;&#xA;Date verified: 2024-07-12 00:00:00 UTC&#xA;Open: Yes&#xA;&#xA;https://ioverlander.com/places/a298f55b-6a57-48d4-b8e0-43b898dcb218 (network required)&#xA;</desc>
  <type>Water</type>
  <extensions>
   <osmand:icon>amenity_drinking_water</osmand:icon>
   <osmand:background>circle</osmand:background>
   <osmand:color>#0099ff</osmand:color>
   <osmand:amenity_subtype>user_defined_other_postcode</osmand:amenity_subtype>
   <osmand:amenity_type>user_defined_other</osmand:amenity_type>
  </extensions>
 </wpt>
 <wpt lat="36.9013" lon="-119.2639">
  <ele>0.0</ele>
  <time>2024-07-12 00:00:00 UTC</time>
  <name>Rest area</name>
  <desc>Several spigots, but they are all turned off.&#xA;&#xA;Update June 2022: Water available. (Probably seasonal.)&#xA;&#xA;Date verified: 2024-07-12 00:00:00 UTC&#xA;Open: Yes&#xA;&#xA;https://ioverlander.com/places/0a77da94-a8ab-476e-a612-699d6c3f009c (network required)&#xA;</desc>
  <type>Water</type>
  <extensions>
   <osmand:icon>amenity_drinking_water</osmand:icon>
   <osmand:background>circle</osmand:background>
   <osmand:color>#0099ff</osmand:color>
   <osmand:amenity_subtype>user_defined_other_postcode</osmand:amenity_subtype>
   <osmand:amenity_type>user_defined_other</osmand:amenity_type>
  </extensions>
 </wpt>
 <wpt lat="32.1039" lon="-99.7324">
  <ele>0.0</ele>
  <time>2024-07-12 00:00:00 UTC</time>
  <name>Anchor Point</name>
  <desc>Public water supply. 25 cents for 6 gallons. Pumps for large and small tanks. Price is 3.67 gallons for $0.25. Good for filling containers , there is no thread on the smaller hose, and a water witch does not work with it.&#xA;&#xA;Date verified: 2024-07-12 00:00:00 UTC&#xA;Open: Yes&#xA;&#xA;https://ioverlander.com/places/162b35b0-fb63-4735-9d83-75eedefd8efe (network required)&#xA;</desc>
  <type>Water</type>
  <extensions>
   <osmand:icon>amenity_drinking_water</osmand:icon>
   <osmand:background>circle</osmand:background>
   <osmand:color>#0099ff</osmand:color>
   <osmand:amenity_subtype>user_defined_other_postcode</osmand:amenity_subtype>
   <osmand:amenity_type>user_defined_other</osmand:amenity_type>
  </extensions>
 </wpt>
 <wpt lat="43.9517" lon="-120.3694">
  <ele>0.0</ele>
  <time>2024-07-12 00:00:00 UTC</time>
  <name>Dolores park</name>
  <desc>There is a water spigot on the left as you enter the park. Good pressure, but you need a 50 foot hose!&#xA;&#xA;Date verified: 2024-07-12 00:00:00 UTC&#xA;Open: Yes&#xA;&#xA;https://ioverlander.com/places/d03e2c7f-699e-4959-b7da-7659d2240218 (network required)&#xA;</desc>
  <type>Water</type>
  <extensions>
   <osmand:icon>amenity_drinking_water</osmand:icon>
   <osmand:background>circle</osmand:background>
   <osmand:color>#0099ff</osmand:color>
   <osmand:amenity_subtype>user_defined_other_postcode</osmand:amenity_subtype>
   <osmand:amenity_type>user_defined_other</osmand:amenity_type>
  </extensions>
 </wpt>
 <wpt lat="39.4809" lon="-110.8935">
  <ele>0.0</ele>
  <time>2024-07-12 00:00:00 UTC</time>
  <name>Smiths Fuel Center</name>
  <desc>This locaton is now closed.&#xA;Recommended by Hyde Memorial State Park as place to get water since theirs is limited. There is a lock but the attendant happily opened it and said they are one of only places around.&#xA;&#xA;Date verified: 2024-07-12 00:00:00 UTC&#xA;Open: Yes&#xA;&#xA;https://ioverlander.com/places/fc8bbfc5-03ab-4eac-b802-01ae50d71917 (network required)&#xA;</desc>
  <type>Water</type>
  <extensions>
   <osmand:icon>amenity_drinking_water</osmand:icon>
   <osmand:background>circle</osmand:background>
   <osmand:color>#0099ff</osmand:color>
   <osmand:amenity_subtype>user_defined_other_postcode</osmand:amenity_subtype>
   <osmand:amenity_type>user_defined_other</osmand:amenity_type>
  </extensions>
 </wpt>
 <wpt lat="39.7223" lon="-105.5665">
  <ele>0.0</ele>
  <time>2024-07-12 00:00:00 UTC</time>
  <name>Pilar</name>
  <desc>MODERATOR NOTE: Seasonal closures reported.&#xA;&#xA;Free Water for drinking. Visitor center Rio Grande!&#xA;&#xA;Water is beside unattached restrooms/outhouses.&#xA;&#xA;Date verified: 2024-07-12 00:00:00 UTC&#xA;Open: Yes&#xA;&#xA;https://ioverlander.com/places/26d53493-2369-495f-a505-a5b8b1155617 (network required)&#xA;</desc>
  <type>Water</type>
  <extensions>
   <osmand:icon>amenity_drinking_water</osmand:icon>
   <osmand:background>circle</osmand:background>
   <osmand:color>#0099ff</osmand:color>
   <osmand:amenity_subtype>user_defined_other_postcode</osmand:amenity_subtype>
   <osmand:amenity_type>user_defined_other</osmand:amenity_type>
  </extensions>
 </wpt>
 <wpt lat="34.2334" lon="-110.8627">
  <ele>0.0</ele>
  <time>2024-07-12 00:00:00 UTC</time>
  <name>South Kaibab Trailhead</name>
  <desc>Water refill station at the South Kaibab Trailhead (also a shuttle bus station for the Grand Canyon orange line)&#xA;&#xA;Potable spring water for filling bottles or jugs. Not suitable to fill RVs. Within a chainlink fence that keeps wildlife out.&#xA;&#xA;Date verified: 2024-07-12 00:00:00 UTC&#xA;Open: Yes&#xA;&#xA;https://ioverlander.com/places/06f87ef4-7323-44ff-b0c6-79534bfa81e9 (network required)&#xA;</desc>
  <type>Water</type>
  <extensions>
   <osmand:icon>amenity_drinking_water</osmand:icon>
   <osmand:background>circle</osmand:background>
   <osmand:color>#0099ff</osmand:color>
   <osmand:amenity_subtype>user_defined_other_postcode</osmand:amenity_subtype>
   <osmand:amenity_type>user_defined_other</osmand:amenity_type>
  </extensions>
 </wpt>
 <wpt lat="47.9479" lon="-120.4937">
  <ele>0.0</ele>
  <time>2024-07-12 00:00:00 UTC</time>
  <name>Haines Gas Station.</name>
  <desc>Gas station with free RV service. Potable water available. Free air as well but no gauge.&#xA;&#xA;Date verified: 2024-07-12 00:00:00 UTC&#xA;Open: Yes&#xA;&#xA;https://ioverlander.com/places/b87aac5e-09e1-4da1-bea3-018c32f010d3 (network required)&#xA;</desc>
  <type>Water</type>
  <extensions>
   <osmand:icon>amenity_drinking_water</osmand:icon>
   <osmand:background>circle</osmand:background>
   <osmand:color>#0099ff</osmand:color>
   <osmand:amenity_subtype>user_defined_other_postcode</osmand:amenity_subtype>
   <osmand:amenity_type>user_defined_other</osmand:amenity_type>
  </extensions>
 </wpt>
 <wpt lat="27.8739" lon="-81.254">
  <ele>0.0</ele>
  <time>2024-07-12 00:00:00 UTC</time>
  <name>Chevron</name>
  <desc>FREE potable water on South side of building. Red spigot by the air station. See other check-ins for further info! Enjoy!&#xA;&#xA;Date verified: 2024-07-12 00:00:00 UTC&#xA;Open: Yes&#xA;&#xA;https://ioverlander.com/places/2ee11651-980b-4410-8e44-90375709fe0e (network required)&#xA;</desc>
  <type>Water</type>
  <extensions>
   <osmand:icon>amenity_drinking_water</osmand:icon>
   <osmand:background>circle</osmand:background>
   <osmand:color>#0099ff</osmand:color>
   <osmand:amenity_subtype>user_defined_other_postcode</osmand:amenity_subtype>
   <osmand:amenity_type>user_defined_other</osmand:amenity_type>
  </extensions>
 </wpt>
 <wpt lat="43.2973" lon="-107.0131">
  <ele>0.0</ele>
  <time>2024-07-12 00:00:00 UTC</time>
  <name>Edward&#39;s Rest Area</name>
  <desc>Beautiful Riverwalk next to the rest area. Potable water fill. Free. Available April through November.&#xA;&#xA;Date verified: 2024-07-12 00:00:00 UTC&#xA;Open: Yes&#xA;&#xA;https://ioverlander.com/places/3a523071-c0fb-44ad-9d04-a91734524db7 (network required)&#xA;</desc>
  <type>Water</type>
  <extensions>
   <osmand:icon>amenity_drinking_water</osmand:icon>
   <osmand:background>circle</osmand:background>
   <osmand:color>#0099ff</osmand:color>
   <osmand:amenity_subtype>user_defined_other_postcode</osmand:amenity_subtype>
   <osmand:amenity_type>user_defined_other</osmand:amenity_type>
  </extensions>
 </wpt>
 <wpt lat="47.1134" lon="-110.07">
  <ele>0.0</ele>
  <time>2024-07-12 00:00:00 UTC</time>
  <name>Water</name>
  <desc>Portable Water Fountain for Bottles in the National Forest Area. Tastes fine with our Filter. Low pressure.&#xA;&#xA;Date verified: 2024-07-12 00:00:00 UTC&#xA;Open: Yes&#xA;&#xA;https://ioverlander.com/places/11883e56-bcde-493a-8d01-230868368694 (network required)&#xA;</desc>
  <type>Water</type>
  <extensions>
   <osmand:icon>amenity_drinking_water</osmand:icon>
   <osmand:background>circle</osmand:background>
   <osmand:color>#0099ff</osmand:color>
   <osmand:amenity_subtype>user_defined_other_postcode</osmand:amenity_subtype>
   <osmand:amenity_type>user_defined_other</osmand:amenity_type>
  </extensions>
 </wpt>
 <wpt lat="39.0486" lon="-116.1114">
  <ele>0.0</ele>
  <time>2024-07-12 00:00:00 UTC</time>
  <name>Boettcher Park Picnic Area</name>
  <desc>Picnic area with restrooms, trash, recycling, water spout, tables and swings.&#xA;&#xA;Date verified: 2024-07-12 00:00:00 UTC&#xA;Open: Yes&#xA;&#xA;https://ioverlander.com/places/d4c28f02-1d86-4b5f-805d-ca0131a0a516 (network required)&#xA;</desc>
  <type>Water</type>
  <extensions>
   <osmand:icon>amenity_drinking_water</osmand:icon>
   <osmand:background>circle</osmand:background>
   <osmand:color>#0099ff</osmand:color>
   <osmand:amenity_subtype>user_defined_other_postcode</osmand:amenity_subtype>
   <osmand:amenity_type>user_defined_other</osmand:amenity_type>
  </extensions>
 </wpt>
 <wpt lat="44.3265" lon="-114.4186">
  <ele>0.0</ele>
  <time>2024-07-12 00:00:00 UTC</time>
  <name>Next to Allsup&#39;s</name>
  <desc>Free potable water on the corner. Very easy access for rigs. We filled up our two 6 gallon jugs.&#xA;&#xA;Spigot off and employees are unable to unlock for you&#xA;&#xA;Date verified: 2024-07-12 00:00:00 UTC&#xA;Open: Yes&#xA;&#xA;https://ioverlander.com/places/83faaffd-1675-4083-9feb-b18f8ee2b197 (network required)&#xA;</desc>
  <type>Water</type>
  <extensions>
   <osmand:icon>amenity_drinking_water</osmand:icon>
   <osmand:background>circle</osmand:background>
   <osmand:color>#0099ff</osmand:color>
   <osmand:amenity_subtype>user_defined_other_postcode</osmand:amenity_subtype>
   <osmand:amenity_type>user_defined_other</osmand:amenity_type>
  </extensions>
 </wpt>
 <wpt lat="34.7905" lon="-105.5313">
  <ele>0.0</ele>
  <time>2024-07-12 00:00:00 UTC</time>
  <name>Moab - Lions Park Spigot</name>
  <desc>Two threaded spigots in the lower lot- there is also a filtered bottle fill station in the pavilion up the stairs. There are electric outlets in the pavilion Carrie the grass if you need to charger computer/jackery and tables to sit down on in the shade&#xA;&#xA;Date verified: 2024-07-12 00:00:00 UTC&#xA;Open: Yes&#xA;&#xA;https://ioverlander.com/places/492e8389-c600-47de-93fb-e4b53bfeae0c (network required)&#xA;</desc>
  <type>Water</type>
  <extensions>
   <osmand:icon>amenity_drinking_water</osmand:icon>
   <osmand:background>circle</osmand:background>
   <osmand:color>#0099ff</osmand:color>
   <osmand:amenity_subtype>user_defined_other_postcode</osmand:amenity_subtype>
   <osmand:amenity_type>user_defined_other</osmand:amenity_type>
  </extensions>
 </wpt>
 <wpt lat="37.0612" lon="-119.0637">
  <ele>0.0</ele>
  <time>2024-07-12 00:00:00 UTC</time>
  <name>Mtn Village Service Station</name>
  <desc>RV Propane, free potable water. Gas/diesel is ghastly expensive tourist pricing, avoid the gas. ($1 additional per gallon) Free water behind the gas station. Good hoses. long enough to fill RV. Further, I would bring some type of filter too. I’m sure it’s perfectly fine, and it’s 100% potable, but who knows what is creeping and crawling up that hose.&#xA;&#xA;Date verified: 2024-07-12 00:00:00 UTC&#xA;Open: Yes&#xA;&#xA;https://ioverlander.com/places/debcdb05-0e76-4f1a-98ca-9d1c3bcf00a5 (network required)&#xA;</desc>
  <type>Water</type>
  <extensions>
   <osmand:icon>amenity_drinking_water</osmand:icon>
   <osmand:background>circle</osmand:background>
   <osmand:color>#0099ff</osmand:color>
   <osmand:amenity_subtype>user_defined_other_postcode</osmand:amenity_subtype>
   <osmand:amenity_type>user_defined_other</osmand:amenity_type>
  </extensions>
 </wpt>
 <wpt lat="32.2638" lon="-99.5322">
  <ele>0.0</ele>
  <time>2024-07-12 00:00:00 UTC</time>
  <name>Next to McDonalds</name>
  <desc>Go in the back and open a small metal door. Written water on it.&#xA;&#xA;Date verified: 2024-07-12 00:00:00 UTC&#xA;Open: Yes&#xA;&#xA;https://ioverlander.com/places/5dfc06ff-970d-42a0-a472-a9284a56710b (network required)&#xA;</desc>
  <type>Water</type>
  <extensions>
   <osmand:icon>amenity_drinking_water</osmand:icon>
   <osmand:background>circle</osmand:background>
   <osmand:color>#0099ff</osmand:color>
   <osmand:amenity_subtype>user_defined_other_postcode</osmand:amenity_subtype>
   <osmand:amenity_type>user_defined_other</osmand:amenity_type>
  </extensions>
 </wpt>
 <wpt lat="44.1116" lon="-120.1692">
  <ele>0.0</ele>
  <time>2024-07-12 00:00:00 UTC</time>
  <name>Olsens IGA store</name>
  <desc>water here as well as a couple of other places. All the same price - buck for 5 gallons. Biggest store in Ajo. deli has WiFi.&#xA;&#xA;Date verified: 2024-07-12 00:00:00 UTC&#xA;Open: Yes&#xA;&#xA;https://ioverlander.com/places/1dd8e1fe-830b-41bc-aaa1-866e810a6c39 (network required)&#xA;</desc>
  <type>Water</type>
  <extensions>
   <osmand:icon>amenity_drinking_water</osmand:icon>
   <osmand:background>circle</osmand:background>
   <osmand:color>#0099ff</osmand:color>
   <osmand:amenity_subtype>user_defined_other_postcode</osmand:amenity_subtype>
   <osmand:amenity_type>user_defined_other</osmand:amenity_type>
  </extensions>
 </wpt>
 <wpt lat="39.6408" lon="-110.6933">
  <ele>0.0</ele>
  <time>2024-07-12 00:00:00 UTC</time>
  <name>Arjencía Water</name>
  <desc>Water kiosk on E Fort Lowell Rd. near N Mountain Ave. 15¢ a gallon.&#xA;&#xA;Date verified: 2024-07-12 00:00:00 UTC&#xA;Open: Yes&#xA;&#xA;https://ioverlander.com/places/b17b4f7e-4cdf-4d74-89d2-f855adfa8b62 (network required)&#xA;</desc>
  <type>Water</type>
  <extensions>
   <osmand:icon>amenity_drinking_water</osmand:icon>
   <osmand:background>circle</osmand:background>
   <osmand:color>#0099ff</osmand:color>
   <osmand:amenity_subtype>user_defined_other_postcode</osmand:amenity_subtype>
   <osmand:amenity_type>user_defined_other</osmand:amenity_type>
  </extensions>
 </wpt>
 <wpt lat="39.8822" lon="-105.3663">
  <ele>0.0</ele>
  <time>2024-07-12 00:00:00 UTC</time>
  <name>king sooper</name>
  <desc>water refill 39 cents a gallon, inside @ entrance&#xA;&#xA;Date verified: 2024-07-12 00:00:00 UTC&#xA;Open: Yes&#xA;&#xA;https://ioverlander.com/places/9143ce16-3e4c-40a4-9c31-758392f83c90 (network required)&#xA;</desc>
  <type>Water</type>
  <extensions>
   <osmand:icon>amenity_drinking_water</osmand:icon>
   <osmand:background>circle</osmand:background>
   <osmand:color>#0099ff</osmand:color>
   <osmand:amenity_subtype>user_defined_other_postcode</osmand:amenity_subtype>
   <osmand:amenity_type>user_defined_other</osmand:amenity_type>
  </extensions>
 </wpt>
 <wpt lat="34.3933" lon="-110.6625">
  <ele>0.0</ele>
  <time>2024-07-12 00:00:00 UTC</time>
  <name>Walmart refill station</name>
  <desc>39cents a gallon. Refill station is located in the front by the customer service counter inside the store&#xA;&#xA;Date verified: 2024-07-12 00:00:00 UTC&#xA;Open: Yes&#xA;&#xA;https://ioverlander.com/places/ac90aa1e-a7f5-40aa-bb3a-5979d0154450 (network required)&#xA;</desc>
  <type>Water</type>
  <extensions>
   <osmand:icon>amenity_drinking_water</osmand:icon>
   <osmand:background>circle</osmand:background>
   <osmand:color>#0099ff</osmand:color>
   <osmand:amenity_subtype>user_defined_other_postcode</osmand:amenity_subtype>
   <osmand:amenity_type>user_defined_other</osmand:amenity_type>
  </extensions>
 </wpt>
 <wpt lat="48.1078" lon="-120.2935">
  <ele>0.0</ele>
  <time>2024-07-12 00:00:00 UTC</time>
  <name>Speedway</name>
  <desc>Next to propane bottles outside there is a water tap you can use. On the other side of the building there is free air (instead of the paid air pump).&#xA;&#xA;Date verified: 2024-07-12 00:00:00 UTC&#xA;Open: Yes&#xA;&#xA;https://ioverlander.com/places/9013daea-347f-471f-87ef-d1a75dc344da (network required)&#xA;</desc>
  <type>Water</type>
  <extensions>
   <osmand:icon>amenity_drinking_water</osmand:icon>
   <osmand:background>circle</osmand:background>
   <osmand:color>#0099ff</osmand:color>
   <osmand:amenity_subtype>user_defined_other_postcode</osmand:amenity_subtype>
   <osmand:amenity_type>user_defined_other</osmand:amenity_type>
  </extensions>
 </wpt>
 <wpt lat="27.6648" lon="-81.5158">
  <ele>0.0</ele>
  <time>2024-07-12 00:00:00 UTC</time>
  <name>T.L.C. Auto Repair</name>
  <desc>Excellent Toyota mechanic at TLC Auto, Fred took great care of us even finding ways to save us money. They charged $50/hr labour. www.tlc-auto.com 858 541 0852.&#xA;&#xA;Date verified: 2024-07-12 00:00:00 UTC&#xA;Open: Yes&#xA;&#xA;https://ioverlander.com/places/4f4ec705-0fb8-4baf-9621-144b3e1b2bfb (network required)&#xA;</desc>
  <type>Mechanic and Parts</type>
  <extensions>
   <osmand:icon>shop_car_repair</osmand:icon>
   <osmand:background>circle</osmand:background>
   <osmand:color>#9999ff</osmand:color>
   <osmand:amenity_subtype>user_defined_other_postcode</osmand:amenity_subtype>
   <osmand:amenity_type>user_defined_other</osmand:amenity_type>
  </extensions>
 </wpt>
 <wpt lat="43.0882" lon="-107.2749">
  <ele>0.0</ele>
  <time>2024-07-12 00:00:00 UTC</time>
  <name>Automotive Super Center Longview Texas</name>
  <desc>1109 W loop 281 Longview Texas these guys are great friendly and solved my diesel problem in a morning and fixed it I came off the street and they stated on it immediately great price great service great coffee thanks Doug Thanks Chris&#xA;&#xA;Date verified: 2024-07-12 00:00:00 UTC&#xA;Open: Yes&#xA;&#xA;https://ioverlander.com/places/d022e77c-b978-4fbb-808c-02e79a9f32de (network required)&#xA;</desc>
  <type>Mechanic and Parts</type>
  <extensions>
   <osmand:icon>shop_car_repair</osmand:icon>
   <osmand:background>circle</osmand:background>
   <osmand:color>#9999ff</osmand:color>
   <osmand:amenity_subtype>user_defined_other_postcode</osmand:amenity_subtype>
   <osmand:amenity_type>user_defined_other</osmand:amenity_type>
  </extensions>
 </wpt>
 <wpt lat="46.9043" lon="-110.3318">
  <ele>0.0</ele>
  <time>2024-07-12 00:00:00 UTC</time>
  <name>Westlake Automotive</name>
  <desc>Straight forward shop that can work on diesel 4x4&#39;s&#xA;&#xA;Date verified: 2024-07-12 00:00:00 UTC&#xA;Open: Yes&#xA;&#xA;https://ioverlander.com/places/ebb7ade1-670b-4322-9e88-cc6d56fcf8a3 (network required)&#xA;</desc>
  <type>Mechanic and Parts</type>
  <extensions>
   <osmand:icon>shop_car_repair</osmand:icon>
   <osmand:background>circle</osmand:background>
   <osmand:color>#9999ff</osmand:color>
   <osmand:amenity_subtype>user_defined_other_postcode</osmand:amenity_subtype>
   <osmand:amenity_type>user_defined_other</osmand:amenity_type>
  </extensions>
 </wpt>
 <wpt lat="38.8395" lon="-116.3732">
  <ele>0.0</ele>
  <time>2024-07-12 00:00:00 UTC</time>
  <name>British Autoworks</name>
  <desc>If anyone needs a Land Rover mechanic near San Diego, we can highly recommend this garage! Peter is very friendly, helpful and knowledgeable. :)&#xA;&#xA;https://www.facebook.com/BritishAutoworksSanDiego/?fref=ts&#xA;&#xA;Date verified: 2024-07-12 00:00:00 UTC&#xA;Open: Yes&#xA;&#xA;https://ioverlander.com/places/d8c5b967-64fa-45a2-b517-a770427e3374 (network required)&#xA;</desc>
  <type>Mechanic and Parts</type>
  <extensions>
   <osmand:icon>shop_car_repair</osmand:icon>
   <osmand:background>circle</osmand:background>
   <osmand:color>#9999ff</osmand:color>
   <osmand:amenity_subtype>user_defined_other_postcode</osmand:amenity_subtype>
   <osmand:amenity_type>user_defined_other</osmand:amenity_type>
  </extensions>
 </wpt>
 <wpt lat="44.1174" lon="-114.6804">
  <ele>0.0</ele>
  <time>2024-07-12 00:00:00 UTC</time>
  <name>Werkstatt</name>
  <desc>Werkstatt San Antonio&#xA;&#xA;Date verified: 2024-07-12 00:00:00 UTC&#xA;Open: Yes&#xA;&#xA;https://ioverlander.com/places/0c93381a-3b40-4a39-905e-b9eedddecd0d (network required)&#xA;</desc>
  <type>Mechanic and Parts</type>
  <extensions>
   <osmand:icon>shop_car_repair</osmand:icon>
   <osmand:background>circle</osmand:background>
   <osmand:color>#9999ff</osmand:color>
   <osmand:amenity_subtype>user_defined_other_postcode</osmand:amenity_subtype>
   <osmand:amenity_type>user_defined_other</osmand:amenity_type>
  </extensions>
 </wpt>
 <wpt lat="34.5814" lon="-105.7931">
  <ele>0.0</ele>
  <time>2024-07-12 00:00:00 UTC</time>
  <name>Great Basin Rovers</name>
  <desc>There are only a few really good Land Rover mechanics in the states, Bill Davis in Salt Lake City is one of them. He works with Land Rovers since decades and knows everything about Series and Defenders. We stopped here for doing some maintenance and getting some spare parts. We camped behind the workshop before hitting the road again the next day.&#xA;&#xA;Date verified: 2024-07-12 00:00:00 UTC&#xA;Open: Yes&#xA;&#xA;https://ioverlander.com/places/a9c94f09-650a-4dbd-8fc6-2459fef68c4e (network required)&#xA;</desc>
  <type>Mechanic and Parts</type>
  <extensions>
   <osmand:icon>shop_car_repair</osmand:icon>
   <osmand:background>circle</osmand:background>
   <osmand:color>#9999ff</osmand:color>
   <osmand:amenity_subtype>user_defined_other_postcode</osmand:amenity_subtype>
   <osmand:amenity_type>user_defined_other</osmand:amenity_type>
  </extensions>
 </wpt>
 <wpt lat="36.8521" lon="-119.3255">
  <ele>0.0</ele>
  <time>2024-07-12 00:00:00 UTC</time>
  <name>West Coast British (LR)</name>
  <desc>Land Rover specialist near San Francisco. Mike runs this workshop since 1981 and knows everything about Land Rovers.&#xA;&#xA;190 Airway Blvd.&#xA;Livermore, CA 94551&#xA;&#xA;925-606-8301&#xA;wcbr@netzero.com&#xA;&#xA;Date verified: 2024-07-12 00:00:00 UTC&#xA;Open: Yes&#xA;&#xA;https://ioverlander.com/places/691d7fd5-d9aa-4397-a6d8-dbe525c4e849 (network required)&#xA;</desc>
  <type>Mechanic and Parts</type>
  <extensions>
   <osmand:icon>shop_car_repair</osmand:icon>
   <osmand:background>circle</osmand:background>
   <osmand:color>#9999ff</osmand:color>
   <osmand:amenity_subtype>user_defined_other_postcode</osmand:amenity_subtype>
   <osmand:amenity_type>user_defined_other</osmand:amenity_type>
  </extensions>
 </wpt>
 <wpt lat="32.0547" lon="-99.794">
  <ele>0.0</ele>
  <time>2024-07-12 00:00:00 UTC</time>
  <name>David Wilson&#39;s Toyota Las Vegas</name>
  <desc>They have a mechanic called Mathew, who is from Nigeria and has a lot of experience with older Toyotas.&#xA;&#xA;it is on the corner of East Sahara Avenue and South Mojave Road in Las Vegas&#xA;&#xA;Date verified: 2024-07-12 00:00:00 UTC&#xA;Open: Yes&#xA;&#xA;https://ioverlander.com/places/5243d4b7-38e1-4938-ba0c-9ee17cab28c1 (network required)&#xA;</desc>
  <type>Mechanic and Parts</type>
  <extensions>
   <osmand:icon>shop_car_repair</osmand:icon>
   <osmand:background>circle</osmand:background>
   <osmand:color>#9999ff</osmand:color>
   <osmand:amenity_subtype>user_defined_other_postcode</osmand:amenity_subtype>
   <osmand:amenity_type>user_defined_other</osmand:amenity_type>
  </extensions>
 </wpt>
 <wpt lat="43.9025" lon="-120.431">
  <ele>0.0</ele>
  <time>2024-07-12 00:00:00 UTC</time>
  <name>NAPA auto care</name>
  <desc>My van needed a little fixing as I came into town and I was directed to this place. The owner Lance is super knowledgeable, helpful, friendly, and just an all round great guy. I would highly recommend visiting if you have anything that needs work. I would definitely come back here again. I wish these guys were my local mechanics.&#xA;&#xA;Date verified: 2024-07-12 00:00:00 UTC&#xA;Open: Yes&#xA;&#xA;https://ioverlander.com/places/d96a1625-c736-400b-95b2-9e1f83332a40 (network required)&#xA;</desc>
  <type>Mechanic and Parts</type>
  <extensions>
   <osmand:icon>shop_car_repair</osmand:icon>
   <osmand:background>circle</osmand:background>
   <osmand:color>#9999ff</osmand:color>
   <osmand:amenity_subtype>user_defined_other_postcode</osmand:amenity_subtype>
   <osmand:amenity_type>user_defined_other</osmand:amenity_type>
  </extensions>
 </wpt>
 <wpt lat="39.4317" lon="-110.9551">
  <ele>0.0</ele>
  <time>2024-07-12 00:00:00 UTC</time>
  <name>Terry Lee Enterprises</name>
  <desc>Heavy truck garage, specializing in Unimog and Mercedes trucks. Rob is very helpful and familiar with the overlanding community.&#xA;terryleeenterprises.com&#xA;708 E 1st St&#xA;LA Junta, Co 81050&#xA;&#xA;719-384-0882&#xA;&#xA;Date verified: 2024-07-12 00:00:00 UTC&#xA;Open: Yes&#xA;&#xA;https://ioverlander.com/places/e9ef472b-4fef-4dbc-a2e4-cb26d336286d (network required)&#xA;</desc>
  <type>Mechanic and Parts</type>
  <extensions>
   <osmand:icon>shop_car_repair</osmand:icon>
   <osmand:background>circle</osmand:background>
   <osmand:color>#9999ff</osmand:color>
   <osmand:amenity_subtype>user_defined_other_postcode</osmand:amenity_subtype>
   <osmand:amenity_type>user_defined_other</osmand:amenity_type>
  </extensions>
 </wpt>
 <wpt lat="39.6731" lon="-105.6281">
  <ele>0.0</ele>
  <time>2024-07-12 00:00:00 UTC</time>
  <name>Speedlab Automotive</name>
  <desc>They do customs build, welding and help you arround finding parts&#xA;&#xA;Date verified: 2024-07-12 00:00:00 UTC&#xA;Open: Yes&#xA;&#xA;https://ioverlander.com/places/d8895006-243c-4797-8d0a-195c6c968d63 (network required)&#xA;</desc>
  <type>Mechanic and Parts</type>
  <extensions>
   <osmand:icon>shop_car_repair</osmand:icon>
   <osmand:background>circle</osmand:background>
   <osmand:color>#9999ff</osmand:color>
   <osmand:amenity_subtype>user_defined_other_postcode</osmand:amenity_subtype>
   <osmand:amenity_type>user_defined_other</osmand:amenity_type>
  </extensions>
 </wpt>
 <wpt lat="34.1842" lon="-110.9243">
  <ele>0.0</ele>
  <time>2024-07-12 00:00:00 UTC</time>
  <name>Green Machine</name>
  <desc>A great garage with mexicans guys. We have changed the oil and filter of our Defender Land Rover. The price is good. Muy buena gente!!!&#xA;&#xA;Date verified: 2024-07-12 00:00:00 UTC&#xA;Open: Yes&#xA;&#xA;https://ioverlander.com/places/07d6691f-b258-4e5b-86bb-2c6fba8cfca6 (network required)&#xA;</desc>
  <type>Mechanic and Parts</type>
  <extensions>
   <osmand:icon>shop_car_repair</osmand:icon>
   <osmand:background>circle</osmand:background>
   <osmand:color>#9999ff</osmand:color>
   <osmand:amenity_subtype>user_defined_other_postcode</osmand:amenity_subtype>
   <osmand:amenity_type>user_defined_other</osmand:amenity_type>
  </extensions>
 </wpt>
 <wpt lat="47.8987" lon="-120.5553">
  <ele>0.0</ele>
  <time>2024-07-12 00:00:00 UTC</time>
  <name>Bonita Valley Auto Care</name>
  <desc>We had an apointment for oil change and check-up before going to Mexico. We arrived on time, the guy went to see the van, came back and suddenly a worker was missing and he was not able to take care if our van. There were hours of delay and he insisted that we go to another place and even called one for us. Impression was he did not want to take care if our van but he did not tell it the dat before when we took the apointment.&#xA;&#xA;Date verified: 2024-07-12 00:00:00 UTC&#xA;Open: Yes&#xA;&#xA;https://ioverlander.com/places/2556f870-ac10-4221-8288-17ea0404b20b (network required)&#xA;</desc>
  <type>Mechanic and Parts</type>
  <extensions>
   <osmand:icon>shop_car_repair</osmand:icon>
   <osmand:background>circle</osmand:background>
   <osmand:color>#9999ff</osmand:color>
   <osmand:amenity_subtype>user_defined_other_postcode</osmand:amenity_subtype>
   <osmand:amenity_type>user_defined_other</osmand:amenity_type>
  </extensions>
 </wpt>
 <wpt lat="27.8247" lon="-81.3156">
  <ele>0.0</ele>
  <time>2024-07-12 00:00:00 UTC</time>
  <name>Valley Hybrids</name>
  <desc>Georg and his team really know what they&#39;re doing. Specialists in Toyota Land Cruiser (no other makes or models!) they will solve your issues fast and efficient. Highly recommended.&#xA;&#xA;Date verified: 2024-07-12 00:00:00 UTC&#xA;Open: Yes&#xA;&#xA;https://ioverlander.com/places/e43b6b1a-7f35-45c1-a248-5aa48704353d (network required)&#xA;</desc>
  <type>Mechanic and Parts</type>
  <extensions>
   <osmand:icon>shop_car_repair</osmand:icon>
   <osmand:background>circle</osmand:background>
   <osmand:color>#9999ff</osmand:color>
   <osmand:amenity_subtype>user_defined_other_postcode</osmand:amenity_subtype>
   <osmand:amenity_type>user_defined_other</osmand:amenity_type>
  </extensions>
 </wpt>
 <wpt lat="43.2481" lon="-107.0747">
  <ele>0.0</ele>
  <time>2024-07-12 00:00:00 UTC</time>
  <name>Fox&#39;s Friendly Automotive LLC</name>
  <desc>Very good mechanic&#xA;&#xA;Date verified: 2024-07-12 00:00:00 UTC&#xA;Open: Yes&#xA;&#xA;https://ioverlander.com/places/ae50a06e-9c3a-4c79-8543-351cf39f17da (network required)&#xA;</desc>
  <type>Mechanic and Parts</type>
  <extensions>
   <osmand:icon>shop_car_repair</osmand:icon>
   <osmand:background>circle</osmand:background>
   <osmand:color>#9999ff</osmand:color>
   <osmand:amenity_subtype>user_defined_other_postcode</osmand:amenity_subtype>
   <osmand:amenity_type>user_defined_other</osmand:amenity_type>
  </extensions>
 </wpt>
 <wpt lat="47.0642" lon="-110.1316">
  <ele>0.0</ele>
  <time>2024-07-12 00:00:00 UTC</time>
  <name>TAVLLC</name>
  <desc>TAV is a company that prides itself on credibility and functionality. We are a company focused on building fully functional, high end expedition vehicles with the best equipment and tools found in the overland market today.&#xA;&#xA;Date verified: 2024-07-12 00:00:00 UTC&#xA;Open: Yes&#xA;&#xA;https://ioverlander.com/places/7b1f63eb-9848-4706-b126-35e4cac45448 (network required)&#xA;</desc>
  <type>Mechanic and Parts</type>
  <extensions>
   <osmand:icon>shop_car_repair</osmand:icon>
   <osmand:background>circle</osmand:background>
   <osmand:color>#9999ff</osmand:color>
   <osmand:amenity_subtype>user_defined_other_postcode</osmand:amenity_subtype>
   <osmand:amenity_type>user_defined_other</osmand:amenity_type>
  </extensions>
 </wpt>
 <wpt lat="38.9994" lon="-116.173">
  <ele>0.0</ele>
  <time>2024-07-12 00:00:00 UTC</time>
  <name>O&#39;Reilly Auto Parts</name>
  <desc>Auto parts. People are very nice. They lend us tools to repair our van&#xA;&#xA;Date verified: 2024-07-12 00:00:00 UTC&#xA;Open: Yes&#xA;&#xA;https://ioverlander.com/places/b8222492-506c-4155-b3aa-c5ecc04e9a7c (network required)&#xA;</desc>
  <type>Mechanic and Parts</type>
  <extensions>
   <osmand:icon>shop_car_repair</osmand:icon>
   <osmand:background>circle</osmand:background>
   <osmand:color>#9999ff</osmand:color>
   <osmand:amenity_subtype>user_defined_other_postcode</osmand:amenity_subtype>
   <osmand:amenity_type>user_defined_other</osmand:amenity_type>
  </extensions>
 </wpt>
 <wpt lat="44.2773" lon="-114.4802">
  <ele>0.0</ele>
  <time>2024-07-12 00:00:00 UTC</time>
  <name>Westy werks</name>
  <desc>Specialist european vehicles esp. vw. These guys have taken over all the work that Gowesty used to do and thank goodness for that! 20 minutes from Gowesty they can get all the parts you need and they are super helpfull and offer good impartial advice.&#xA;&#xA;Date verified: 2024-07-12 00:00:00 UTC&#xA;Open: Yes&#xA;&#xA;https://ioverlander.com/places/933fbf34-3e17-49f9-aa7d-e58b685a7214 (network required)&#xA;</desc>
  <type>Mechanic and Parts</type>
  <extensions>
   <osmand:icon>shop_car_repair</osmand:icon>
   <osmand:background>circle</osmand:background>
   <osmand:color>#9999ff</osmand:color>
   <osmand:amenity_subtype>user_defined_other_postcode</osmand:amenity_subtype>
   <osmand:amenity_type>user_defined_other</osmand:amenity_type>
  </extensions>
 </wpt>
 <wpt lat="34.7413" lon="-105.5929">
  <ele>0.0</ele>
  <time>2024-07-12 00:00:00 UTC</time>
  <name>Duo tech</name>
  <desc>it is a good place to repair the car. they work well with travelers.&#xA;&#xA;Date verified: 2024-07-12 00:00:00 UTC&#xA;Open: Yes&#xA;&#xA;https://ioverlander.com/places/fb2e4415-f792-4162-9202-a3306819f7e8 (network required)&#xA;</desc>
  <type>Mechanic and Parts</type>
  <extensions>
   <osmand:icon>shop_car_repair</osmand:icon>
   <osmand:background>circle</osmand:background>
   <osmand:color>#9999ff</osmand:color>
   <osmand:amenity_subtype>user_defined_other_postcode</osmand:amenity_subtype>
   <osmand:amenity_type>user_defined_other</osmand:amenity_type>
  </extensions>
 </wpt>
 <wpt lat="37.012" lon="-119.1253">
  <ele>0.0</ele>
  <time>2024-07-12 00:00:00 UTC</time>
  <name>World Auto Body</name>
  <desc>Very friendly and helpful mechanic that helped us with some welding, even though we arrived afer 5pm on a friday night. Specialised in auto repair and collision repair. We highly recommend Juan and his team.&#xA;&#xA;Date verified: 2024-07-12 00:00:00 UTC&#xA;Open: Yes&#xA;&#xA;https://ioverlander.com/places/08dc73f6-6fd8-4fb1-b48c-b2a479237469 (network required)&#xA;</desc>
  <type>Mechanic and Parts</type>
  <extensions>
   <osmand:icon>shop_car_repair</osmand:icon>
   <osmand:background>circle</osmand:background>
   <osmand:color>#9999ff</osmand:color>
   <osmand:amenity_subtype>user_defined_other_postcode</osmand:amenity_subtype>
   <osmand:amenity_type>user_defined_other</osmand:amenity_type>
  </extensions>
 </wpt>
 <wpt lat="32.2146" lon="-99.5938">
  <ele>0.0</ele>
  <time>2024-07-12 00:00:00 UTC</time>
  <name>Precision Performance</name>
  <desc>Perfect mechanic in Las Vegas. Specially Toyota and Lexus.&#xA;&#xA;Date verified: 2024-07-12 00:00:00 UTC&#xA;Open: Yes&#xA;&#xA;https://ioverlander.com/places/ae53039a-e3cb-439a-b607-6921066fe7e4 (network required)&#xA;</desc>
  <type>Mechanic and Parts</type>
  <extensions>
   <osmand:icon>shop_car_repair</osmand:icon>
   <osmand:background>circle</osmand:background>
   <osmand:color>#9999ff</osmand:color>
   <osmand:amenity_subtype>user_defined_other_postcode</osmand:amenity_subtype>
   <osmand:amenity_type>user_defined_other</osmand:amenity_type>
  </extensions>
 </wpt>
 <wpt lat="44.0624" lon="-120.2308">
  <ele>0.0</ele>
  <time>2024-07-12 00:00:00 UTC</time>
  <name>The Bike revolution</name>
  <desc>This shop is bike, rental and fix.&#xA;a lot of bike gear.&#xA;experenced bke mechanick.&#xA;&#xA;Date verified: 2024-07-12 00:00:00 UTC&#xA;Open: Yes&#xA;&#xA;https://ioverlander.com/places/3c29b7c3-a801-4d19-8b5f-d759906b21f4 (network required)&#xA;</desc>
  <type>Mechanic and Parts</type>
  <extensions>
   <osmand:icon>shop_car_repair</osmand:icon>
   <osmand:background>circle</osmand:background>
   <osmand:color>#9999ff</osmand:color>
   <osmand:amenity_subtype>user_defined_other_postcode</osmand:amenity_subtype>
   <osmand:amenity_type>user_defined_other</osmand:amenity_type>
  </extensions>
 </wpt>
 <wpt lat="39.5916" lon="-110.7549">
  <ele>0.0</ele>
  <time>2024-07-12 00:00:00 UTC</time>
  <name>Dixie 4 Wheel Drive</name>
  <desc>They are really friendly and helpful. If you have your European filters - they maintain all 4 wheel vehicles.&#xA;We were really satisfied!&#xA;&#xA;Date verified: 2024-07-12 00:00:00 UTC&#xA;Open: Yes&#xA;&#xA;https://ioverlander.com/places/a0812f84-1f08-44af-a86a-075245c297ad (network required)&#xA;</desc>
  <type>Mechanic and Parts</type>
  <extensions>
   <osmand:icon>shop_car_repair</osmand:icon>
   <osmand:background>circle</osmand:background>
   <osmand:color>#9999ff</osmand:color>
   <osmand:amenity_subtype>user_defined_other_postcode</osmand:amenity_subtype>
   <osmand:amenity_type>user_defined_other</osmand:amenity_type>
  </extensions>
 </wpt>
 <wpt lat="39.833" lon="-105.4279">
  <ele>0.0</ele>
  <time>2024-07-12 00:00:00 UTC</time>
  <name>Brookings en Oregon</name>
  <desc>Garage spécialisé en transmission. Patron sympa. Prix corrects. Dormi sur place avec eau électricité et w.c.&#xA;&#xA;Date verified: 2024-07-12 00:00:00 UTC&#xA;Open: Yes&#xA;&#xA;https://ioverlander.com/places/446ea134-5ff4-4eff-8c76-6c11b883d52d (network required)&#xA;</desc>
  <type>Mechanic and Parts</type>
  <extensions>
   <osmand:icon>shop_car_repair</osmand:icon>
   <osmand:background>circle</osmand:background>
   <osmand:color>#9999ff</osmand:color>
   <osmand:amenity_subtype>user_defined_other_postcode</osmand:amenity_subtype>
   <osmand:amenity_type>user_defined_other</osmand:amenity_type>
  </extensions>
 </wpt>
 <wpt lat="34.3441" lon="-110.7241">
  <ele>0.0</ele>
  <time>2024-07-12 00:00:00 UTC</time>
  <name>motohank motorcycle workshop</name>
  <desc>Hank is an old traveller and has been working on BMW&#39;s for many years. He is a one of a kind mechanic and knows his stuff&#xA;He also sells tires and Touratech goodies. Can help with other brands.&#xA;&#xA;Date verified: 2024-07-12 00:00:00 UTC&#xA;Open: Yes&#xA;&#xA;https://ioverlander.com/places/1755ed5b-80d0-4f54-87ae-ef7ee55ac9f2 (network required)&#xA;</desc>
  <type>Mechanic and Parts</type>
  <extensions>
   <osmand:icon>shop_car_repair</osmand:icon>
   <osmand:background>circle</osmand:background>
   <osmand:color>#9999ff</osmand:color>
   <osmand:amenity_subtype>user_defined_other_postcode</osmand:amenity_subtype>
   <osmand:amenity_type>user_defined_other</osmand:amenity_type>
  </extensions>
 </wpt>
 <wpt lat="48.0586" lon="-120.3551">
  <ele>0.0</ele>
  <time>2024-07-12 00:00:00 UTC</time>
  <name>Navarro mechanic</name>
  <desc>Pedro the owner helped us replacing the water pump. Decent guy. He let us stay at his entrance and gave electricity. Higly recommended.&#xA;&#xA;Date verified: 2024-07-12 00:00:00 UTC&#xA;Open: Yes&#xA;&#xA;https://ioverlander.com/places/057d7dcd-000b-4720-92f3-c8230c954ec2 (network required)&#xA;</desc>
  <type>Mechanic and Parts</type>
  <extensions>
   <osmand:icon>shop_car_repair</osmand:icon>
   <osmand:background>circle</osmand:background>
   <osmand:color>#9999ff</osmand:color>
   <osmand:amenity_subtype>user_defined_other_postcode</osmand:amenity_subtype>
   <osmand:amenity_type>user_defined_other</osmand:amenity_type>
  </extensions>
 </wpt>
 <wpt lat="27.9846" lon="-81.1154">
  <ele>0.0</ele>
  <time>2024-07-12 00:00:00 UTC</time>
  <name>RovnTechs free Land Rover Mechanic</name>
  <desc>The best Land Rover Mechanics in the World. I had problems with both differentials and I was allowed to repair with their help. Friendly with great knowledge.&#xA;&#xA;Date verified: 2024-07-12 00:00:00 UTC&#xA;Open: Yes&#xA;&#xA;https://ioverlander.com/places/a62ade48-2b05-4123-b49d-27498cab83f1 (network required)&#xA;</desc>
  <type>Mechanic and Parts</type>
  <extensions>
   <osmand:icon>shop_car_repair</osmand:icon>
   <osmand:background>circle</osmand:background>
   <osmand:color>#9999ff</osmand:color>
   <osmand:amenity_subtype>user_defined_other_postcode</osmand:amenity_subtype>
   <osmand:amenity_type>user_defined_other</osmand:amenity_type>
  </extensions>
 </wpt>
 <wpt lat="43.408" lon="-106.8745">
  <ele>0.0</ele>
  <time>2024-07-12 00:00:00 UTC</time>
  <name>Wolf Autorepair</name>
  <desc>european vehicle repair shop. The owner is a very friendly german.&#xA;&#xA;4300 North Pecos #10&#xA;Las Vegas, Nevada 89115&#xA;http://www.wolfautorepair.com&#xA;&#xA;Date verified: 2024-07-12 00:00:00 UTC&#xA;Open: Yes&#xA;&#xA;https://ioverlander.com/places/2b650e13-8fc6-4635-b941-6e56f061148c (network required)&#xA;</desc>
  <type>Mechanic and Parts</type>
  <extensions>
   <osmand:icon>shop_car_repair</osmand:icon>
   <osmand:background>circle</osmand:background>
   <osmand:color>#9999ff</osmand:color>
   <osmand:amenity_subtype>user_defined_other_postcode</osmand:amenity_subtype>
   <osmand:amenity_type>user_defined_other</osmand:amenity_type>
  </extensions>
 </wpt>
 <wpt lat="47.2241" lon="-109.9314">
  <ele>0.0</ele>
  <time>2024-07-12 00:00:00 UTC</time>
  <name>seligman truck and auto Seligman Arizona (south of town, off route 66)</name>
  <desc>1st class garage who undertake all kinds of mechanical work including European vehicles,4x4&#39;s and tyre repairs&#xA;even has level parking if you need to overnight.&#xA;John,Curt and Dave couldnt be more helpful and friendly,at times even funny.&#xA;All garages should be like this.&#xA;thanks mate.&#xA;&#xA;Date verified: 2024-07-12 00:00:00 UTC&#xA;Open: Yes&#xA;&#xA;https://ioverlander.com/places/7a436d59-002b-4384-a63e-344a2c8c66e7 (network required)&#xA;</desc>
  <type>Mechanic and Parts</type>
  <extensions>
   <osmand:icon>shop_car_repair</osmand:icon>
   <osmand:background>circle</osmand:background>
   <osmand:color>#9999ff</osmand:color>
   <osmand:amenity_subtype>user_defined_other_postcode</osmand:amenity_subtype>
   <osmand:amenity_type>user_defined_other</osmand:amenity_type>
  </extensions>
 </wpt>
 <wpt lat="39.1593" lon="-115.9728">
  <ele>0.0</ele>
  <time>2024-07-12 00:00:00 UTC</time>
  <name>Ray Frey Auto Center</name>
  <desc>fast and helpful mechanic.&#xA;reasonable price (100$ per hour of work).&#xA;explained everything before doing it.&#xA;&#xA;Date verified: 2024-07-12 00:00:00 UTC&#xA;Open: Yes&#xA;&#xA;https://ioverlander.com/places/8b08a3b3-0531-49c3-a6a8-84aefe0dcda4 (network required)&#xA;</desc>
  <type>Mechanic and Parts</type>
  <extensions>
   <osmand:icon>shop_car_repair</osmand:icon>
   <osmand:background>circle</osmand:background>
   <osmand:color>#9999ff</osmand:color>
   <osmand:amenity_subtype>user_defined_other_postcode</osmand:amenity_subtype>
   <osmand:amenity_type>user_defined_other</osmand:amenity_type>
  </extensions>
 </wpt>
 <wpt lat="44.0682" lon="-114.742">
  <ele>0.0</ele>
  <time>2024-07-12 00:00:00 UTC</time>
  <name>Laundry Showers MiniMart</name>
  <desc>This may be the cheapest shower in town. $2.00. But bathroom costs a quarter. Laundry was reasonably priced and empty.&#xA;&#xA;Date verified: 2024-07-12 00:00:00 UTC&#xA;Open: Yes&#xA;&#xA;https://ioverlander.com/places/942b17c4-d3cf-4495-909d-bdb3ec274b30 (network required)&#xA;</desc>
  <type>Laundromat</type>
  <extensions>
   <osmand:icon>tourism_viewpoint</osmand:icon>
   <osmand:background>circle</osmand:background>
   <osmand:color>#339933</osmand:color>
   <osmand:amenity_subtype>user_defined_other_postcode</osmand:amenity_subtype>
   <osmand:amenity_type>user_defined_other</osmand:amenity_type>
  </extensions>
 </wpt>
 <wpt lat="34.5322" lon="-105.8547">
  <ele>0.0</ele>
  <time>2024-07-12 00:00:00 UTC</time>
  <name>Near Chevron</name>
  <desc>Paid showers, laundry, between motel and gas station. nearby Navajo bridge.&#xA;Not very clean, few machines not working&#xA;&#xA;Date verified: 2024-07-12 00:00:00 UTC&#xA;Open: Yes&#xA;&#xA;https://ioverlander.com/places/b3239b46-b552-4268-be7e-0087d6947935 (network required)&#xA;</desc>
  <type>Laundromat</type>
  <extensions>
   <osmand:icon>tourism_viewpoint</osmand:icon>
   <osmand:background>circle</osmand:background>
   <osmand:color>#339933</osmand:color>
   <osmand:amenity_subtype>user_defined_other_postcode</osmand:amenity_subtype>
   <osmand:amenity_type>user_defined_other</osmand:amenity_type>
  </extensions>
 </wpt>
 <wpt lat="36.8029" lon="-119.3871">
  <ele>0.0</ele>
  <time>2024-07-12 00:00:00 UTC</time>
  <name>Laundry in Page</name>
  <desc>If you need, there are 2 laundry here. U$2 to a smal wash machine.&#xA;&#xA;Update:&#xA;4usd small load&#xA;9usd big load&#xA;1 usd/28 min drying&#xA;&#xA;Open until 8pm&#xA;&#xA;Date verified: 2024-07-12 00:00:00 UTC&#xA;Open: Yes&#xA;&#xA;https://ioverlander.com/places/969782af-17f0-4b3a-8f00-fa1e02b15e97 (network required)&#xA;</desc>
  <type>Laundromat</type>
  <extensions>
   <osmand:icon>tourism_viewpoint</osmand:icon>
   <osmand:background>circle</osmand:background>
   <osmand:color>#339933</osmand:color>
   <osmand:amenity_subtype>user_defined_other_postcode</osmand:amenity_subtype>
   <osmand:amenity_type>user_defined_other</osmand:amenity_type>
  </extensions>
 </wpt>
 <wpt lat="32.0055" lon="-99.8556">
  <ele>0.0</ele>
  <time>2024-07-12 00:00:00 UTC</time>
  <name>Scrub-Tub Laundromat</name>
  <desc>What seems to be a 24-hour laundromat. There is a change machine and facility looks new. $3.25 per 30-lb washer cycle and $5.50 per 60-lb washer. Small dryer is $0.25 for 8 minutes and large dryer is $0.25 for 5 minutes. Next to a fuel station, Aldi supermarket across the road, and another shopping plaza with Planet Fitness gym across the other street. There is also a power outlet inside.&#xA;&#xA;Date verified: 2024-07-12 00:00:00 UTC&#xA;Open: Yes&#xA;&#xA;https://ioverlander.com/places/75473f3c-8096-41c2-9bd3-ab8a0af129d7 (network required)&#xA;</desc>
  <type>Laundromat</type>
  <extensions>
   <osmand:icon>tourism_viewpoint</osmand:icon>
   <osmand:background>circle</osmand:background>
   <osmand:color>#339933</osmand:color>
   <osmand:amenity_subtype>user_defined_other_postcode</osmand:amenity_subtype>
   <osmand:amenity_type>user_defined_other</osmand:amenity_type>
  </extensions>
 </wpt>
 <wpt lat="43.8533" lon="-120.4926">
  <ele>0.0</ele>
  <time>2024-07-12 00:00:00 UTC</time>
  <name>Coin-Op</name>
  <desc>US$ 3 for machine, $5 triple load&#xA;US$ 0.25 to dry 7 minutes&#xA;&#xA;Date verified: 2024-07-12 00:00:00 UTC&#xA;Open: Yes&#xA;&#xA;https://ioverlander.com/places/2747e0f2-5695-4dcb-81be-1608d2d04d22 (network required)&#xA;</desc>
  <type>Laundromat</type>
  <extensions>
   <osmand:icon>tourism_viewpoint</osmand:icon>
   <osmand:background>circle</osmand:background>
   <osmand:color>#339933</osmand:color>
   <osmand:amenity_subtype>user_defined_other_postcode</osmand:amenity_subtype>
   <osmand:amenity_type>user_defined_other</osmand:amenity_type>
  </extensions>
 </wpt>
 <wpt lat="39.3825" lon="-111.0167">
  <ele>0.0</ele>
  <time>2024-07-12 00:00:00 UTC</time>
  <name>showers / laundry</name>
  <desc>very clean public shower and laundry, located at Snowshoe Motel. 7,- USD / each with towels + 3,- USD for an additional person.&#xA;&#xA;Date verified: 2024-07-12 00:00:00 UTC&#xA;Open: Yes&#xA;&#xA;https://ioverlander.com/places/952c3bfd-f4cb-4710-88cc-900c66295ba5 (network required)&#xA;</desc>
  <type>Laundromat</type>
  <extensions>
   <osmand:icon>tourism_viewpoint</osmand:icon>
   <osmand:background>circle</osmand:background>
   <osmand:color>#339933</osmand:color>
   <osmand:amenity_subtype>user_defined_other_postcode</osmand:amenity_subtype>
   <osmand:amenity_type>user_defined_other</osmand:amenity_type>
  </extensions>
 </wpt>
 <wpt lat="39.6239" lon="-105.6897">
  <ele>0.0</ele>
  <time>2024-07-12 00:00:00 UTC</time>
  <name>Klean Wash</name>
  <desc>Laundromat with big machines. They have summer and winter hours.&#xA;http://easycoinwash.com/hours/&#xA;&#xA;Date verified: 2024-07-12 00:00:00 UTC&#xA;Open: Yes&#xA;&#xA;https://ioverlander.com/places/63f83811-0d7a-4ce0-823a-4c452030bbbc (network required)&#xA;</desc>
  <type>Laundromat</type>
  <extensions>
   <osmand:icon>tourism_viewpoint</osmand:icon>
   <osmand:background>circle</osmand:background>
   <osmand:color>#339933</osmand:color>
   <osmand:amenity_subtype>user_defined_other_postcode</osmand:amenity_subtype>
   <osmand:amenity_type>user_defined_other</osmand:amenity_type>
  </extensions>
 </wpt>
 <wpt lat="34.135" lon="-110.9859">
  <ele>0.0</ele>
  <time>2024-07-12 00:00:00 UTC</time>
  <name>Borrego Springs - Red Star Laundry</name>
  <desc>Clean laundry. You don&#39;t have to stay at the RV Park. Crédit cards only.&#xA;&#xA;Date verified: 2024-07-12 00:00:00 UTC&#xA;Open: Yes&#xA;&#xA;https://ioverlander.com/places/7c727795-cde0-423a-a574-22a954a8bbdc (network required)&#xA;</desc>
  <type>Laundromat</type>
  <extensions>
   <osmand:icon>tourism_viewpoint</osmand:icon>
   <osmand:background>circle</osmand:background>
   <osmand:color>#339933</osmand:color>
   <osmand:amenity_subtype>user_defined_other_postcode</osmand:amenity_subtype>
   <osmand:amenity_type>user_defined_other</osmand:amenity_type>
  </extensions>
 </wpt>
 <wpt lat="47.8495" lon="-120.6169">
  <ele>0.0</ele>
  <time>2024-07-12 00:00:00 UTC</time>
  <name>Maytag Laundromat</name>
  <desc>Clean laundromat and friendly staff near Tucson&#xA;&#xA;Date verified: 2024-07-12 00:00:00 UTC&#xA;Open: Yes&#xA;&#xA;https://ioverlander.com/places/63ca7971-3540-4636-950e-8598d263055e (network required)&#xA;</desc>
  <type>Laundromat</type>
  <extensions>
   <osmand:icon>tourism_viewpoint</osmand:icon>
   <osmand:background>circle</osmand:background>
   <osmand:color>#339933</osmand:color>
   <osmand:amenity_subtype>user_defined_other_postcode</osmand:amenity_subtype>
   <osmand:amenity_type>user_defined_other</osmand:amenity_type>
  </extensions>
 </wpt>
 <wpt lat="27.7755" lon="-81.3772">
  <ele>0.0</ele>
  <time>2024-07-12 00:00:00 UTC</time>
  <name>Laundry at Avila Beach</name>
  <desc>On the port, after the RV park there is a laundry for 3$, showers for 3$ and restrooms.&#xA;&#xA;Date verified: 2024-07-12 00:00:00 UTC&#xA;Open: Yes&#xA;&#xA;https://ioverlander.com/places/cc31a91b-c17e-4467-9aa9-ac3a2e0fe76d (network required)&#xA;</desc>
  <type>Laundromat</type>
  <extensions>
   <osmand:icon>tourism_viewpoint</osmand:icon>
   <osmand:background>circle</osmand:background>
   <osmand:color>#339933</osmand:color>
   <osmand:amenity_subtype>user_defined_other_postcode</osmand:amenity_subtype>
   <osmand:amenity_type>user_defined_other</osmand:amenity_type>
  </extensions>
 </wpt>
 <wpt lat="43.1989" lon="-107.1363">
  <ele>0.0</ele>
  <time>2024-07-12 00:00:00 UTC</time>
  <name>Village Laundry</name>
  <desc>Small laundry machines start from $3.75 for a hot wash. Depending on dirt level, it may increase. Big machines start from $4.50. Dryer $1.75 for 24 minutes which was sufficient to dry my 2 wash loads.&#xA;&#xA;Take a $7 hot shower whilst you wait on the laundry, perfect combination!&#xA;&#xA;Prices are dependent on cycle selections. Hot water extra, heavy soiled extra…&#xA;&#xA;Date verified: 2024-07-12 00:00:00 UTC&#xA;Open: Yes&#xA;&#xA;https://ioverlander.com/places/534d80fc-bf45-4c2c-9ad9-4481ab9fdc98 (network required)&#xA;</desc>
  <type>Laundromat</type>
  <extensions>
   <osmand:icon>tourism_viewpoint</osmand:icon>
   <osmand:background>circle</osmand:background>
   <osmand:color>#339933</osmand:color>
   <osmand:amenity_subtype>user_defined_other_postcode</osmand:amenity_subtype>
   <osmand:amenity_type>user_defined_other</osmand:amenity_type>
  </extensions>
 </wpt>
 <wpt lat="47.015" lon="-110.1932">
  <ele>0.0</ele>
  <time>2024-07-12 00:00:00 UTC</time>
  <name>Torrey</name>
  <desc>Laundry is 2.00 wash and 2.00 dry.&#xA;Store staff are nice and the place is very well maintained and clea.&#xA;&#xA;Date verified: 2024-07-12 00:00:00 UTC&#xA;Open: Yes&#xA;&#xA;https://ioverlander.com/places/89d60ae7-f08b-4764-a13d-d6aed50dee63 (network required)&#xA;</desc>
  <type>Laundromat</type>
  <extensions>
   <osmand:icon>tourism_viewpoint</osmand:icon>
   <osmand:background>circle</osmand:background>
   <osmand:color>#339933</osmand:color>
   <osmand:amenity_subtype>user_defined_other_postcode</osmand:amenity_subtype>
   <osmand:amenity_type>user_defined_other</osmand:amenity_type>
  </extensions>
 </wpt>
 <wpt lat="38.9502" lon="-116.2346">
  <ele>0.0</ele>
  <time>2024-07-12 00:00:00 UTC</time>
  <name>Back Bay Laundromat</name>
  <desc>Great value for your money, machines clean but not the newest. Baywood is a cute small town with awesome bay views.&#xA;&#xA;Date verified: 2024-07-12 00:00:00 UTC&#xA;Open: Yes&#xA;&#xA;https://ioverlander.com/places/b62351bd-e96f-4423-b095-7abcec34c0c8 (network required)&#xA;</desc>
  <type>Laundromat</type>
  <extensions>
   <osmand:icon>tourism_viewpoint</osmand:icon>
   <osmand:background>circle</osmand:background>
   <osmand:color>#339933</osmand:color>
   <osmand:amenity_subtype>user_defined_other_postcode</osmand:amenity_subtype>
   <osmand:amenity_type>user_defined_other</osmand:amenity_type>
  </extensions>
 </wpt>
 <wpt lat="44.2281" lon="-114.5418">
  <ele>0.0</ele>
  <time>2024-07-12 00:00:00 UTC</time>
  <name>Bandera Wash House 24/7</name>
  <desc>Very nice and clean laundromat.&#xA;wash: 2,25usd&#xA;dryer:1,75usd&#xA;&#xA;Date verified: 2024-07-12 00:00:00 UTC&#xA;Open: Yes&#xA;&#xA;https://ioverlander.com/places/c0bd01cf-7783-4b87-a6f7-1d93a4592f2c (network required)&#xA;</desc>
  <type>Laundromat</type>
  <extensions>
   <osmand:icon>tourism_viewpoint</osmand:icon>
   <osmand:background>circle</osmand:background>
   <osmand:color>#339933</osmand:color>
   <osmand:amenity_subtype>user_defined_other_postcode</osmand:amenity_subtype>
   <osmand:amenity_type>user_defined_other</osmand:amenity_type>
  </extensions>
 </wpt>
 <wpt lat="34.6921" lon="-105.6545">
  <ele>0.0</ele>
  <time>2024-07-12 00:00:00 UTC</time>
  <name>Soft Suds Laundry</name>
  <desc>big laundry, $7 wash and dry a big machine, nice people&#xA;&#xA;Date verified: 2024-07-12 00:00:00 UTC&#xA;Open: Yes&#xA;&#xA;https://ioverlander.com/places/f7296220-c3ae-4b72-b4fd-7610e7d6b976 (network required)&#xA;</desc>
  <type>Laundromat</type>
  <extensions>
   <osmand:icon>tourism_viewpoint</osmand:icon>
   <osmand:background>circle</osmand:background>
   <osmand:color>#339933</osmand:color>
   <osmand:amenity_subtype>user_defined_other_postcode</osmand:amenity_subtype>
   <osmand:amenity_type>user_defined_other</osmand:amenity_type>
  </extensions>
 </wpt>
 <wpt lat="36.9628" lon="-119.1869">
  <ele>0.0</ele>
  <time>2024-07-12 00:00:00 UTC</time>
  <name>Coin laundry</name>
  <desc>washers and dryers. next to a convience store that has laundry soap.&#xA;&#xA;Date verified: 2024-07-12 00:00:00 UTC&#xA;Open: Yes&#xA;&#xA;https://ioverlander.com/places/4f11d1e6-94b0-4f76-806a-ea1ec3a07adb (network required)&#xA;</desc>
  <type>Laundromat</type>
  <extensions>
   <osmand:icon>tourism_viewpoint</osmand:icon>
   <osmand:background>circle</osmand:background>
   <osmand:color>#339933</osmand:color>
   <osmand:amenity_subtype>user_defined_other_postcode</osmand:amenity_subtype>
   <osmand:amenity_type>user_defined_other</osmand:amenity_type>
  </extensions>
 </wpt>
 <wpt lat="32.1654" lon="-99.6554">
  <ele>0.0</ele>
  <time>2024-07-12 00:00:00 UTC</time>
  <name>We‘ll wash Laundry</name>
  <desc>Self-Service Laundry. You can also let wash your clothes.&#xA;&#xA;Date verified: 2024-07-12 00:00:00 UTC&#xA;Open: Yes&#xA;&#xA;https://ioverlander.com/places/7c0ab410-e4cd-4db3-91fe-d3bfea4540a2 (network required)&#xA;</desc>
  <type>Laundromat</type>
  <extensions>
   <osmand:icon>tourism_viewpoint</osmand:icon>
   <osmand:background>circle</osmand:background>
   <osmand:color>#339933</osmand:color>
   <osmand:amenity_subtype>user_defined_other_postcode</osmand:amenity_subtype>
   <osmand:amenity_type>user_defined_other</osmand:amenity_type>
  </extensions>
 </wpt>
 <wpt lat="44.0132" lon="-120.2924">
  <ele>0.0</ele>
  <time>2024-07-12 00:00:00 UTC</time>
  <name>One stop coin laundry</name>
  <desc>Clean laundry. Personnel sympathique. Easy parking&#xA;&#xA;Date verified: 2024-07-12 00:00:00 UTC&#xA;Open: Yes&#xA;&#xA;https://ioverlander.com/places/d765d9e4-7185-4fab-b9bd-f5f7ec57bf3f (network required)&#xA;</desc>
  <type>Laundromat</type>
  <extensions>
   <osmand:icon>tourism_viewpoint</osmand:icon>
   <osmand:background>circle</osmand:background>
   <osmand:color>#339933</osmand:color>
   <osmand:amenity_subtype>user_defined_other_postcode</osmand:amenity_subtype>
   <osmand:amenity_type>user_defined_other</osmand:amenity_type>
  </extensions>
 </wpt>
 <wpt lat="39.5424" lon="-110.8165">
  <ele>0.0</ele>
  <time>2024-07-12 00:00:00 UTC</time>
  <name>Ruby&#39;s Inn</name>
  <desc>Amazing place, particularly in the off-season when facilities in Bryce are closed. $5 showers (unlimited time), wash $2.25, dry $1.50, free WiFi. Also groceries available in the shop and a warm place to sit!&#xA;&#xA;Date verified: 2024-07-12 00:00:00 UTC&#xA;Open: Yes&#xA;&#xA;https://ioverlander.com/places/a56b149c-8e9e-470f-b283-81e605cca49e (network required)&#xA;</desc>
  <type>Laundromat</type>
  <extensions>
   <osmand:icon>tourism_viewpoint</osmand:icon>
   <osmand:background>circle</osmand:background>
   <osmand:color>#339933</osmand:color>
   <osmand:amenity_subtype>user_defined_other_postcode</osmand:amenity_subtype>
   <osmand:amenity_type>user_defined_other</osmand:amenity_type>
  </extensions>
 </wpt>
 <wpt lat="39.7838" lon="-105.4895">
  <ele>0.0</ele>
  <time>2024-07-12 00:00:00 UTC</time>
  <name>Lavanderia</name>
  <desc>$4.75 for a triple load. Drying is free! Busy on this Sunday afternoon. Fluff and fold service.&#xA;&#xA;Date verified: 2024-07-12 00:00:00 UTC&#xA;Open: Yes&#xA;&#xA;https://ioverlander.com/places/65beb2a9-4acb-4223-b02f-f6602e502319 (network required)&#xA;</desc>
  <type>Laundromat</type>
  <extensions>
   <osmand:icon>tourism_viewpoint</osmand:icon>
   <osmand:background>circle</osmand:background>
   <osmand:color>#339933</osmand:color>
   <osmand:amenity_subtype>user_defined_other_postcode</osmand:amenity_subtype>
   <osmand:amenity_type>user_defined_other</osmand:amenity_type>
  </extensions>
 </wpt>
 <wpt lat="34.2949" lon="-110.7857">
  <ele>0.0</ele>
  <time>2024-07-12 00:00:00 UTC</time>
  <name>123 Wash &amp; Dry</name>
  <desc>Dry Cleaning times 8-6 (Mon-Fri) and 9-5 (Sat), self-service open until 11pm, last washing time 10.30. The usual: Good industrial machines, 3 different sizes, decent prices, fairly clean. We recommend this place!&#xA;&#xA;Date verified: 2024-07-12 00:00:00 UTC&#xA;Open: Yes&#xA;&#xA;https://ioverlander.com/places/d00eb424-3465-4943-836d-d5b33a1a0ca2 (network required)&#xA;</desc>
  <type>Laundromat</type>
  <extensions>
   <osmand:icon>tourism_viewpoint</osmand:icon>
   <osmand:background>circle</osmand:background>
   <osmand:color>#339933</osmand:color>
   <osmand:amenity_subtype>user_defined_other_postcode</osmand:amenity_subtype>
   <osmand:amenity_type>user_defined_other</osmand:amenity_type>
  </extensions>
 </wpt>
 <wpt lat="48.0094" lon="-120.4167">
  <ele>0.0</ele>
  <time>2024-07-12 00:00:00 UTC</time>
  <name>Camper Services Laundromat &amp; Showers</name>
  <desc>Laundry service and showers in Grand Canyon National Park&#xA;&#xA;Date verified: 2024-07-12 00:00:00 UTC&#xA;Open: Yes&#xA;&#xA;https://ioverlander.com/places/17189983-f763-4b22-923c-c318f4fd52e6 (network required)&#xA;</desc>
  <type>Laundromat</type>
  <extensions>
   <osmand:icon>tourism_viewpoint</osmand:icon>
   <osmand:background>circle</osmand:background>
   <osmand:color>#339933</osmand:color>
   <osmand:amenity_subtype>user_defined_other_postcode</osmand:amenity_subtype>
   <osmand:amenity_type>user_defined_other</osmand:amenity_type>
  </extensions>
 </wpt>
 <wpt lat="27.9354" lon="-81.177">
  <ele>0.0</ele>
  <time>2024-07-12 00:00:00 UTC</time>
  <name>Hog Wash</name>
  <desc>Small top loaders to 5 load washers. Small town and very clean.&#xA;&#xA;Date verified: 2024-07-12 00:00:00 UTC&#xA;Open: Yes&#xA;&#xA;https://ioverlander.com/places/9983cac6-9432-4530-b8cf-02346d0c6f0a (network required)&#xA;</desc>
  <type>Laundromat</type>
  <extensions>
   <osmand:icon>tourism_viewpoint</osmand:icon>
   <osmand:background>circle</osmand:background>
   <osmand:color>#339933</osmand:color>
   <osmand:amenity_subtype>user_defined_other_postcode</osmand:amenity_subtype>
   <osmand:amenity_type>user_defined_other</osmand:amenity_type>
  </extensions>
 </wpt>
 <wpt lat="43.3588" lon="-106.9361">
  <ele>0.0</ele>
  <time>2024-07-12 00:00:00 UTC</time>
  <name>Laundry west end</name>
  <desc>Washers and dryers&#xA;Open until 10pm&#xA;(locks at 10, if you&#39;re inside after 11pm alarm goes off and police are called)&#xA;&#xA;Date verified: 2024-07-12 00:00:00 UTC&#xA;Open: Yes&#xA;&#xA;https://ioverlander.com/places/d18ec68d-6d73-4a81-b58d-4b87e35eec33 (network required)&#xA;</desc>
  <type>Laundromat</type>
  <extensions>
   <osmand:icon>tourism_viewpoint</osmand:icon>
   <osmand:background>circle</osmand:background>
   <osmand:color>#339933</osmand:color>
   <osmand:amenity_subtype>user_defined_other_postcode</osmand:amenity_subtype>
   <osmand:amenity_type>user_defined_other</osmand:amenity_type>
  </extensions>
 </wpt>
 <wpt lat="47.1749" lon="-109.993">
  <ele>0.0</ele>
  <time>2024-07-12 00:00:00 UTC</time>
  <name>Hogan&#39;s Corner Laundromat</name>
  <desc>- Nice laundromat&#xA;-Competitive prices&#xA;- Some parking out front&#xA;- Generally no sketchy folks hanging around&#xA;- Near a very nice park (Ravenna)&#xA;&#xA;Hours: 7:30am to 10:30pm, everyday&#xA;&#xA;Date verified: 2024-07-12 00:00:00 UTC&#xA;Open: Yes&#xA;&#xA;https://ioverlander.com/places/d30c517c-d640-4c67-bb92-e60cfde55d83 (network required)&#xA;</desc>
  <type>Laundromat</type>
  <extensions>
   <osmand:icon>tourism_viewpoint</osmand:icon>
   <osmand:background>circle</osmand:background>
   <osmand:color>#339933</osmand:color>
   <osmand:amenity_subtype>user_defined_other_postcode</osmand:amenity_subtype>
   <osmand:amenity_type>user_defined_other</osmand:amenity_type>
  </extensions>
 </wpt>
 <wpt lat="39.1101" lon="-116.0344">
  <ele>0.0</ele>
  <time>2024-07-12 00:00:00 UTC</time>
  <name>Maytag service laundromat</name>
  <desc>Maytag service Laundromat. Big parking lot.&#xA;&#xA;Date verified: 2024-07-12 00:00:00 UTC&#xA;Open: Yes&#xA;&#xA;https://ioverlander.com/places/644e2124-6214-4b4b-b73b-bf569b067236 (network required)&#xA;</desc>
  <type>Laundromat</type>
  <extensions>
   <osmand:icon>tourism_viewpoint</osmand:icon>
   <osmand:background>circle</osmand:background>
   <osmand:color>#339933</osmand:color>
   <osmand:amenity_subtype>user_defined_other_postcode</osmand:amenity_subtype>
   <osmand:amenity_type>user_defined_other</osmand:amenity_type>
  </extensions>
 </wpt>
 <wpt lat="44.388" lon="-114.3416">
  <ele>0.0</ele>
  <time>2024-07-12 00:00:00 UTC</time>
  <name>Tri-valley gas</name>
  <desc>Laundry and showers ($5) open 24/7 Showers are clean. Didn&#39;t use the laundry but there&#39;s several machines so I&#39;m sure they&#39;d have the ability to do a few loss. Next to an rv site on the side of the hwy.&#xA;&#xA;Date verified: 2024-07-12 00:00:00 UTC&#xA;Open: Yes&#xA;&#xA;https://ioverlander.com/places/7a7d2f79-9a91-46f3-89b0-040e055995ef (network required)&#xA;</desc>
  <type>Laundromat</type>
  <extensions>
   <osmand:icon>tourism_viewpoint</osmand:icon>
   <osmand:background>circle</osmand:background>
   <osmand:color>#339933</osmand:color>
   <osmand:amenity_subtype>user_defined_other_postcode</osmand:amenity_subtype>
   <osmand:amenity_type>user_defined_other</osmand:amenity_type>
  </extensions>
 </wpt>
 <wpt lat="34.852" lon="-105.4543">
  <ele>0.0</ele>
  <time>2024-07-12 00:00:00 UTC</time>
  <name>Laundromat in Lima New York</name>
  <desc>Nice coin operated laundromat. Clean, restroom, wifi.&#xA;&#xA;Date verified: 2024-07-12 00:00:00 UTC&#xA;Open: Yes&#xA;&#xA;https://ioverlander.com/places/0a99cc47-41a7-486d-bac7-3f0b8de954ac (network required)&#xA;</desc>
  <type>Laundromat</type>
  <extensions>
   <osmand:icon>tourism_viewpoint</osmand:icon>
   <osmand:background>circle</osmand:background>
   <osmand:color>#339933</osmand:color>
   <osmand:amenity_subtype>user_defined_other_postcode</osmand:amenity_subtype>
   <osmand:amenity_type>user_defined_other</osmand:amenity_type>
  </extensions>
 </wpt>
 <wpt lat="37.1227" lon="-118.9867">
  <ele>0.0</ele>
  <time>2024-07-12 00:00:00 UTC</time>
  <name>Wasilla Wash Day</name>
  <desc>Small laundry machines $3.50. Showers cost $5.5 for 20 minutes (no sharing according to the signs) plenty of washing machines and dryers. Large machines cost $11, small $3.50&#xA;&#xA;Date verified: 2024-07-12 00:00:00 UTC&#xA;Open: Yes&#xA;&#xA;https://ioverlander.com/places/ad5adab6-c56f-4aed-bd3c-e000a0094b7d (network required)&#xA;</desc>
  <type>Laundromat</type>
  <extensions>
   <osmand:icon>tourism_viewpoint</osmand:icon>
   <osmand:background>circle</osmand:background>
   <osmand:color>#339933</osmand:color>
   <osmand:amenity_subtype>user_defined_other_postcode</osmand:amenity_subtype>
   <osmand:amenity_type>user_defined_other</osmand:amenity_type>
  </extensions>
 </wpt>
 <wpt lat="32.3253" lon="-99.4552">
  <ele>0.0</ele>
  <time>2024-07-12 00:00:00 UTC</time>
  <name>Belmont Eco Laundry</name>
  <desc>Good laundromat. Double load for $4,25. Dryer 6 minutes for $0,25. Washing detergent available for $1.&#xA;&#xA;Free wifi.&#xA;&#xA;Date verified: 2024-07-12 00:00:00 UTC&#xA;Open: Yes&#xA;&#xA;https://ioverlander.com/places/831b394b-5f7a-4e71-ad36-2ab9a58bc471 (network required)&#xA;</desc>
  <type>Laundromat</type>
  <extensions>
   <osmand:icon>tourism_viewpoint</osmand:icon>
   <osmand:background>circle</osmand:background>
   <osmand:color>#339933</osmand:color>
   <osmand:amenity_subtype>user_defined_other_postcode</osmand:amenity_subtype>
   <osmand:amenity_type>user_defined_other</osmand:amenity_type>
  </extensions>
 </wpt>
 <wpt lat="43.8041" lon="-120.5542">
  <ele>0.0</ele>
  <time>2024-07-12 00:00:00 UTC</time>
  <name>Buena Vista</name>
  <desc>Bathrooms and free Wi-Fi as part of the ‘Buena Vista Community Center’. Hot showers, one in each gendered side of the restroom building by the playground. Quarters only, $1 for 2 minutes.&#xA;&#xA;Buena Vista is a nice little town near many outdoor activities.&#xA;&#xA;Date verified: 2024-07-12 00:00:00 UTC&#xA;Open: Yes&#xA;&#xA;https://ioverlander.com/places/a2fa38bf-a420-4315-90d6-d8fd37552360 (network required)&#xA;</desc>
  <type>Showers</type>
  <extensions>
   <osmand:icon>tourism_viewpoint</osmand:icon>
   <osmand:background>star</osmand:background>
   <osmand:color>#ffff80ff</osmand:color>
   <osmand:amenity_subtype>user_defined_other_postcode</osmand:amenity_subtype>
   <osmand:amenity_type>user_defined_other</osmand:amenity_type>
  </extensions>
 </wpt>
 <wpt lat="39.3333" lon="-111.0783">
  <ele>0.0</ele>
  <time>2024-07-12 00:00:00 UTC</time>
  <name>Showers at Skagway Rec Center</name>
  <desc>Clean showers. $10 adults, $3 Seniors 65+ includes towel.&#xA;&#xA;Date verified: 2024-07-12 00:00:00 UTC&#xA;Open: Yes&#xA;&#xA;https://ioverlander.com/places/30fb4443-67d8-4eb7-835d-1d51867fd437 (network required)&#xA;</desc>
  <type>Showers</type>
  <extensions>
   <osmand:icon>tourism_viewpoint</osmand:icon>
   <osmand:background>star</osmand:background>
   <osmand:color>#ffff80ff</osmand:color>
   <osmand:amenity_subtype>user_defined_other_postcode</osmand:amenity_subtype>
   <osmand:amenity_type>user_defined_other</osmand:amenity_type>
  </extensions>
 </wpt>
 <wpt lat="39.5747" lon="-105.7513">
  <ele>0.0</ele>
  <time>2024-07-12 00:00:00 UTC</time>
  <name>Butler beach</name>
  <desc>DAY USE ONLY.&#xA;NO Dump Station, just WATER and BEACH SHOWER&#xA;&#xA;Date verified: 2024-07-12 00:00:00 UTC&#xA;Open: Yes&#xA;&#xA;https://ioverlander.com/places/c1872fd5-532e-4ca6-ab00-aac553524620 (network required)&#xA;</desc>
  <type>Showers</type>
  <extensions>
   <osmand:icon>tourism_viewpoint</osmand:icon>
   <osmand:background>star</osmand:background>
   <osmand:color>#ffff80ff</osmand:color>
   <osmand:amenity_subtype>user_defined_other_postcode</osmand:amenity_subtype>
   <osmand:amenity_type>user_defined_other</osmand:amenity_type>
  </extensions>
 </wpt>
 <wpt lat="34.0858" lon="-111.0475">
  <ele>0.0</ele>
  <time>2024-07-12 00:00:00 UTC</time>
  <name>Coast Guard Pier</name>
  <desc>Open and working! Súper accesible, really. Just come and park (25c / each 10 minutes, just like in town - using park mobile I had to pay $1.90 hour starting price, maybe try machine perhaps cheaper e.g. 25c). Simple toilet with one WC and one shower. Can control temp - water is hot! 50c each 3 minutes. Just a simple curtain separating from the restroom. All good, clean enough and easy to use.&#xA;&#xA;Coin operated - quarters only. 50c for 3 minutes. 75c for 4 1/2 mins. $1 for 6 minutes.&#xA;&#xA;Posted hours: Open 6am - 7pm (Closed overnight)&#xA;&#xA;Date verified: 2024-07-12 00:00:00 UTC&#xA;Open: Yes&#xA;&#xA;https://ioverlander.com/places/7429d126-68cd-45b3-a1c9-865761900294 (network required)&#xA;</desc>
  <type>Showers</type>
  <extensions>
   <osmand:icon>tourism_viewpoint</osmand:icon>
   <osmand:background>star</osmand:background>
   <osmand:color>#ffff80ff</osmand:color>
   <osmand:amenity_subtype>user_defined_other_postcode</osmand:amenity_subtype>
   <osmand:amenity_type>user_defined_other</osmand:amenity_type>
  </extensions>
 </wpt>
 <wpt lat="47.8003" lon="-120.6785">
  <ele>0.0</ele>
  <time>2024-07-12 00:00:00 UTC</time>
  <name>Washington City Community Center</name>
  <desc>Recreation Centre with an Indoor swimming pool and showers. $1 per person to just use the showers! Closed Sundays. Call to check the hours since they’re different in winter vs summer. Open approximately 3-8 M-F and Sat 11-6. It’s now $5.00 for a day pass.&#xA;&#xA;Hours as of 5/27/26&#xA;&#xA;5:00am to 10:00pm Mon. - Thurs.&#xA;5:00am to 9:00pm Friday 6 00am to 8:00pm Saturday&#xA;&#xA;Date verified: 2024-07-12 00:00:00 UTC&#xA;Open: Yes&#xA;&#xA;https://ioverlander.com/places/168417fa-0716-4f91-ba6d-761a9bb96082 (network required)&#xA;</desc>
  <type>Showers</type>
  <extensions>
   <osmand:icon>tourism_viewpoint</osmand:icon>
   <osmand:background>star</osmand:background>
   <osmand:color>#ffff80ff</osmand:color>
   <osmand:amenity_subtype>user_defined_other_postcode</osmand:amenity_subtype>
   <osmand:amenity_type>user_defined_other</osmand:amenity_type>
  </extensions>
 </wpt>
 <wpt lat="27.7263" lon="-81.4388">
  <ele>0.0</ele>
  <time>2024-07-12 00:00:00 UTC</time>
  <name>Grand Canyon Camping service</name>
  <desc>*Closed during periods of water shortage.&#xA;&#xA;Has drinking water, dump station, showers (2.50$ for 5min.), laundry. Wifi, but ATM is not working.&#xA;&#xA;Showers are controlled by quarter machines. There&#39;s a coin machine inside. 10 quarters per session. Do not turn off the shower to soap up or the machine will end your shower session.&#xA;&#xA;Date verified: 2024-07-12 00:00:00 UTC&#xA;Open: Yes&#xA;&#xA;https://ioverlander.com/places/46cd6125-a5c8-4b8f-b2a1-8e6517241304 (network required)&#xA;</desc>
  <type>Showers</type>
  <extensions>
   <osmand:icon>tourism_viewpoint</osmand:icon>
   <osmand:background>star</osmand:background>
   <osmand:color>#ffff80ff</osmand:color>
   <osmand:amenity_subtype>user_defined_other_postcode</osmand:amenity_subtype>
   <osmand:amenity_type>user_defined_other</osmand:amenity_type>
  </extensions>
 </wpt>
 <wpt lat="43.1497" lon="-107.1979">
  <ele>0.0</ele>
  <time>2024-07-12 00:00:00 UTC</time>
  <name>Bozeman Swim Center</name>
  <desc>$2 for a shower.&#xA;Currently open Monday to Friday.&#xA;5:30-7a and noon-1p, also some evening hours from 4:35-8:40 pm.&#xA;Closed weekends.&#xA;&#xA;20 min limit, but not enforced. Communal showers and change room. Water is warm to cool.&#xA;&#xA;Date verified: 2024-07-12 00:00:00 UTC&#xA;Open: Yes&#xA;&#xA;https://ioverlander.com/places/bacc16f2-1e2e-49cd-bbb7-d69879737517 (network required)&#xA;</desc>
  <type>Showers</type>
  <extensions>
   <osmand:icon>tourism_viewpoint</osmand:icon>
   <osmand:background>star</osmand:background>
   <osmand:color>#ffff80ff</osmand:color>
   <osmand:amenity_subtype>user_defined_other_postcode</osmand:amenity_subtype>
   <osmand:amenity_type>user_defined_other</osmand:amenity_type>
  </extensions>
 </wpt>
 <wpt lat="46.9658" lon="-110.2548">
  <ele>0.0</ele>
  <time>2024-07-12 00:00:00 UTC</time>
  <name>Hot Token Showers in Bryce</name>
  <desc>Moderator Note: Seasonal Closures.&#xA;&#xA;8 minute, hot, clean showers for $3 on the side of the general store inside a (heated bathroom). Really chill early &amp; late day, open 8am to 8pm, laundry available as well. Tourists around and parking is tough mid-day. These require entry to the park. Nice sunrise / amphitheater view nearby!&#xA;&#xA;Date verified: 2024-07-12 00:00:00 UTC&#xA;Open: Yes&#xA;&#xA;https://ioverlander.com/places/e4787cd2-98f6-4189-bdbf-358df833d89d (network required)&#xA;</desc>
  <type>Showers</type>
  <extensions>
   <osmand:icon>tourism_viewpoint</osmand:icon>
   <osmand:background>star</osmand:background>
   <osmand:color>#ffff80ff</osmand:color>
   <osmand:amenity_subtype>user_defined_other_postcode</osmand:amenity_subtype>
   <osmand:amenity_type>user_defined_other</osmand:amenity_type>
  </extensions>
 </wpt>
 <wpt lat="38.901" lon="-116.2962">
  <ele>0.0</ele>
  <time>2024-07-12 00:00:00 UTC</time>
  <name>Showers Florence Laundry</name>
  <desc>Showers in the laundry (near the thrift store, on 37th street), 4 dollars for 8 minutes, great !!! And you can wash your clothings in the same time !&#xA;&#xA;Showers looked clean although I did not take one. I thought the laundry was reasonable anywhere from $3.75 to 6 $ depending on the machine that you use. They also have wifi!&#xA;&#xA;Date verified: 2024-07-12 00:00:00 UTC&#xA;Open: Yes&#xA;&#xA;https://ioverlander.com/places/dcb35da3-c6ec-41ba-a278-de088b05d9f0 (network required)&#xA;</desc>
  <type>Showers</type>
  <extensions>
   <osmand:icon>tourism_viewpoint</osmand:icon>
   <osmand:background>star</osmand:background>
   <osmand:color>#ffff80ff</osmand:color>
   <osmand:amenity_subtype>user_defined_other_postcode</osmand:amenity_subtype>
   <osmand:amenity_type>user_defined_other</osmand:amenity_type>
  </extensions>
 </wpt>
 <wpt lat="44.1789" lon="-114.6034">
  <ele>0.0</ele>
  <time>2024-07-12 00:00:00 UTC</time>
  <name>Seward</name>
  <desc>Hot showers for only $2 for 7 minutes. There is a token machine outside that will accept $1 or $5 bills only (no change given). Water is HOT with great water pressure. Fairly clean.&#xA;&#xA;Date verified: 2024-07-12 00:00:00 UTC&#xA;Open: Yes&#xA;&#xA;https://ioverlander.com/places/48251183-d5f5-45f1-adf7-e4b3645c4ace (network required)&#xA;</desc>
  <type>Showers</type>
  <extensions>
   <osmand:icon>tourism_viewpoint</osmand:icon>
   <osmand:background>star</osmand:background>
   <osmand:color>#ffff80ff</osmand:color>
   <osmand:amenity_subtype>user_defined_other_postcode</osmand:amenity_subtype>
   <osmand:amenity_type>user_defined_other</osmand:amenity_type>
  </extensions>
 </wpt>
 <wpt lat="34.6429" lon="-105.7161">
  <ele>0.0</ele>
  <time>2024-07-12 00:00:00 UTC</time>
  <name>Skagway Harbour Master</name>
  <desc>Clean public showers at the boat harbor in Skagway. 25 cents for 1.5 minutes. Open 24/7. Very good. Also 2 more showers at the rear.&#xA;&#xA;Date verified: 2024-07-12 00:00:00 UTC&#xA;Open: Yes&#xA;&#xA;https://ioverlander.com/places/fa494c9b-4158-490e-86d5-5b57dc664a02 (network required)&#xA;</desc>
  <type>Showers</type>
  <extensions>
   <osmand:icon>tourism_viewpoint</osmand:icon>
   <osmand:background>star</osmand:background>
   <osmand:color>#ffff80ff</osmand:color>
   <osmand:amenity_subtype>user_defined_other_postcode</osmand:amenity_subtype>
   <osmand:amenity_type>user_defined_other</osmand:amenity_type>
  </extensions>
 </wpt>
 <wpt lat="36.9136" lon="-119.2485">
  <ele>0.0</ele>
  <time>2024-07-12 00:00:00 UTC</time>
  <name>Salmon Harbor Marina</name>
  <desc>Public Showers and Restrooms. Showers $1 for first four minutes then .25 for each additional minute. Open to the public, you do not have to be staying at the campground. Showers open 0815- 1530.&#xA;There are dish washing sinks on the back outside wall of each restroom. Only the furthest one has showers. There are also trash and recycling bins in the marina.&#xA;&#xA;Date verified: 2024-07-12 00:00:00 UTC&#xA;Open: Yes&#xA;&#xA;https://ioverlander.com/places/2899f8d7-9b04-447c-9543-7bc57b56c621 (network required)&#xA;</desc>
  <type>Showers</type>
  <extensions>
   <osmand:icon>tourism_viewpoint</osmand:icon>
   <osmand:background>star</osmand:background>
   <osmand:color>#ffff80ff</osmand:color>
   <osmand:amenity_subtype>user_defined_other_postcode</osmand:amenity_subtype>
   <osmand:amenity_type>user_defined_other</osmand:amenity_type>
  </extensions>
 </wpt>
 <wpt lat="32.1162" lon="-99.717">
  <ele>0.0</ele>
  <time>2024-07-12 00:00:00 UTC</time>
  <name>Sisters</name>
  <desc>Clean and hot showers in Sisters.&#xA;1$ in Quarters per 2 minutes. (both showers)&#xA;&#xA;Showers 7AM-6PM. Takes quarters. No change machine. Bathrooms also present.&#xA;&#xA;Date verified: 2024-07-12 00:00:00 UTC&#xA;Open: Yes&#xA;&#xA;https://ioverlander.com/places/187fdf0d-a4e5-4128-aea6-463fb1bdd703 (network required)&#xA;</desc>
  <type>Showers</type>
  <extensions>
   <osmand:icon>tourism_viewpoint</osmand:icon>
   <osmand:background>star</osmand:background>
   <osmand:color>#ffff80ff</osmand:color>
   <osmand:amenity_subtype>user_defined_other_postcode</osmand:amenity_subtype>
   <osmand:amenity_type>user_defined_other</osmand:amenity_type>
  </extensions>
 </wpt>
 <wpt lat="43.964" lon="-120.354">
  <ele>0.0</ele>
  <time>2024-07-12 00:00:00 UTC</time>
  <name>B&amp;C Laundry &amp; Showers</name>
  <desc>Laundry, showers and water fill up.&#xA;Showers $6.50USD/15min hot water.&#xA;Laundry (for a medium size washer) $5.50 USD&#xA;Open 7am -8:30pm daily.&#xA;&#xA;Date verified: 2024-07-12 00:00:00 UTC&#xA;Open: Yes&#xA;&#xA;https://ioverlander.com/places/3c3e3776-8dfa-4eea-aae8-9a91830fb787 (network required)&#xA;</desc>
  <type>Showers</type>
  <extensions>
   <osmand:icon>tourism_viewpoint</osmand:icon>
   <osmand:background>star</osmand:background>
   <osmand:color>#ffff80ff</osmand:color>
   <osmand:amenity_subtype>user_defined_other_postcode</osmand:amenity_subtype>
   <osmand:amenity_type>user_defined_other</osmand:amenity_type>
  </extensions>
 </wpt>
 <wpt lat="39.4932" lon="-110.8781">
  <ele>0.0</ele>
  <time>2024-07-12 00:00:00 UTC</time>
  <name>Hot Springs State Park Bath House</name>
  <desc>Free bathhouse with showers. You can use it for 20 minutes. open daily. communal showers. the website says the park has an entry fee but there&#39;s nowhere to pay, just lots of donation points.&#xA;&#xA;Date verified: 2024-07-12 00:00:00 UTC&#xA;Open: Yes&#xA;&#xA;https://ioverlander.com/places/c54ff468-0578-4a0d-98d2-053fb712ed40 (network required)&#xA;</desc>
  <type>Showers</type>
  <extensions>
   <osmand:icon>tourism_viewpoint</osmand:icon>
   <osmand:background>star</osmand:background>
   <osmand:color>#ffff80ff</osmand:color>
   <osmand:amenity_subtype>user_defined_other_postcode</osmand:amenity_subtype>
   <osmand:amenity_type>user_defined_other</osmand:amenity_type>
  </extensions>
 </wpt>
 <wpt lat="39.7346" lon="-105.5511">
  <ele>0.0</ele>
  <time>2024-07-12 00:00:00 UTC</time>
  <name>Vitus/Trapper Creek Trading Post</name>
  <desc>Public showers. Nice, heated, spotless private bathrooms, 4 USD/10min running hot water. Quarters only (they will make change for you).&#xA;Also, gas here is cheaper than in Cantwell.&#xA;&#xA;Date verified: 2024-07-12 00:00:00 UTC&#xA;Open: Yes&#xA;&#xA;https://ioverlander.com/places/662829f5-f4ac-4ecf-920b-e6a6198b820f (network required)&#xA;</desc>
  <type>Showers</type>
  <extensions>
   <osmand:icon>tourism_viewpoint</osmand:icon>
   <osmand:background>star</osmand:background>
   <osmand:color>#ffff80ff</osmand:color>
   <osmand:amenity_subtype>user_defined_other_postcode</osmand:amenity_subtype>
   <osmand:amenity_type>user_defined_other</osmand:amenity_type>
  </extensions>
 </wpt>
 <wpt lat="34.2457" lon="-110.8473">
  <ele>0.0</ele>
  <time>2024-07-12 00:00:00 UTC</time>
  <name>Naabia Niign / Northway Jct</name>
  <desc>3 USD showers @ Naabia Niign / Northway Jct . Depending on which shower you get, you might not even have a time limit. This might be your cheapest shower in Alaska. Hot, clean showers 3 USD (for 15 mins).&#xA;&#xA;Date verified: 2024-07-12 00:00:00 UTC&#xA;Open: Yes&#xA;&#xA;https://ioverlander.com/places/f07009b3-3724-4b73-a673-b02834ed7a77 (network required)&#xA;</desc>
  <type>Showers</type>
  <extensions>
   <osmand:icon>tourism_viewpoint</osmand:icon>
   <osmand:background>star</osmand:background>
   <osmand:color>#ffff80ff</osmand:color>
   <osmand:amenity_subtype>user_defined_other_postcode</osmand:amenity_subtype>
   <osmand:amenity_type>user_defined_other</osmand:amenity_type>
  </extensions>
 </wpt>
 <wpt lat="47.9602" lon="-120.4783">
  <ele>0.0</ele>
  <time>2024-07-12 00:00:00 UTC</time>
  <name>Public Bath Sunset Empire Seaside</name>
  <desc>Public Bath with Gym and Hot Tub. Day fee is 9,- for non residents, you can uns the facilities the whole day. They offer shower for 2,- but only Mon-Fri 5:45-8am and 6-7pm, Sat 3-5pm, Sun 12-2pm (extra 1$ for towel)&#xA;&#xA;Date verified: 2024-07-12 00:00:00 UTC&#xA;Open: Yes&#xA;&#xA;https://ioverlander.com/places/9bc19d40-16fc-4fd8-a328-a354c1bcacc1 (network required)&#xA;</desc>
  <type>Showers</type>
  <extensions>
   <osmand:icon>tourism_viewpoint</osmand:icon>
   <osmand:background>star</osmand:background>
   <osmand:color>#ffff80ff</osmand:color>
   <osmand:amenity_subtype>user_defined_other_postcode</osmand:amenity_subtype>
   <osmand:amenity_type>user_defined_other</osmand:amenity_type>
  </extensions>
 </wpt>
 <wpt lat="27.8862" lon="-81.2386">
  <ele>0.0</ele>
  <time>2024-07-12 00:00:00 UTC</time>
  <name>Boathouse</name>
  <desc>MODERATOR NOTE: This Place has conflicting reports about whether it is open or closed.&#xA;&#xA;Good hot showers at boathouse. Get tokens at office boathouse upstairs. GO TO NEW HARBOR!&#xA;&#xA;12 minutes costs $4 dollar. @ boathouse&#xA;&#xA;Date verified: 2024-07-12 00:00:00 UTC&#xA;Open: Yes&#xA;&#xA;https://ioverlander.com/places/735552f1-c2ee-4589-b3dc-4eea619ebe22 (network required)&#xA;</desc>
  <type>Showers</type>
  <extensions>
   <osmand:icon>tourism_viewpoint</osmand:icon>
   <osmand:background>star</osmand:background>
   <osmand:color>#ffff80ff</osmand:color>
   <osmand:amenity_subtype>user_defined_other_postcode</osmand:amenity_subtype>
   <osmand:amenity_type>user_defined_other</osmand:amenity_type>
  </extensions>
 </wpt>
 <wpt lat="43.3096" lon="-106.9977">
  <ele>0.0</ele>
  <time>2024-07-12 00:00:00 UTC</time>
  <name>Swift Current Motor Inn</name>
  <desc>MODERATOR NOTE: Seasonal closures reported.&#xA;&#xA;Showers available for $4+tax for an 8 min shower. Pay inside the Swiftcurrent Motor Inn Gift Shop.&#xA;The shop closes at 9 pm, so buy tokens beforehand if you want to take a shower later.&#xA;&#xA;There&#39;s also self-serve soft-serve Blackberry ice cream for $3.50. Probably the best deal in the park as it&#39;s a big cup and you can really pile it in there!&#xA;&#xA;Date verified: 2024-07-12 00:00:00 UTC&#xA;Open: Yes&#xA;&#xA;https://ioverlander.com/places/cabf176c-6618-4bc1-982f-b4ca4175a8c8 (network required)&#xA;</desc>
  <type>Showers</type>
  <extensions>
   <osmand:icon>tourism_viewpoint</osmand:icon>
   <osmand:background>star</osmand:background>
   <osmand:color>#ffff80ff</osmand:color>
   <osmand:amenity_subtype>user_defined_other_postcode</osmand:amenity_subtype>
   <osmand:amenity_type>user_defined_other</osmand:amenity_type>
  </extensions>
 </wpt>
 <wpt lat="47.1257" lon="-110.0546">
  <ele>0.0</ele>
  <time>2024-07-12 00:00:00 UTC</time>
  <name>Sturgis Community Center</name>
  <desc>Swimming pool, showers, hot tub, sauna. $5; $4 for seniors. phone: 605-347-6513 https://sturgisareachamber.com/membership/profile/sturgis-community-center&#xA;&#xA;Date verified: 2024-07-12 00:00:00 UTC&#xA;Open: Yes&#xA;&#xA;https://ioverlander.com/places/42216176-72c5-4029-867f-0397ada40e48 (network required)&#xA;</desc>
  <type>Showers</type>
  <extensions>
   <osmand:icon>tourism_viewpoint</osmand:icon>
   <osmand:background>star</osmand:background>
   <osmand:color>#ffff80ff</osmand:color>
   <osmand:amenity_subtype>user_defined_other_postcode</osmand:amenity_subtype>
   <osmand:amenity_type>user_defined_other</osmand:amenity_type>
  </extensions>
 </wpt>
 <wpt lat="39.0609" lon="-116.096">
  <ele>0.0</ele>
  <time>2024-07-12 00:00:00 UTC</time>
  <name>Signal Mountain Campground</name>
  <desc>$5 public showers for 7 mins. Hot and cold water. Tokens only. Tokens can be changed for cash or credit in laundry next door.&#xA;&#xA;Date verified: 2024-07-12 00:00:00 UTC&#xA;Open: Yes&#xA;&#xA;https://ioverlander.com/places/0e659442-724b-4e4f-8ec8-d253738ad58b (network required)&#xA;</desc>
  <type>Showers</type>
  <extensions>
   <osmand:icon>tourism_viewpoint</osmand:icon>
   <osmand:background>star</osmand:background>
   <osmand:color>#ffff80ff</osmand:color>
   <osmand:amenity_subtype>user_defined_other_postcode</osmand:amenity_subtype>
   <osmand:amenity_type>user_defined_other</osmand:amenity_type>
  </extensions>
 </wpt>
 <wpt lat="44.3388" lon="-114.4032">
  <ele>0.0</ele>
  <time>2024-07-12 00:00:00 UTC</time>
  <name>Canyon Street Laundromat</name>
  <desc>MODERATOR NOTE: Seasonal closures reported.&#xA;&#xA;Laundromat, showers, water. parking nearby, wifi from Weston next to it and plug-ins for charging stuff like macbooks, phone etc.&#xA;&#xA;Date verified: 2024-07-12 00:00:00 UTC&#xA;Open: Yes&#xA;&#xA;https://ioverlander.com/places/1ab9256c-abe5-431a-bfd8-7ae5505d7405 (network required)&#xA;</desc>
  <type>Showers</type>
  <extensions>
   <osmand:icon>tourism_viewpoint</osmand:icon>
   <osmand:background>star</osmand:background>
   <osmand:color>#ffff80ff</osmand:color>
   <osmand:amenity_subtype>user_defined_other_postcode</osmand:amenity_subtype>
   <osmand:amenity_type>user_defined_other</osmand:amenity_type>
  </extensions>
 </wpt>
 <wpt lat="34.8028" lon="-105.5159">
  <ele>0.0</ele>
  <time>2024-07-12 00:00:00 UTC</time>
  <name>Leadbetter Beach</name>
  <desc>For free... Here you can shower (free) and take the toilettes. Easy. After you pay $3.50 dollars to park for 1 hour or $22/per day. Not private.&#xA;&#xA;Date verified: 2024-07-12 00:00:00 UTC&#xA;Open: Yes&#xA;&#xA;https://ioverlander.com/places/ddfe0899-c7ed-4f3a-97d6-47b1d0927b0d (network required)&#xA;</desc>
  <type>Showers</type>
  <extensions>
   <osmand:icon>tourism_viewpoint</osmand:icon>
   <osmand:background>star</osmand:background>
   <osmand:color>#ffff80ff</osmand:color>
   <osmand:amenity_subtype>user_defined_other_postcode</osmand:amenity_subtype>
   <osmand:amenity_type>user_defined_other</osmand:amenity_type>
  </extensions>
 </wpt>
 <wpt lat="37.0735" lon="-119.0483">
  <ele>0.0</ele>
  <time>2024-07-12 00:00:00 UTC</time>
  <name>Lake Padden Park</name>
  <desc>Nice park with picnic tables and a lake. Inside the bathroom house there are free warm showers. Main bathrooms and showers are separated but shower room does have the toilet stall and urinary on the men&#39;s side. Community shower heads like the one in college/high school.&#xA;&#xA;Date verified: 2024-07-12 00:00:00 UTC&#xA;Open: Yes&#xA;&#xA;https://ioverlander.com/places/c071c741-c201-4571-87c8-7560594cfd14 (network required)&#xA;</desc>
  <type>Showers</type>
  <extensions>
   <osmand:icon>tourism_viewpoint</osmand:icon>
   <osmand:background>star</osmand:background>
   <osmand:color>#ffff80ff</osmand:color>
   <osmand:amenity_subtype>user_defined_other_postcode</osmand:amenity_subtype>
   <osmand:amenity_type>user_defined_other</osmand:amenity_type>
  </extensions>
 </wpt>
 <wpt lat="32.2761" lon="-99.5168">
  <ele>0.0</ele>
  <time>2024-07-12 00:00:00 UTC</time>
  <name>YMCA Community Centre</name>
  <desc>Place where you can get a shower. (This was not the case when I visited on 11/15/23. ) Just ask, subscribe and go!&#xA;Subsequent visits require a $ 15 day pass&#xA;&#xA;Date verified: 2024-07-12 00:00:00 UTC&#xA;Open: Yes&#xA;&#xA;https://ioverlander.com/places/2a4d7133-b9fe-47e3-ae9a-5841c8dfa19c (network required)&#xA;</desc>
  <type>Showers</type>
  <extensions>
   <osmand:icon>tourism_viewpoint</osmand:icon>
   <osmand:background>star</osmand:background>
   <osmand:color>#ffff80ff</osmand:color>
   <osmand:amenity_subtype>user_defined_other_postcode</osmand:amenity_subtype>
   <osmand:amenity_type>user_defined_other</osmand:amenity_type>
  </extensions>
 </wpt>
 <wpt lat="44.1239" lon="-120.1538">
  <ele>0.0</ele>
  <time>2024-07-12 00:00:00 UTC</time>
  <name>Armijo Pool</name>
  <desc>Public aquatics center with warm showers. $3 USD&#xA;&#xA;Date verified: 2024-07-12 00:00:00 UTC&#xA;Open: Yes&#xA;&#xA;https://ioverlander.com/places/f01d7db9-6412-4e05-b2cf-79525d7eb096 (network required)&#xA;</desc>
  <type>Showers</type>
  <extensions>
   <osmand:icon>tourism_viewpoint</osmand:icon>
   <osmand:background>star</osmand:background>
   <osmand:color>#ffff80ff</osmand:color>
   <osmand:amenity_subtype>user_defined_other_postcode</osmand:amenity_subtype>
   <osmand:amenity_type>user_defined_other</osmand:amenity_type>
  </extensions>
 </wpt>
 <wpt lat="39.6531" lon="-110.6779">
  <ele>0.0</ele>
  <time>2024-07-12 00:00:00 UTC</time>
  <name>Hot showers at YMCA Ocean Springs</name>
  <desc>The friendly folks at this YMCA let me take a great hot shower. It&#39;s free if it&#39;s your first visit to this YMCA. If it isn&#39;t it&#39;s 8 USD.&#xA;Nice pool, too.&#xA;Free wifi available.&#xA;&#xA;Date verified: 2024-07-12 00:00:00 UTC&#xA;Open: Yes&#xA;&#xA;https://ioverlander.com/places/ce91c72f-f8c5-4b1c-afac-1dac1324628f (network required)&#xA;</desc>
  <type>Showers</type>
  <extensions>
   <osmand:icon>tourism_viewpoint</osmand:icon>
   <osmand:background>star</osmand:background>
   <osmand:color>#ffff80ff</osmand:color>
   <osmand:amenity_subtype>user_defined_other_postcode</osmand:amenity_subtype>
   <osmand:amenity_type>user_defined_other</osmand:amenity_type>
  </extensions>
 </wpt>
 <wpt lat="39.8945" lon="-105.3509">
  <ele>0.0</ele>
  <time>2024-07-12 00:00:00 UTC</time>
  <name>Tacoma Center YMCA</name>
  <desc>Place to take free hot showers, you only need an official id. “Monday-Friday: 10-11am, 8-9pm. Saturday: 10-11am, 6-7pm. Sunday: 10-11am.”&#xA;Not the cleanest but nice showers.&#xA;&#xA;https://www.ymcapkc.org/tacoma-center-ymca/programs/community-showers/&#xA;&#xA;Date verified: 2024-07-12 00:00:00 UTC&#xA;Open: Yes&#xA;&#xA;https://ioverlander.com/places/056296ce-6c99-444e-9498-99331cb684ee (network required)&#xA;</desc>
  <type>Showers</type>
  <extensions>
   <osmand:icon>tourism_viewpoint</osmand:icon>
   <osmand:background>star</osmand:background>
   <osmand:color>#ffff80ff</osmand:color>
   <osmand:amenity_subtype>user_defined_other_postcode</osmand:amenity_subtype>
   <osmand:amenity_type>user_defined_other</osmand:amenity_type>
  </extensions>
 </wpt>
 <wpt lat="34.4056" lon="-110.6471">
  <ele>0.0</ele>
  <time>2024-07-12 00:00:00 UTC</time>
  <name>Willow Draw Campground</name>
  <desc>This park is super cool to visit and is only $4 per person. This also includes access to their showers and bathrooms for free!&#xA;&#xA;Date verified: 2024-07-12 00:00:00 UTC&#xA;Open: Yes&#xA;&#xA;https://ioverlander.com/places/c02465db-996a-4bf2-81c3-72a0a072ec6a (network required)&#xA;</desc>
  <type>Showers</type>
  <extensions>
   <osmand:icon>tourism_viewpoint</osmand:icon>
   <osmand:background>star</osmand:background>
   <osmand:color>#ffff80ff</osmand:color>
   <osmand:amenity_subtype>user_defined_other_postcode</osmand:amenity_subtype>
   <osmand:amenity_type>user_defined_other</osmand:amenity_type>
  </extensions>
 </wpt>
 <wpt lat="47.7511" lon="-120.7401">
  <ele>0.0</ele>
  <time>2024-07-12 00:00:00 UTC</time>
  <name>U-haul, Las Cruces NM</name>
  <desc>Have propane refill facility but the system was broken… no service.&#xA;&#xA;Date verified: 2024-07-12 00:00:00 UTC&#xA;Open: Yes&#xA;&#xA;https://ioverlander.com/places/8e5d1a47-6ca1-47ab-b6b3-87d76f58ad16 (network required)&#xA;</desc>
  <type>Propane</type>
  <extensions>
   <osmand:icon>tourism_viewpoint</osmand:icon>
   <osmand:background>star</osmand:background>
   <osmand:color>#ffff80ff</osmand:color>
   <osmand:amenity_subtype>user_defined_other_postcode</osmand:amenity_subtype>
   <osmand:amenity_type>user_defined_other</osmand:amenity_type>
  </extensions>
 </wpt>
 <wpt lat="27.6771" lon="-81.5004">
  <ele>0.0</ele>
  <time>2024-07-12 00:00:00 UTC</time>
  <name>Neales Propane</name>
  <desc>You must be able to remove your tanks at this place. They sell it based on weight!&#xA;&#xA;Date verified: 2024-07-12 00:00:00 UTC&#xA;Open: Yes&#xA;&#xA;https://ioverlander.com/places/27be2847-0a83-46c9-9789-cc7f61839b87 (network required)&#xA;</desc>
  <type>Propane</type>
  <extensions>
   <osmand:icon>tourism_viewpoint</osmand:icon>
   <osmand:background>star</osmand:background>
   <osmand:color>#ffff80ff</osmand:color>
   <osmand:amenity_subtype>user_defined_other_postcode</osmand:amenity_subtype>
   <osmand:amenity_type>user_defined_other</osmand:amenity_type>
  </extensions>
 </wpt>
 <wpt lat="43.1005" lon="-107.2595">
  <ele>0.0</ele>
  <time>2024-07-12 00:00:00 UTC</time>
  <name>High Country Gas And Supply Inc</name>
  <desc>Grand Junction, Colorado: refilled our 3 kg French &#34;camping gaz&#34; bottle. Also welding supplier so will be able to build a propane connection if necessary. Address: 1039 Pitkin avenue&#xA;&#xA;Date verified: 2024-07-12 00:00:00 UTC&#xA;Open: Yes&#xA;&#xA;https://ioverlander.com/places/7c3cdc51-f9fd-4900-b480-04b1c85096d4 (network required)&#xA;</desc>
  <type>Propane</type>
  <extensions>
   <osmand:icon>tourism_viewpoint</osmand:icon>
   <osmand:background>star</osmand:background>
   <osmand:color>#ffff80ff</osmand:color>
   <osmand:amenity_subtype>user_defined_other_postcode</osmand:amenity_subtype>
   <osmand:amenity_type>user_defined_other</osmand:amenity_type>
  </extensions>
 </wpt>
 <wpt lat="46.9166" lon="-110.3164">
  <ele>0.0</ele>
  <time>2024-07-12 00:00:00 UTC</time>
  <name>Capps Home Building Center</name>
  <desc>Nice hardware, lumber yard that sell propane&#xA;&#xA;Date verified: 2024-07-12 00:00:00 UTC&#xA;Open: Yes&#xA;&#xA;https://ioverlander.com/places/e81e41ad-118d-4714-9120-a4fe6f10cf89 (network required)&#xA;</desc>
  <type>Propane</type>
  <extensions>
   <osmand:icon>tourism_viewpoint</osmand:icon>
   <osmand:background>star</osmand:background>
   <osmand:color>#ffff80ff</osmand:color>
   <osmand:amenity_subtype>user_defined_other_postcode</osmand:amenity_subtype>
   <osmand:amenity_type>user_defined_other</osmand:amenity_type>
  </extensions>
 </wpt>
 <wpt lat="38.8518" lon="-116.3578">
  <ele>0.0</ele>
  <time>2024-07-12 00:00:00 UTC</time>
  <name>Barnett&#39;s Propane</name>
  <desc>Easy access from I-10. Cheap.&#xA;&#xA;Date verified: 2024-07-12 00:00:00 UTC&#xA;Open: Yes&#xA;&#xA;https://ioverlander.com/places/c588112b-fb48-49be-a87f-ed74c2179496 (network required)&#xA;</desc>
  <type>Propane</type>
  <extensions>
   <osmand:icon>tourism_viewpoint</osmand:icon>
   <osmand:background>star</osmand:background>
   <osmand:color>#ffff80ff</osmand:color>
   <osmand:amenity_subtype>user_defined_other_postcode</osmand:amenity_subtype>
   <osmand:amenity_type>user_defined_other</osmand:amenity_type>
  </extensions>
 </wpt>
 <wpt lat="44.1297" lon="-114.665">
  <ele>0.0</ele>
  <time>2024-07-12 00:00:00 UTC</time>
  <name>Shell gas station</name>
  <desc>Crazy gas prices but convenient propane fill up for RV&#39;s&#xA;&#xA;Also a west indian food place inside the gas station.&#xA;&#xA;Date verified: 2024-07-12 00:00:00 UTC&#xA;Open: Yes&#xA;&#xA;https://ioverlander.com/places/e551f9de-db19-4e91-a416-ee5b00c96128 (network required)&#xA;</desc>
  <type>Propane</type>
  <extensions>
   <osmand:icon>tourism_viewpoint</osmand:icon>
   <osmand:background>star</osmand:background>
   <osmand:color>#ffff80ff</osmand:color>
   <osmand:amenity_subtype>user_defined_other_postcode</osmand:amenity_subtype>
   <osmand:amenity_type>user_defined_other</osmand:amenity_type>
  </extensions>
 </wpt>
 <wpt lat="34.5937" lon="-105.7777">
  <ele>0.0</ele>
  <time>2024-07-12 00:00:00 UTC</time>
  <name>Speedway</name>
  <desc>Propane fill behind the station. Prepay inside. Currently $3.30 per gallon&#xA;&#xA;Date verified: 2024-07-12 00:00:00 UTC&#xA;Open: Yes&#xA;&#xA;https://ioverlander.com/places/d71aec4f-7599-4ada-bd81-ba39c8b57aa1 (network required)&#xA;</desc>
  <type>Propane</type>
  <extensions>
   <osmand:icon>tourism_viewpoint</osmand:icon>
   <osmand:background>star</osmand:background>
   <osmand:color>#ffff80ff</osmand:color>
   <osmand:amenity_subtype>user_defined_other_postcode</osmand:amenity_subtype>
   <osmand:amenity_type>user_defined_other</osmand:amenity_type>
  </extensions>
 </wpt>
 <wpt lat="36.8644" lon="-119.3101">
  <ele>0.0</ele>
  <time>2024-07-12 00:00:00 UTC</time>
  <name>Action Shop Services</name>
  <desc>Propane refill for RV. Great staff and service. $2,60 per gallon.&#xA;&#xA;Date verified: 2024-07-12 00:00:00 UTC&#xA;Open: Yes&#xA;&#xA;https://ioverlander.com/places/80340ed0-8e82-40a7-9142-ee43d6da9112 (network required)&#xA;</desc>
  <type>Propane</type>
  <extensions>
   <osmand:icon>tourism_viewpoint</osmand:icon>
   <osmand:background>star</osmand:background>
   <osmand:color>#ffff80ff</osmand:color>
   <osmand:amenity_subtype>user_defined_other_postcode</osmand:amenity_subtype>
   <osmand:amenity_type>user_defined_other</osmand:amenity_type>
  </extensions>
 </wpt>
 <wpt lat="32.067" lon="-99.7786">
  <ele>0.0</ele>
  <time>2024-07-12 00:00:00 UTC</time>
  <name>Superstition FEEDPET</name>
  <desc>Behind Wells Fargo Bank, 666 N Idaho Rd, Apache Junction, AZ 85119&#xA;1.99$ gal. Easy to access.&#xA;&#xA;place Deleted - fill commercial only&#xA;&#xA;Date verified: 2024-07-12 00:00:00 UTC&#xA;Open: Yes&#xA;&#xA;https://ioverlander.com/places/dabc95c3-089c-4c6a-8861-d7bdff835416 (network required)&#xA;</desc>
  <type>Propane</type>
  <extensions>
   <osmand:icon>tourism_viewpoint</osmand:icon>
   <osmand:background>star</osmand:background>
   <osmand:color>#ffff80ff</osmand:color>
   <osmand:amenity_subtype>user_defined_other_postcode</osmand:amenity_subtype>
   <osmand:amenity_type>user_defined_other</osmand:amenity_type>
  </extensions>
 </wpt>
 <wpt lat="43.9148" lon="-120.4156">
  <ele>0.0</ele>
  <time>2024-07-12 00:00:00 UTC</time>
  <name>Cortez Gaz Company</name>
  <desc>413 East Third, Truth or Consequences NM&#xA;&#xA;Date verified: 2024-07-12 00:00:00 UTC&#xA;Open: Yes&#xA;&#xA;https://ioverlander.com/places/71d42db4-f66a-4606-84c5-2a38459349e0 (network required)&#xA;</desc>
  <type>Propane</type>
  <extensions>
   <osmand:icon>tourism_viewpoint</osmand:icon>
   <osmand:background>star</osmand:background>
   <osmand:color>#ffff80ff</osmand:color>
   <osmand:amenity_subtype>user_defined_other_postcode</osmand:amenity_subtype>
   <osmand:amenity_type>user_defined_other</osmand:amenity_type>
  </extensions>
 </wpt>
 <wpt lat="39.444" lon="-110.9397">
  <ele>0.0</ele>
  <time>2024-07-12 00:00:00 UTC</time>
  <name>Arco Propane</name>
  <desc>Easy in/out&#xA;free Fresh water to, near to propane.&#xA;&#xA;Date verified: 2024-07-12 00:00:00 UTC&#xA;Open: Yes&#xA;&#xA;https://ioverlander.com/places/738e1c05-91e6-4155-9760-4e8c2b9e57d9 (network required)&#xA;</desc>
  <type>Propane</type>
  <extensions>
   <osmand:icon>tourism_viewpoint</osmand:icon>
   <osmand:background>star</osmand:background>
   <osmand:color>#ffff80ff</osmand:color>
   <osmand:amenity_subtype>user_defined_other_postcode</osmand:amenity_subtype>
   <osmand:amenity_type>user_defined_other</osmand:amenity_type>
  </extensions>
 </wpt>
 <wpt lat="39.6854" lon="-105.6127">
  <ele>0.0</ele>
  <time>2024-07-12 00:00:00 UTC</time>
  <name>Love&#39;s Travel Shop</name>
  <desc>Place to fill any kind of propane tank.&#xA;3.49 USD/Gal&#xA;&#xA;Date verified: 2024-07-12 00:00:00 UTC&#xA;Open: Yes&#xA;&#xA;https://ioverlander.com/places/c02a4bd3-7dc6-4a59-9c66-cd319635a060 (network required)&#xA;</desc>
  <type>Propane</type>
  <extensions>
   <osmand:icon>tourism_viewpoint</osmand:icon>
   <osmand:background>star</osmand:background>
   <osmand:color>#ffff80ff</osmand:color>
   <osmand:amenity_subtype>user_defined_other_postcode</osmand:amenity_subtype>
   <osmand:amenity_type>user_defined_other</osmand:amenity_type>
  </extensions>
 </wpt>
 <wpt lat="34.1965" lon="-110.9089">
  <ele>0.0</ele>
  <time>2024-07-12 00:00:00 UTC</time>
  <name>Haines Garage</name>
  <desc>Refill of propane tanks : 9$ + tx for 20 lbs or 4,50$ + tx for 10 lbs. Can fill RV tank too&#xA;&#xA;Date verified: 2024-07-12 00:00:00 UTC&#xA;Open: Yes&#xA;&#xA;https://ioverlander.com/places/5b051841-0675-40e4-9843-bbc141260d11 (network required)&#xA;</desc>
  <type>Propane</type>
  <extensions>
   <osmand:icon>tourism_viewpoint</osmand:icon>
   <osmand:background>star</osmand:background>
   <osmand:color>#ffff80ff</osmand:color>
   <osmand:amenity_subtype>user_defined_other_postcode</osmand:amenity_subtype>
   <osmand:amenity_type>user_defined_other</osmand:amenity_type>
  </extensions>
 </wpt>
 <wpt lat="47.911" lon="-120.5399">
  <ele>0.0</ele>
  <time>2024-07-12 00:00:00 UTC</time>
  <name>Holbrook (also refill ARG bottle)</name>
  <desc>We refill our argentinian bottle. Laundry. Diesel.&#xA;&#xA;Date verified: 2024-07-12 00:00:00 UTC&#xA;Open: Yes&#xA;&#xA;https://ioverlander.com/places/3adeb643-19a4-4174-9a8e-c4edb97d927d (network required)&#xA;</desc>
  <type>Propane</type>
  <extensions>
   <osmand:icon>tourism_viewpoint</osmand:icon>
   <osmand:background>star</osmand:background>
   <osmand:color>#ffff80ff</osmand:color>
   <osmand:amenity_subtype>user_defined_other_postcode</osmand:amenity_subtype>
   <osmand:amenity_type>user_defined_other</osmand:amenity_type>
  </extensions>
 </wpt>
 <wpt lat="27.837" lon="-81.3002">
  <ele>0.0</ele>
  <time>2024-07-12 00:00:00 UTC</time>
  <name>Gas station 76</name>
  <desc>Cheap diesel and propane available. Ideal before crossing the border to Baja California.&#xA;&#xA;Date verified: 2024-07-12 00:00:00 UTC&#xA;Open: Yes&#xA;&#xA;https://ioverlander.com/places/813fb030-ac6b-4bf3-af91-db62830a22db (network required)&#xA;</desc>
  <type>Propane</type>
  <extensions>
   <osmand:icon>tourism_viewpoint</osmand:icon>
   <osmand:background>star</osmand:background>
   <osmand:color>#ffff80ff</osmand:color>
   <osmand:amenity_subtype>user_defined_other_postcode</osmand:amenity_subtype>
   <osmand:amenity_type>user_defined_other</osmand:amenity_type>
  </extensions>
 </wpt>
 <wpt lat="43.2604" lon="-107.0593">
  <ele>0.0</ele>
  <time>2024-07-12 00:00:00 UTC</time>
  <name>u-haul</name>
  <desc>ouvert 7 jours sur 7. Paiement à la pompe.&#xA;&#xA;Date verified: 2024-07-12 00:00:00 UTC&#xA;Open: Yes&#xA;&#xA;https://ioverlander.com/places/9ac8ea4e-9032-412e-9d6b-d4d2075a483a (network required)&#xA;</desc>
  <type>Propane</type>
  <extensions>
   <osmand:icon>tourism_viewpoint</osmand:icon>
   <osmand:background>star</osmand:background>
   <osmand:color>#ffff80ff</osmand:color>
   <osmand:amenity_subtype>user_defined_other_postcode</osmand:amenity_subtype>
   <osmand:amenity_type>user_defined_other</osmand:amenity_type>
  </extensions>
 </wpt>
 <wpt lat="47.0765" lon="-110.1162">
  <ele>0.0</ele>
  <time>2024-07-12 00:00:00 UTC</time>
  <name>Propane supply</name>
  <desc>This place was described in the iOverlander entry &#34;Enchanted trails RV park and trading post&#34;.&#xA;&#xA;Date verified: 2024-07-12 00:00:00 UTC&#xA;Open: Yes&#xA;&#xA;https://ioverlander.com/places/084d9d10-58dc-4d29-96fe-0d33f6861426 (network required)&#xA;</desc>
  <type>Propane</type>
  <extensions>
   <osmand:icon>tourism_viewpoint</osmand:icon>
   <osmand:background>star</osmand:background>
   <osmand:color>#ffff80ff</osmand:color>
   <osmand:amenity_subtype>user_defined_other_postcode</osmand:amenity_subtype>
   <osmand:amenity_type>user_defined_other</osmand:amenity_type>
  </extensions>
 </wpt>
 <wpt lat="39.0117" lon="-116.1576">
  <ele>0.0</ele>
  <time>2024-07-12 00:00:00 UTC</time>
  <name>Tractor Supply</name>
  <desc>Very friendly place to get your rv propane tank filled! They even fill VW Westfalia&#39;s tank&#xA;&#xA;Date verified: 2024-07-12 00:00:00 UTC&#xA;Open: Yes&#xA;&#xA;https://ioverlander.com/places/a25f0810-ba1b-4db2-a654-8a40242d3ae0 (network required)&#xA;</desc>
  <type>Propane</type>
  <extensions>
   <osmand:icon>tourism_viewpoint</osmand:icon>
   <osmand:background>star</osmand:background>
   <osmand:color>#ffff80ff</osmand:color>
   <osmand:amenity_subtype>user_defined_other_postcode</osmand:amenity_subtype>
   <osmand:amenity_type>user_defined_other</osmand:amenity_type>
  </extensions>
 </wpt>
 <wpt lat="44.2896" lon="-114.4648">
  <ele>0.0</ele>
  <time>2024-07-12 00:00:00 UTC</time>
  <name>Farm &amp; City Feed and RV Supply</name>
  <desc>Standard propane rates apply. $4.49/gallon Very friendly service. We filled a standard household USA BBQ bottle or built in propane attachments too. . Out tank was 7.5 gallons and there was another guy there filling up standard 5 gallon bottles. or the big built in bottles. $5 holding tank fee, but free water fill ups. nice people... support the locals&#xA;&#xA;Date verified: 2024-07-12 00:00:00 UTC&#xA;Open: Yes&#xA;&#xA;https://ioverlander.com/places/b495f589-4db6-4ee1-8882-07ebb7af6eff (network required)&#xA;</desc>
  <type>Propane</type>
  <extensions>
   <osmand:icon>tourism_viewpoint</osmand:icon>
   <osmand:background>star</osmand:background>
   <osmand:color>#ffff80ff</osmand:color>
   <osmand:amenity_subtype>user_defined_other_postcode</osmand:amenity_subtype>
   <osmand:amenity_type>user_defined_other</osmand:amenity_type>
  </extensions>
 </wpt>
 <wpt lat="34.7536" lon="-105.5775">
  <ele>0.0</ele>
  <time>2024-07-12 00:00:00 UTC</time>
  <name>Bicknell Howies gas station</name>
  <desc>Closest place from capitol reef NP&#xA;For Propane tank refill&#xA;Big Rig access&#xA;&#xA;Date verified: 2024-07-12 00:00:00 UTC&#xA;Open: Yes&#xA;&#xA;https://ioverlander.com/places/2581b6f6-3612-4e2b-ad2b-5609c483cf2a (network required)&#xA;</desc>
  <type>Propane</type>
  <extensions>
   <osmand:icon>tourism_viewpoint</osmand:icon>
   <osmand:background>star</osmand:background>
   <osmand:color>#ffff80ff</osmand:color>
   <osmand:amenity_subtype>user_defined_other_postcode</osmand:amenity_subtype>
   <osmand:amenity_type>user_defined_other</osmand:amenity_type>
  </extensions>
 </wpt>
 <wpt lat="37.0243" lon="-119.1099">
  <ele>0.0</ele>
  <time>2024-07-12 00:00:00 UTC</time>
  <name>Butte General Store &amp; Marine / Gas Station</name>
  <desc>We refilled our propane tank at USD 2.90 per gallon (Nov 26, 2017). This gas station is open on Sundays and will fill-up your motorhome&#39;s propane tank.&#xA;&#xA;Our tank has an ACME valve connector (or also called QCC [Quick Closing Coupling] or OPD [Overfill Protection Device]). But I&#39;m quite confident that they would be able to handle other valve connectors, such as POL (Prest-O-Lite).&#xA;&#xA;Date verified: 2024-07-12 00:00:00 UTC&#xA;Open: Yes&#xA;&#xA;https://ioverlander.com/places/c4bb4480-cc30-4da2-a147-6a0b5186fc8c (network required)&#xA;</desc>
  <type>Propane</type>
  <extensions>
   <osmand:icon>tourism_viewpoint</osmand:icon>
   <osmand:background>star</osmand:background>
   <osmand:color>#ffff80ff</osmand:color>
   <osmand:amenity_subtype>user_defined_other_postcode</osmand:amenity_subtype>
   <osmand:amenity_type>user_defined_other</osmand:amenity_type>
  </extensions>
 </wpt>
 <wpt lat="32.2269" lon="-99.5784">
  <ele>0.0</ele>
  <time>2024-07-12 00:00:00 UTC</time>
  <name>Suburban propane</name>
  <desc>Due to covid policy changes this location no longer provides propane to the walk in public. Propane only provided to account holders.&#xA;&#xA;Awesome stop. Very glad with the service. Knowledgeable. I think they can handle quite a few different types of connections since all they did was handle propane.&#xA;&#xA;Date verified: 2024-07-12 00:00:00 UTC&#xA;Open: Yes&#xA;&#xA;https://ioverlander.com/places/8edba93c-1d9e-4b52-a9ba-ed01b350638e (network required)&#xA;</desc>
  <type>Propane</type>
  <extensions>
   <osmand:icon>tourism_viewpoint</osmand:icon>
   <osmand:background>star</osmand:background>
   <osmand:color>#ffff80ff</osmand:color>
   <osmand:amenity_subtype>user_defined_other_postcode</osmand:amenity_subtype>
   <osmand:amenity_type>user_defined_other</osmand:amenity_type>
  </extensions>
 </wpt>
 <wpt lat="44.0747" lon="-120.2154">
  <ele>0.0</ele>
  <time>2024-07-12 00:00:00 UTC</time>
  <name>U-Haul Supply</name>
  <desc>Open 7 days a week from 7 am to 7pm. Drive to the propane tank and ring the bell.&#xA;&#xA;Date verified: 2024-07-12 00:00:00 UTC&#xA;Open: Yes&#xA;&#xA;https://ioverlander.com/places/ad4261a3-d488-4172-b3f4-6887481cf45b (network required)&#xA;</desc>
  <type>Propane</type>
  <extensions>
   <osmand:icon>tourism_viewpoint</osmand:icon>
   <osmand:background>star</osmand:background>
   <osmand:color>#ffff80ff</osmand:color>
   <osmand:amenity_subtype>user_defined_other_postcode</osmand:amenity_subtype>
   <osmand:amenity_type>user_defined_other</osmand:amenity_type>
  </extensions>
 </wpt>
 <wpt lat="39.6039" lon="-110.7395">
  <ele>0.0</ele>
  <time>2024-07-12 00:00:00 UTC</time>
  <name>Chevron - 2232 Biddle Rd, Medford, OR</name>
  <desc>Propane refill came as a recommendation from a RV dealership. The awesome staff totally knew how to fill up our Eurovan camper.&#xA;&#xA;Date verified: 2024-07-12 00:00:00 UTC&#xA;Open: Yes&#xA;&#xA;https://ioverlander.com/places/a936f81c-48ba-4031-b95b-103abe035b62 (network required)&#xA;</desc>
  <type>Propane</type>
  <extensions>
   <osmand:icon>tourism_viewpoint</osmand:icon>
   <osmand:background>star</osmand:background>
   <osmand:color>#ffff80ff</osmand:color>
   <osmand:amenity_subtype>user_defined_other_postcode</osmand:amenity_subtype>
   <osmand:amenity_type>user_defined_other</osmand:amenity_type>
  </extensions>
 </wpt>
 <wpt lat="39.8453" lon="-105.4125">
  <ele>0.0</ele>
  <time>2024-07-12 00:00:00 UTC</time>
  <name>Fas Fuel Oracle and Prince Tucson.</name>
  <desc>Gas station at the Northwest corner of Prince and N Oracle. Propane is advertised as $1.89 per gallon, but this price is only if you get 10 gallons or more. Less than 10 gallons is $2.39 per gallon. Visited on 2/3/18.&#xA;&#xA;Date verified: 2024-07-12 00:00:00 UTC&#xA;Open: Yes&#xA;&#xA;https://ioverlander.com/places/b7fb0ec9-404d-4fba-bbba-fe93c12ecb68 (network required)&#xA;</desc>
  <type>Propane</type>
  <extensions>
   <osmand:icon>tourism_viewpoint</osmand:icon>
   <osmand:background>star</osmand:background>
   <osmand:color>#ffff80ff</osmand:color>
   <osmand:amenity_subtype>user_defined_other_postcode</osmand:amenity_subtype>
   <osmand:amenity_type>user_defined_other</osmand:amenity_type>
  </extensions>
 </wpt>
 <wpt lat="34.3564" lon="-110.7087">
  <ele>0.0</ele>
  <time>2024-07-12 00:00:00 UTC</time>
  <name>Big Bend Station/Alon</name>
  <desc>Gas station and propane around back. Propane refills are only available between 1PM-3PM.&#xA;&#xA;Available connections not known, but a VW vanagon with a 3 gallon propane tank was filled it with no problem. (tank is close to the horse stables).&#xA;&#xA;Date verified: 2024-07-12 00:00:00 UTC&#xA;Open: Yes&#xA;&#xA;https://ioverlander.com/places/22df7a32-ad44-4859-b848-db3d3f94c12b (network required)&#xA;</desc>
  <type>Propane</type>
  <extensions>
   <osmand:icon>tourism_viewpoint</osmand:icon>
   <osmand:background>star</osmand:background>
   <osmand:color>#ffff80ff</osmand:color>
   <osmand:amenity_subtype>user_defined_other_postcode</osmand:amenity_subtype>
   <osmand:amenity_type>user_defined_other</osmand:amenity_type>
  </extensions>
 </wpt>
 <wpt lat="48.0709" lon="-120.3397">
  <ele>0.0</ele>
  <time>2024-07-12 00:00:00 UTC</time>
  <name>Chevron</name>
  <desc>Propane fill station. Nice people, convenient location.&#xA;&#xA;Date verified: 2024-07-12 00:00:00 UTC&#xA;Open: Yes&#xA;&#xA;https://ioverlander.com/places/2b6c3a0e-3add-4e2a-a053-ede14b313a31 (network required)&#xA;</desc>
  <type>Propane</type>
  <extensions>
   <osmand:icon>tourism_viewpoint</osmand:icon>
   <osmand:background>star</osmand:background>
   <osmand:color>#ffff80ff</osmand:color>
   <osmand:amenity_subtype>user_defined_other_postcode</osmand:amenity_subtype>
   <osmand:amenity_type>user_defined_other</osmand:amenity_type>
  </extensions>
 </wpt>
 <wpt lat="27.9969" lon="-81.1">
  <ele>0.0</ele>
  <time>2024-07-12 00:00:00 UTC</time>
  <name>Cajun Propane</name>
  <desc>Place to fill propane! 17$ for 20 pounds bottle&#xA;&#xA;Date verified: 2024-07-12 00:00:00 UTC&#xA;Open: Yes&#xA;&#xA;https://ioverlander.com/places/bfb33e58-e88d-48a9-9f7b-8152d8aac58f (network required)&#xA;</desc>
  <type>Propane</type>
  <extensions>
   <osmand:icon>tourism_viewpoint</osmand:icon>
   <osmand:background>star</osmand:background>
   <osmand:color>#ffff80ff</osmand:color>
   <osmand:amenity_subtype>user_defined_other_postcode</osmand:amenity_subtype>
   <osmand:amenity_type>user_defined_other</osmand:amenity_type>
  </extensions>
 </wpt>
 <wpt lat="43.4203" lon="-106.8591">
  <ele>0.0</ele>
  <time>2024-07-12 00:00:00 UTC</time>
  <name>Marina boat &amp; RV</name>
  <desc>We managed to fill our Argentinean bottle without issues.&#xA;&#xA;Date verified: 2024-07-12 00:00:00 UTC&#xA;Open: Yes&#xA;&#xA;https://ioverlander.com/places/450313dc-219c-4aea-b359-d926273bcc2c (network required)&#xA;</desc>
  <type>Propane</type>
  <extensions>
   <osmand:icon>tourism_viewpoint</osmand:icon>
   <osmand:background>star</osmand:background>
   <osmand:color>#ffff80ff</osmand:color>
   <osmand:amenity_subtype>user_defined_other_postcode</osmand:amenity_subtype>
   <osmand:amenity_type>user_defined_other</osmand:amenity_type>
  </extensions>
 </wpt>
 <wpt lat="47.2364" lon="-109.916">
  <ele>0.0</ele>
  <time>2024-07-12 00:00:00 UTC</time>
  <name>Hero Market</name>
  <desc>Propane Service, Fuel Gas Diesel, Food, Water,Store&#xA;&#xA;Date verified: 2024-07-12 00:00:00 UTC&#xA;Open: Yes&#xA;&#xA;https://ioverlander.com/places/5ec90659-7856-4ba7-b9ad-408554d35b22 (network required)&#xA;</desc>
  <type>Propane</type>
  <extensions>
   <osmand:icon>tourism_viewpoint</osmand:icon>
   <osmand:background>star</osmand:background>
   <osmand:color>#ffff80ff</osmand:color>
   <osmand:amenity_subtype>user_defined_other_postcode</osmand:amenity_subtype>
   <osmand:amenity_type>user_defined_other</osmand:amenity_type>
  </extensions>
 </wpt>
 <wpt lat="38.8026" lon="-116.4194">
  <ele>0.0</ele>
  <time>2024-07-12 00:00:00 UTC</time>
  <name>Welcome Center</name>
  <desc>Dump station with water for rinsing.&#xA;First visit the welcome center for your maps, nice clean, restrooms, etc. Then fill your potable water on the right side when pulling out of the truck RV parking.&#xA;Lastly, before going onto the exit to the highway, there is a dump station with water for rinsing your tanks&#xA;&#xA;&#xA;Right location, but if you want to visit the welcome center (must see!!!) do it first since the dump station is just before exit. No potable water, but there&#39;s a hose to rinse.&#xA;&#xA;Date verified: 2024-07-12 00:00:00 UTC&#xA;Open: Yes&#xA;&#xA;https://ioverlander.com/places/9775b498-c4d7-427f-86bb-b2f32a11bd66 (network required)&#xA;</desc>
  <type>Sanitation Dump Station</type>
  <extensions>
   <osmand:icon>tourism_viewpoint</osmand:icon>
   <osmand:background>star</osmand:background>
   <osmand:color>#ffff80ff</osmand:color>
   <osmand:amenity_subtype>user_defined_other_postcode</osmand:amenity_subtype>
   <osmand:amenity_type>user_defined_other</osmand:amenity_type>
  </extensions>
 </wpt>
 <wpt lat="44.0805" lon="-114.7266">
  <ele>0.0</ele>
  <time>2024-07-12 00:00:00 UTC</time>
  <name>Sinclair ProStop Gas Station</name>
  <desc>RV waste dump ($6), and regularity and premium gas. Diesel as well. Mini Mart with Food and supplies&#xA;&#xA;Date verified: 2024-07-12 00:00:00 UTC&#xA;Open: Yes&#xA;&#xA;https://ioverlander.com/places/2ce56798-88b8-49b9-a08c-49c8a9173fb6 (network required)&#xA;</desc>
  <type>Sanitation Dump Station</type>
  <extensions>
   <osmand:icon>tourism_viewpoint</osmand:icon>
   <osmand:background>star</osmand:background>
   <osmand:color>#ffff80ff</osmand:color>
   <osmand:amenity_subtype>user_defined_other_postcode</osmand:amenity_subtype>
   <osmand:amenity_type>user_defined_other</osmand:amenity_type>
  </extensions>
 </wpt>
 <wpt lat="34.5445" lon="-105.8393">
  <ele>0.0</ele>
  <time>2024-07-12 00:00:00 UTC</time>
  <name>Delta Petro Wash</name>
  <desc>Fuel station with dump, water, laundry. Gas pumps include high flow for HDTs or other large diesels. Dump and potable water are in easy to get to station. They are free to use. There is a large car wash that will accept big rigs. Laundry has 4 washers and 4 dryers. Uses cards or coins. Propane fill up also on site.&#xA;&#xA;Date verified: 2024-07-12 00:00:00 UTC&#xA;Open: Yes&#xA;&#xA;https://ioverlander.com/places/081d19d2-c99a-41f8-81d0-b599e40b34de (network required)&#xA;</desc>
  <type>Sanitation Dump Station</type>
  <extensions>
   <osmand:icon>tourism_viewpoint</osmand:icon>
   <osmand:background>star</osmand:background>
   <osmand:color>#ffff80ff</osmand:color>
   <osmand:amenity_subtype>user_defined_other_postcode</osmand:amenity_subtype>
   <osmand:amenity_type>user_defined_other</osmand:amenity_type>
  </extensions>
 </wpt>
 <wpt lat="36.8152" lon="-119.3717">
  <ele>0.0</ele>
  <time>2024-07-12 00:00:00 UTC</time>
  <name>Dumpstation Homer</name>
  <desc>Dump station $15 with potable water, picnic table and poop bags for dogs&#xA;&#xA;Date verified: 2024-07-12 00:00:00 UTC&#xA;Open: Yes&#xA;&#xA;https://ioverlander.com/places/37fcefba-9464-4759-ab0e-bfb1f8f33b0c (network required)&#xA;</desc>
  <type>Sanitation Dump Station</type>
  <extensions>
   <osmand:icon>tourism_viewpoint</osmand:icon>
   <osmand:background>star</osmand:background>
   <osmand:color>#ffff80ff</osmand:color>
   <osmand:amenity_subtype>user_defined_other_postcode</osmand:amenity_subtype>
   <osmand:amenity_type>user_defined_other</osmand:amenity_type>
  </extensions>
 </wpt>
 <wpt lat="32.0178" lon="-99.8402">
  <ele>0.0</ele>
  <time>2024-07-12 00:00:00 UTC</time>
  <name>Speedway Express</name>
  <desc>Gratis Entleerungsstation hinter der Tankstelle. Inkl. Wasser und Schlauch. Hat auch Abfall-Container nebenan.&#xA;&#xA;Date verified: 2024-07-12 00:00:00 UTC&#xA;Open: Yes&#xA;&#xA;https://ioverlander.com/places/cfc85f12-503c-4bfa-99a0-7c654afb2889 (network required)&#xA;</desc>
  <type>Sanitation Dump Station</type>
  <extensions>
   <osmand:icon>tourism_viewpoint</osmand:icon>
   <osmand:background>star</osmand:background>
   <osmand:color>#ffff80ff</osmand:color>
   <osmand:amenity_subtype>user_defined_other_postcode</osmand:amenity_subtype>
   <osmand:amenity_type>user_defined_other</osmand:amenity_type>
  </extensions>
 </wpt>
 <wpt lat="43.8656" lon="-120.4772">
  <ele>0.0</ele>
  <time>2024-07-12 00:00:00 UTC</time>
  <name>5 Mile Campground Dump Station</name>
  <desc>Dump Station, still currently free. Do not use the drinking water station to clean out your tanks.&#xA;&#xA;Date verified: 2024-07-12 00:00:00 UTC&#xA;Open: Yes&#xA;&#xA;https://ioverlander.com/places/dbaf354b-2ff8-4d9d-a4ca-16fedc9f2c45 (network required)&#xA;</desc>
  <type>Sanitation Dump Station</type>
  <extensions>
   <osmand:icon>tourism_viewpoint</osmand:icon>
   <osmand:background>star</osmand:background>
   <osmand:color>#ffff80ff</osmand:color>
   <osmand:amenity_subtype>user_defined_other_postcode</osmand:amenity_subtype>
   <osmand:amenity_type>user_defined_other</osmand:amenity_type>
  </extensions>
 </wpt>
 <wpt lat="39.3948" lon="-111.0013">
  <ele>0.0</ele>
  <time>2024-07-12 00:00:00 UTC</time>
  <name>Upper Blue Sanitation District</name>
  <desc>RVs welcome. Dirt pad across from the plant (there was zero odor). Sits just east of the river with plenty of space for multiple vehicles, including a big rig or two. Fees for sanitation dump.&#xA;&#xA;During the winter the potable water spigot is turned off, you have to hookup to a spigot on the side of the building next to the payment slot.&#xA;&#xA;Open year-round&#xA;&#xA;Date verified: 2024-07-12 00:00:00 UTC&#xA;Open: Yes&#xA;&#xA;https://ioverlander.com/places/560c208c-8148-4fcd-988e-310a4f8cf800 (network required)&#xA;</desc>
  <type>Sanitation Dump Station</type>
  <extensions>
   <osmand:icon>tourism_viewpoint</osmand:icon>
   <osmand:background>star</osmand:background>
   <osmand:color>#ffff80ff</osmand:color>
   <osmand:amenity_subtype>user_defined_other_postcode</osmand:amenity_subtype>
   <osmand:amenity_type>user_defined_other</osmand:amenity_type>
  </extensions>
 </wpt>
 <wpt lat="39.6362" lon="-105.6743">
  <ele>0.0</ele>
  <time>2024-07-12 00:00:00 UTC</time>
  <name>Lee Vining Gas Station</name>
  <desc>Gas station, the most expensive prices in the country. But they have a sewer dump station. N. 34.947116 W 119.113206&#xA;&#xA;Date verified: 2024-07-12 00:00:00 UTC&#xA;Open: Yes&#xA;&#xA;https://ioverlander.com/places/d6e6d4be-54a3-4f75-b85f-fd0d72d295e4 (network required)&#xA;</desc>
  <type>Sanitation Dump Station</type>
  <extensions>
   <osmand:icon>tourism_viewpoint</osmand:icon>
   <osmand:background>star</osmand:background>
   <osmand:color>#ffff80ff</osmand:color>
   <osmand:amenity_subtype>user_defined_other_postcode</osmand:amenity_subtype>
   <osmand:amenity_type>user_defined_other</osmand:amenity_type>
  </extensions>
 </wpt>
 <wpt lat="34.1473" lon="-110.9705">
  <ele>0.0</ele>
  <time>2024-07-12 00:00:00 UTC</time>
  <name>Goblin Valley</name>
  <desc>Dumping Station with water read check it’s for prices.&#xA;&#xA;Date verified: 2024-07-12 00:00:00 UTC&#xA;Open: Yes&#xA;&#xA;https://ioverlander.com/places/1bc92eb3-70c4-4622-b36b-d775110d0459 (network required)&#xA;</desc>
  <type>Sanitation Dump Station</type>
  <extensions>
   <osmand:icon>tourism_viewpoint</osmand:icon>
   <osmand:background>star</osmand:background>
   <osmand:color>#ffff80ff</osmand:color>
   <osmand:amenity_subtype>user_defined_other_postcode</osmand:amenity_subtype>
   <osmand:amenity_type>user_defined_other</osmand:amenity_type>
  </extensions>
 </wpt>
 <wpt lat="47.8618" lon="-120.6015">
  <ele>0.0</ele>
  <time>2024-07-12 00:00:00 UTC</time>
  <name>Colorado Welcome Centre</name>
  <desc>Free dump station and toilets &amp; showers across the street from Colorado Welcome Center. There is no pressure tap water.&#xA;&#xA;Date verified: 2024-07-12 00:00:00 UTC&#xA;Open: Yes&#xA;&#xA;https://ioverlander.com/places/c28b60b6-377c-4bb9-93db-c6002c9c805b (network required)&#xA;</desc>
  <type>Sanitation Dump Station</type>
  <extensions>
   <osmand:icon>tourism_viewpoint</osmand:icon>
   <osmand:background>star</osmand:background>
   <osmand:color>#ffff80ff</osmand:color>
   <osmand:amenity_subtype>user_defined_other_postcode</osmand:amenity_subtype>
   <osmand:amenity_type>user_defined_other</osmand:amenity_type>
  </extensions>
 </wpt>
 <wpt lat="27.7878" lon="-81.3618">
  <ele>0.0</ele>
  <time>2024-07-12 00:00:00 UTC</time>
  <name>Harris Beach campground and rest area</name>
  <desc>Only Day Use. Permit/fee area now. Not a rest area.&#xA;&#xA;Date verified: 2024-07-12 00:00:00 UTC&#xA;Open: Yes&#xA;&#xA;https://ioverlander.com/places/d1b50781-e36b-4202-87db-4fefcd351bb2 (network required)&#xA;</desc>
  <type>Sanitation Dump Station</type>
  <extensions>
   <osmand:icon>tourism_viewpoint</osmand:icon>
   <osmand:background>star</osmand:background>
   <osmand:color>#ffff80ff</osmand:color>
   <osmand:amenity_subtype>user_defined_other_postcode</osmand:amenity_subtype>
   <osmand:amenity_type>user_defined_other</osmand:amenity_type>
  </extensions>
 </wpt>
 <wpt lat="43.2112" lon="-107.1209">
  <ele>0.0</ele>
  <time>2024-07-12 00:00:00 UTC</time>
  <name>Chevron Dump Station</name>
  <desc>Is now 10$, open 24/7, non potable water available, free if you refill gasoline&#xA;&#xA;Date verified: 2024-07-12 00:00:00 UTC&#xA;Open: Yes&#xA;&#xA;https://ioverlander.com/places/5061022a-03a9-4842-b8de-51cd9d8c10a0 (network required)&#xA;</desc>
  <type>Sanitation Dump Station</type>
  <extensions>
   <osmand:icon>tourism_viewpoint</osmand:icon>
   <osmand:background>star</osmand:background>
   <osmand:color>#ffff80ff</osmand:color>
   <osmand:amenity_subtype>user_defined_other_postcode</osmand:amenity_subtype>
   <osmand:amenity_type>user_defined_other</osmand:amenity_type>
  </extensions>
 </wpt>
 <wpt lat="47.0273" lon="-110.1778">
  <ele>0.0</ele>
  <time>2024-07-12 00:00:00 UTC</time>
  <name>Welcome Center Colorado, Fruita</name>
  <desc>Exactly as described. Dump station with 2 bays and 4 spigot 2 of potable, 2 for cleaning. (Positioned a little too close together, tho.)&#xA;&#xA;One potable spigot was not usable as threads had been stripped.&#xA;&#xA;Some visitor left an unsanitary mess in the dump bay.&#xA;&#xA;Very generous of Colorado to sponsor this service for travelers.&#xA;&#xA;Date verified: 2024-07-12 00:00:00 UTC&#xA;Open: Yes&#xA;&#xA;https://ioverlander.com/places/b11adfa0-25b7-44d5-9a1d-e40ad698fcb6 (network required)&#xA;</desc>
  <type>Sanitation Dump Station</type>
  <extensions>
   <osmand:icon>tourism_viewpoint</osmand:icon>
   <osmand:background>star</osmand:background>
   <osmand:color>#ffff80ff</osmand:color>
   <osmand:amenity_subtype>user_defined_other_postcode</osmand:amenity_subtype>
   <osmand:amenity_type>user_defined_other</osmand:amenity_type>
  </extensions>
 </wpt>
 <wpt lat="38.9625" lon="-116.2192">
  <ele>0.0</ele>
  <time>2024-07-12 00:00:00 UTC</time>
  <name>Lees Ferry</name>
  <desc>Potable Water &amp; Dump free even it says &#34;for campground users only&#34;.&#xA;Seasonal closures.&#xA;&#xA;Date verified: 2024-07-12 00:00:00 UTC&#xA;Open: Yes&#xA;&#xA;https://ioverlander.com/places/002f2962-3197-4b21-af8e-7dd38830b077 (network required)&#xA;</desc>
  <type>Sanitation Dump Station</type>
  <extensions>
   <osmand:icon>tourism_viewpoint</osmand:icon>
   <osmand:background>star</osmand:background>
   <osmand:color>#ffff80ff</osmand:color>
   <osmand:amenity_subtype>user_defined_other_postcode</osmand:amenity_subtype>
   <osmand:amenity_type>user_defined_other</osmand:amenity_type>
  </extensions>
 </wpt>
 <wpt lat="44.2404" lon="-114.5264">
  <ele>0.0</ele>
  <time>2024-07-12 00:00:00 UTC</time>
  <name>Veterans Memorial Park</name>
  <desc>Next to the campground, at the public restrooms, you can find a dump station and potable water.&#xA;&#xA;Date verified: 2024-07-12 00:00:00 UTC&#xA;Open: Yes&#xA;&#xA;https://ioverlander.com/places/1b895b3e-dcf7-4785-9371-9a11383fb44b (network required)&#xA;</desc>
  <type>Sanitation Dump Station</type>
  <extensions>
   <osmand:icon>tourism_viewpoint</osmand:icon>
   <osmand:background>star</osmand:background>
   <osmand:color>#ffff80ff</osmand:color>
   <osmand:amenity_subtype>user_defined_other_postcode</osmand:amenity_subtype>
   <osmand:amenity_type>user_defined_other</osmand:amenity_type>
  </extensions>
 </wpt>
 <wpt lat="34.7044" lon="-105.6391">
  <ele>0.0</ele>
  <time>2024-07-12 00:00:00 UTC</time>
  <name>Mississippi Welcome Center</name>
  <desc>Dump station located in rear. Also had designated pet area for walking. Potable water available.&#xA;&#xA;Date verified: 2024-07-12 00:00:00 UTC&#xA;Open: Yes&#xA;&#xA;https://ioverlander.com/places/fc0bad20-bb6b-4600-836a-301370378b37 (network required)&#xA;</desc>
  <type>Sanitation Dump Station</type>
  <extensions>
   <osmand:icon>tourism_viewpoint</osmand:icon>
   <osmand:background>star</osmand:background>
   <osmand:color>#ffff80ff</osmand:color>
   <osmand:amenity_subtype>user_defined_other_postcode</osmand:amenity_subtype>
   <osmand:amenity_type>user_defined_other</osmand:amenity_type>
  </extensions>
 </wpt>
 <wpt lat="36.9751" lon="-119.1715">
  <ele>0.0</ele>
  <time>2024-07-12 00:00:00 UTC</time>
  <name>State Trailer RV &amp; Outdoor Supply</name>
  <desc>FREE dump in the back Mon-Sat 9-5:15&#xA;Propane $3.19/gallon Mon-Sat 9-5:15&#xA;&#xA;RV superstore&#xA;No overnight stays&#xA;&#xA;Closed Sundays&#xA;&#xA;Date verified: 2024-07-12 00:00:00 UTC&#xA;Open: Yes&#xA;&#xA;https://ioverlander.com/places/e6c0268e-bc47-4ed5-a1b7-e75c4e70c6c8 (network required)&#xA;</desc>
  <type>Sanitation Dump Station</type>
  <extensions>
   <osmand:icon>tourism_viewpoint</osmand:icon>
   <osmand:background>star</osmand:background>
   <osmand:color>#ffff80ff</osmand:color>
   <osmand:amenity_subtype>user_defined_other_postcode</osmand:amenity_subtype>
   <osmand:amenity_type>user_defined_other</osmand:amenity_type>
  </extensions>
 </wpt>
 <wpt lat="32.1777" lon="-99.64">
  <ele>0.0</ele>
  <time>2024-07-12 00:00:00 UTC</time>
  <name>Texaco Hurricane</name>
  <desc>Texaco gas station has dump facilities, with potable water. Looks to be free. Large space, suitable for big rigs. It’s next to the air pump.&#xA;&#xA;Date verified: 2024-07-12 00:00:00 UTC&#xA;Open: Yes&#xA;&#xA;https://ioverlander.com/places/7f829ffd-ec79-43cb-a9a4-e05995338bcd (network required)&#xA;</desc>
  <type>Sanitation Dump Station</type>
  <extensions>
   <osmand:icon>tourism_viewpoint</osmand:icon>
   <osmand:background>star</osmand:background>
   <osmand:color>#ffff80ff</osmand:color>
   <osmand:amenity_subtype>user_defined_other_postcode</osmand:amenity_subtype>
   <osmand:amenity_type>user_defined_other</osmand:amenity_type>
  </extensions>
 </wpt>
 <wpt lat="44.0255" lon="-120.277">
  <ele>0.0</ele>
  <time>2024-07-12 00:00:00 UTC</time>
  <name>Hood River Dump Station</name>
  <desc>Dump Station and potable water $10,- dump &amp; fill fee.&#xA;Non-Potable water at the dump station, and potable water at a tap forward of the dump station.&#xA;&#xA;Date verified: 2024-07-12 00:00:00 UTC&#xA;Open: Yes&#xA;&#xA;https://ioverlander.com/places/919621a2-3fd4-41c1-8331-f2ef934cbdf4 (network required)&#xA;</desc>
  <type>Sanitation Dump Station</type>
  <extensions>
   <osmand:icon>tourism_viewpoint</osmand:icon>
   <osmand:background>star</osmand:background>
   <osmand:color>#ffff80ff</osmand:color>
   <osmand:amenity_subtype>user_defined_other_postcode</osmand:amenity_subtype>
   <osmand:amenity_type>user_defined_other</osmand:amenity_type>
  </extensions>
 </wpt>
 <wpt lat="39.5547" lon="-110.8011">
  <ele>0.0</ele>
  <time>2024-07-12 00:00:00 UTC</time>
  <name>Humbug Mountain State Park (Dump Station)</name>
  <desc>Dump Station and potable water. free.&#xA;&#xA;It&#39;s also a campground next to it:&#xA;-22$ with electricity&#xA;-17$ without electricity&#xA;-2$ only shower&#xA;&#xA;If you like hiking, next to it is the Humbug Mountain Trail. Very nice forest and nice view. 5km, 600m height difference.&#xA;&#xA;Date verified: 2024-07-12 00:00:00 UTC&#xA;Open: Yes&#xA;&#xA;https://ioverlander.com/places/afdc2cb7-5808-4b81-8741-486abd68ab1c (network required)&#xA;</desc>
  <type>Sanitation Dump Station</type>
  <extensions>
   <osmand:icon>tourism_viewpoint</osmand:icon>
   <osmand:background>star</osmand:background>
   <osmand:color>#ffff80ff</osmand:color>
   <osmand:amenity_subtype>user_defined_other_postcode</osmand:amenity_subtype>
   <osmand:amenity_type>user_defined_other</osmand:amenity_type>
  </extensions>
 </wpt>
 <wpt lat="39.7961" lon="-105.4741">
  <ele>0.0</ele>
  <time>2024-07-12 00:00:00 UTC</time>
  <name>Blanding RV Park</name>
  <desc>Pay at 7-11 located at the Exxon station next door $10 to dump, $5 per 50 gallons of water.&#xA;&#xA;Date verified: 2024-07-12 00:00:00 UTC&#xA;Open: Yes&#xA;&#xA;https://ioverlander.com/places/d86c5ec7-4fee-4fda-853c-2f5df234ac6a (network required)&#xA;</desc>
  <type>Sanitation Dump Station</type>
  <extensions>
   <osmand:icon>tourism_viewpoint</osmand:icon>
   <osmand:background>star</osmand:background>
   <osmand:color>#ffff80ff</osmand:color>
   <osmand:amenity_subtype>user_defined_other_postcode</osmand:amenity_subtype>
   <osmand:amenity_type>user_defined_other</osmand:amenity_type>
  </extensions>
 </wpt>
 <wpt lat="34.3072" lon="-110.7703">
  <ele>0.0</ele>
  <time>2024-07-12 00:00:00 UTC</time>
  <name>Maverick Fuel</name>
  <desc>Clean and easy for a free dump and potable water (at pump 22); non-potable water at dump station. Located on south side of the gas station.&#xA;&#xA;Date verified: 2024-07-12 00:00:00 UTC&#xA;Open: Yes&#xA;&#xA;https://ioverlander.com/places/41ad07db-fd9b-4bf4-b4d6-8430885b63a3 (network required)&#xA;</desc>
  <type>Sanitation Dump Station</type>
  <extensions>
   <osmand:icon>tourism_viewpoint</osmand:icon>
   <osmand:background>star</osmand:background>
   <osmand:color>#ffff80ff</osmand:color>
   <osmand:amenity_subtype>user_defined_other_postcode</osmand:amenity_subtype>
   <osmand:amenity_type>user_defined_other</osmand:amenity_type>
  </extensions>
 </wpt>
 <wpt lat="48.0217" lon="-120.4013">
  <ele>0.0</ele>
  <time>2024-07-12 00:00:00 UTC</time>
  <name>Old Isabella Rd. Recreation Site</name>
  <desc>$20 sani dump located just outside the day use fee area. Accepts credit cards only. This is part of the SaniStarDump.com network. We didn&#39;t use it, but marking it here for others since it wasn&#39;t listed for some reason.&#xA;&#xA;Date verified: 2024-07-12 00:00:00 UTC&#xA;Open: Yes&#xA;&#xA;https://ioverlander.com/places/73d64ab7-9131-4c79-ab50-208763b0b0b4 (network required)&#xA;</desc>
  <type>Sanitation Dump Station</type>
  <extensions>
   <osmand:icon>tourism_viewpoint</osmand:icon>
   <osmand:background>star</osmand:background>
   <osmand:color>#ffff80ff</osmand:color>
   <osmand:amenity_subtype>user_defined_other_postcode</osmand:amenity_subtype>
   <osmand:amenity_type>user_defined_other</osmand:amenity_type>
  </extensions>
 </wpt>
 <wpt lat="27.9477" lon="-81.1616">
  <ele>0.0</ele>
  <time>2024-07-12 00:00:00 UTC</time>
  <name>No Man&#39;s Land Regional Park</name>
  <desc>Free dump station with potable water located in a county park.&#xA;&#xA;Lift the metal lid. The yellow non-potable spigot is connected to the dump well and rinses it. There is no water to rinse your tank hoses. To the left of the dump is a blue spigot, (assuming potable) with very strong pressure.&#xA;&#xA;Date verified: 2024-07-12 00:00:00 UTC&#xA;Open: Yes&#xA;&#xA;https://ioverlander.com/places/75636933-1b65-4e1e-a2bf-90fb287792f5 (network required)&#xA;</desc>
  <type>Sanitation Dump Station</type>
  <extensions>
   <osmand:icon>tourism_viewpoint</osmand:icon>
   <osmand:background>star</osmand:background>
   <osmand:color>#ffff80ff</osmand:color>
   <osmand:amenity_subtype>user_defined_other_postcode</osmand:amenity_subtype>
   <osmand:amenity_type>user_defined_other</osmand:amenity_type>
  </extensions>
 </wpt>
 <wpt lat="43.3711" lon="-106.9207">
  <ele>0.0</ele>
  <time>2024-07-12 00:00:00 UTC</time>
  <name>NP Dump and Water free</name>
  <desc>Dump and Water for free next to the campground&#xA;&#xA;Date verified: 2024-07-12 00:00:00 UTC&#xA;Open: Yes&#xA;&#xA;https://ioverlander.com/places/a0bf97f9-9ce2-443e-8555-228d0c99b0dd (network required)&#xA;</desc>
  <type>Sanitation Dump Station</type>
  <extensions>
   <osmand:icon>tourism_viewpoint</osmand:icon>
   <osmand:background>star</osmand:background>
   <osmand:color>#ffff80ff</osmand:color>
   <osmand:amenity_subtype>user_defined_other_postcode</osmand:amenity_subtype>
   <osmand:amenity_type>user_defined_other</osmand:amenity_type>
  </extensions>
 </wpt>
 <wpt lat="47.1872" lon="-109.9776">
  <ele>0.0</ele>
  <time>2024-07-12 00:00:00 UTC</time>
  <name>Salt Wells (Close to Fallon / Sand Mountains)</name>
  <desc>Dumping station in the middle of the desert $15. The non-potable was out of order.&#xA;&#xA;Date verified: 2024-07-12 00:00:00 UTC&#xA;Open: Yes&#xA;&#xA;https://ioverlander.com/places/3192384a-5817-4ba6-961e-fe5e51753b99 (network required)&#xA;</desc>
  <type>Sanitation Dump Station</type>
  <extensions>
   <osmand:icon>tourism_viewpoint</osmand:icon>
   <osmand:background>star</osmand:background>
   <osmand:color>#ffff80ff</osmand:color>
   <osmand:amenity_subtype>user_defined_other_postcode</osmand:amenity_subtype>
   <osmand:amenity_type>user_defined_other</osmand:amenity_type>
  </extensions>
 </wpt>
 <wpt lat="39.1224" lon="-116.019">
  <ele>0.0</ele>
  <time>2024-07-12 00:00:00 UTC</time>
  <name>Roseville Automall Chevron</name>
  <desc>Water &amp; dump, Is now $10.00 flat fee with or without fueling and fuel is more expensive than other stations.&#xA;&#xA;Date verified: 2024-07-12 00:00:00 UTC&#xA;Open: Yes&#xA;&#xA;https://ioverlander.com/places/6be9cee9-d392-4cf3-8cba-8c0e10674018 (network required)&#xA;</desc>
  <type>Sanitation Dump Station</type>
  <extensions>
   <osmand:icon>tourism_viewpoint</osmand:icon>
   <osmand:background>star</osmand:background>
   <osmand:color>#ffff80ff</osmand:color>
   <osmand:amenity_subtype>user_defined_other_postcode</osmand:amenity_subtype>
   <osmand:amenity_type>user_defined_other</osmand:amenity_type>
  </extensions>
 </wpt>
 <wpt lat="44.4003" lon="-114.3262">
  <ele>0.0</ele>
  <time>2024-07-12 00:00:00 UTC</time>
  <name>Colter Bay Campground</name>
  <desc>RV dump available for non-guests for $10, have to pay in the office first.&#xA;&#xA;At the General Store (500m away from campground) there are also showers, laundry and free WiFi. Electricity at laundry and drinking water tap outside to fill water containers. $38 per night.&#xA;&#xA;Date verified: 2024-07-12 00:00:00 UTC&#xA;Open: Yes&#xA;&#xA;https://ioverlander.com/places/3b4673c2-28a8-4642-ab67-4ecd4b80ef93 (network required)&#xA;</desc>
  <type>Sanitation Dump Station</type>
  <extensions>
   <osmand:icon>tourism_viewpoint</osmand:icon>
   <osmand:background>star</osmand:background>
   <osmand:color>#ffff80ff</osmand:color>
   <osmand:amenity_subtype>user_defined_other_postcode</osmand:amenity_subtype>
   <osmand:amenity_type>user_defined_other</osmand:amenity_type>
  </extensions>
 </wpt>
 <wpt lat="34.8643" lon="-105.4389">
  <ele>0.0</ele>
  <time>2024-07-12 00:00:00 UTC</time>
  <name>Rest Area</name>
  <desc>This is a rest area with bathrooms and a dump station. Also potable water to fill your tank up!&#xA;Water fountains and fill-up spout are taped off! Nov 2020&#xA;&#xA;Date verified: 2024-07-12 00:00:00 UTC&#xA;Open: Yes&#xA;&#xA;https://ioverlander.com/places/242a4833-f3fa-48f1-b5fa-57532a286217 (network required)&#xA;</desc>
  <type>Sanitation Dump Station</type>
  <extensions>
   <osmand:icon>tourism_viewpoint</osmand:icon>
   <osmand:background>star</osmand:background>
   <osmand:color>#ffff80ff</osmand:color>
   <osmand:amenity_subtype>user_defined_other_postcode</osmand:amenity_subtype>
   <osmand:amenity_type>user_defined_other</osmand:amenity_type>
  </extensions>
 </wpt>
 <wpt lat="37.135" lon="-118.9713">
  <ele>0.0</ele>
  <time>2024-07-12 00:00:00 UTC</time>
  <name>Death Valley Visitor Centre</name>
  <desc>Dump station and free potable water to fill in front of the Death Valley visitor center.&#xA;&#xA;Date verified: 2024-07-12 00:00:00 UTC&#xA;Open: Yes&#xA;&#xA;https://ioverlander.com/places/06d07e43-c998-417b-a099-78d9f33179ae (network required)&#xA;</desc>
  <type>Sanitation Dump Station</type>
  <extensions>
   <osmand:icon>tourism_viewpoint</osmand:icon>
   <osmand:background>star</osmand:background>
   <osmand:color>#ffff80ff</osmand:color>
   <osmand:amenity_subtype>user_defined_other_postcode</osmand:amenity_subtype>
   <osmand:amenity_type>user_defined_other</osmand:amenity_type>
  </extensions>
 </wpt>
 <wpt lat="31.9686" lon="-99.9018">
  <ele>0.0</ele>
  <time>2024-07-12 00:00:00 UTC</time>
  <name>Hi Country Market &amp; Hardware</name>
  <desc>This little market has groceries, prepared food, and even a well provisioned hardware section with fuses and basic RV and automotive parts.&#xA;&#xA;This location is also a Chevron gas station and the owners run the attached bristecone motel and adjacent laundromat.&#xA;&#xA;Date verified: 2024-07-12 00:00:00 UTC&#xA;Open: Yes&#xA;&#xA;https://ioverlander.com/places/c29f8404-5a85-43ab-8b54-c8f40d976890 (network required)&#xA;</desc>
  <type>Shopping</type>
  <extensions>
   <osmand:icon>shop_supermarket</osmand:icon>
   <osmand:background>circle</osmand:background>
   <osmand:color>#339933</osmand:color>
   <osmand:amenity_subtype>user_defined_other_postcode</osmand:amenity_subtype>
   <osmand:amenity_type>user_defined_other</osmand:amenity_type>
  </extensions>
 </wpt>
 <wpt lat="43.8164" lon="-120.5388">
  <ele>0.0</ele>
  <time>2024-07-12 00:00:00 UTC</time>
  <name>Lincoln Hardware</name>
  <desc>Very complete hardware store!&#xA;We needed to do some work in our van and we found everything here.&#xA;&#xA;Date verified: 2024-07-12 00:00:00 UTC&#xA;Open: Yes&#xA;&#xA;https://ioverlander.com/places/c1fdc7b4-402b-4824-9a75-acb62e1829ef (network required)&#xA;</desc>
  <type>Shopping</type>
  <extensions>
   <osmand:icon>shop_supermarket</osmand:icon>
   <osmand:background>circle</osmand:background>
   <osmand:color>#339933</osmand:color>
   <osmand:amenity_subtype>user_defined_other_postcode</osmand:amenity_subtype>
   <osmand:amenity_type>user_defined_other</osmand:amenity_type>
  </extensions>
 </wpt>
 <wpt lat="39.3456" lon="-111.0629">
  <ele>0.0</ele>
  <time>2024-07-12 00:00:00 UTC</time>
  <name>Blue Ridge Overland Gear</name>
  <desc>The Blue Ridge Overland Gear production facility and shop in Bedford, Virginia. Meet the BROG team, do a quick tour and check out our gear in real-time and see where all the action happens! We&#39;re in a brown metal building. When you get to the loop at the end of the driveway, just turn right and you&#39;ll see us. Parking is in front and in back of the brown metal building.&#xA;&#xA;Store Hours: Monday to Friday (9 am - 5 pm)&#xA;&#xA;www.BlueRidgeOverlandGear.com&#xA;&#xA;We have free camping on-site and off-site overflow camping on Private Land available for anyone that has stopped into our store and received verbal permission to camp. If after store hours and you cannot get a hold of anyone here, Peaks of Otter Campground is 9miles to the NW of Bedford, VA just off of the Blue Ridge Parkway and costs $20/night.&#xA;&#xA;While you&#39;re in town check out all that Bedford and the surrounding area has to offer - including restaurants, wineries, breweries, hiking, camping, and outdoor adventuring of all kinds. Setup base camp at the Peaks of Otter, do some day hiking on the Appalachian Trial or other local hikes, go deep into the Washington and Jefferson National Forests, and go exploring along the breathtaking Blue Ridge Parkway.&#xA;&#xA;Date verified: 2024-07-12 00:00:00 UTC&#xA;Open: Yes&#xA;&#xA;https://ioverlander.com/places/c1425d2f-5458-4b4d-acfb-1c045c8460f5 (network required)&#xA;</desc>
  <type>Shopping</type>
  <extensions>
   <osmand:icon>shop_supermarket</osmand:icon>
   <osmand:background>circle</osmand:background>
   <osmand:color>#339933</osmand:color>
   <osmand:amenity_subtype>user_defined_other_postcode</osmand:amenity_subtype>
   <osmand:amenity_type>user_defined_other</osmand:amenity_type>
  </extensions>
 </wpt>
 <wpt lat="39.587" lon="-105.7359">
  <ele>0.0</ele>
  <time>2024-07-12 00:00:00 UTC</time>
  <name>Market Basket</name>
  <desc>One of the best Grocery store chains in New England. Good food resupply if you are in the area. Cheap too.&#xA;&#xA;Date verified: 2024-07-12 00:00:00 UTC&#xA;Open: Yes&#xA;&#xA;https://ioverlander.com/places/3a3802ed-c2d1-4878-8f11-bf3bd400df98 (network required)&#xA;</desc>
  <type>Shopping</type>
  <extensions>
   <osmand:icon>shop_supermarket</osmand:icon>
   <osmand:background>circle</osmand:background>
   <osmand:color>#339933</osmand:color>
   <osmand:amenity_subtype>user_defined_other_postcode</osmand:amenity_subtype>
   <osmand:amenity_type>user_defined_other</osmand:amenity_type>
  </extensions>
 </wpt>
 <wpt lat="34.0981" lon="-111.0321">
  <ele>0.0</ele>
  <time>2024-07-12 00:00:00 UTC</time>
  <name>Marathon French Supermarket</name>
  <desc>Small with fast WiFi + unusual foreign products too.&#xA;&#xA;Date verified: 2024-07-12 00:00:00 UTC&#xA;Open: Yes&#xA;&#xA;https://ioverlander.com/places/e5175858-69b2-4477-af2c-4deeacf118c4 (network required)&#xA;</desc>
  <type>Shopping</type>
  <extensions>
   <osmand:icon>shop_supermarket</osmand:icon>
   <osmand:background>circle</osmand:background>
   <osmand:color>#339933</osmand:color>
   <osmand:amenity_subtype>user_defined_other_postcode</osmand:amenity_subtype>
   <osmand:amenity_type>user_defined_other</osmand:amenity_type>
  </extensions>
 </wpt>
 <wpt lat="47.8126" lon="-120.6631">
  <ele>0.0</ele>
  <time>2024-07-12 00:00:00 UTC</time>
  <name>Walasi-Yi</name>
  <desc>This is a store and rest location on the Appalachian Trail near where it crosses US29 at Neels Gap. It is at the approach of Blood Mountain. It will be the closest store in a wilderness area that has many unimproved campsites. Cellphone services is typically available due to the elevation.&#xA;&#xA;The store has camping and hiking equipment, outdoor clothing, books, maps, snacks, prepared frozen foods, and other supplies.&#xA;&#xA;Date verified: 2024-07-12 00:00:00 UTC&#xA;Open: Yes&#xA;&#xA;https://ioverlander.com/places/e8e45d3d-2ecb-435a-8b88-ad4921fb68ba (network required)&#xA;</desc>
  <type>Shopping</type>
  <extensions>
   <osmand:icon>shop_supermarket</osmand:icon>
   <osmand:background>circle</osmand:background>
   <osmand:color>#339933</osmand:color>
   <osmand:amenity_subtype>user_defined_other_postcode</osmand:amenity_subtype>
   <osmand:amenity_type>user_defined_other</osmand:amenity_type>
  </extensions>
 </wpt>
 <wpt lat="27.7386" lon="-81.4234">
  <ele>0.0</ele>
  <time>2024-07-12 00:00:00 UTC</time>
  <name>Walmart Milwaukee</name>
  <desc>Walmart parking lot.&#xA;Ask to the customer service to check in.&#xA;To be sure to don’t have trouble, park on the left side of the parking lot (when you are facing the Walmart) with the trucks.&#xA;The Walmart is open 24/24 so you can have access to the restroom.&#xA;&#xA;Date verified: 2024-07-12 00:00:00 UTC&#xA;Open: Yes&#xA;&#xA;https://ioverlander.com/places/6b5627ae-8c0f-4c6f-b5d6-1946debea228 (network required)&#xA;</desc>
  <type>Shopping</type>
  <extensions>
   <osmand:icon>shop_supermarket</osmand:icon>
   <osmand:background>circle</osmand:background>
   <osmand:color>#339933</osmand:color>
   <osmand:amenity_subtype>user_defined_other_postcode</osmand:amenity_subtype>
   <osmand:amenity_type>user_defined_other</osmand:amenity_type>
  </extensions>
 </wpt>
 <wpt lat="43.162" lon="-107.1825">
  <ele>0.0</ele>
  <time>2024-07-12 00:00:00 UTC</time>
  <name>Grocery, Whittier, Alaska</name>
  <desc>Medium size grocery, all the usual stuff for a small town. The building also houses the museum which is excellent ($5). There is also a hardware store near the ferry terminal, a hotel, and another grocery reported to be in the big high rise building (I didn’t check it out).&#xA;&#xA;Date verified: 2024-07-12 00:00:00 UTC&#xA;Open: Yes&#xA;&#xA;https://ioverlander.com/places/bd23765f-34ab-4be2-84b5-eff8ceb40648 (network required)&#xA;</desc>
  <type>Shopping</type>
  <extensions>
   <osmand:icon>shop_supermarket</osmand:icon>
   <osmand:background>circle</osmand:background>
   <osmand:color>#339933</osmand:color>
   <osmand:amenity_subtype>user_defined_other_postcode</osmand:amenity_subtype>
   <osmand:amenity_type>user_defined_other</osmand:amenity_type>
  </extensions>
 </wpt>
 <wpt lat="46.9781" lon="-110.2394">
  <ele>0.0</ele>
  <time>2024-07-12 00:00:00 UTC</time>
  <name>Bellville Meat Market</name>
  <desc>Seriously the best Texas meat you can get. The place is an institution. Make the detour if cruising along I-10 for some local country hospitality and great food. Known widely for their Summer Sausage, but I can&#39;t get enough of the beef jerky. Also have hot briskett rolls and others available for lunch&#xA;&#xA;Note: We do have a family connection here but you don&#39;t just get announced as one of H.E.B.s top 25 foods in the state if you ain&#39;t any good!&#xA;&#xA;Date verified: 2024-07-12 00:00:00 UTC&#xA;Open: Yes&#xA;&#xA;https://ioverlander.com/places/23c9d0e9-d310-4436-96a9-23e9ab413e81 (network required)&#xA;</desc>
  <type>Shopping</type>
  <extensions>
   <osmand:icon>shop_supermarket</osmand:icon>
   <osmand:background>circle</osmand:background>
   <osmand:color>#339933</osmand:color>
   <osmand:amenity_subtype>user_defined_other_postcode</osmand:amenity_subtype>
   <osmand:amenity_type>user_defined_other</osmand:amenity_type>
  </extensions>
 </wpt>
 <wpt lat="38.9133" lon="-116.2808">
  <ele>0.0</ele>
  <time>2024-07-12 00:00:00 UTC</time>
  <name>Fresh donuts!!!</name>
  <desc>Awesome little bakery to take a break at. THE BEST donut you will ever have. The super nice baker told us she makes them throughout the day (we had warm ones). Can&#39;t remember exactly how much they were but definitely no more than $1.50/2 and they are large.&#xA;&#xA;Price is 2$/ donut&#xA;&#xA;Date verified: 2024-07-12 00:00:00 UTC&#xA;Open: Yes&#xA;&#xA;https://ioverlander.com/places/c12c4be7-bf93-4ec7-b4bc-92053fa8a5ac (network required)&#xA;</desc>
  <type>Shopping</type>
  <extensions>
   <osmand:icon>shop_supermarket</osmand:icon>
   <osmand:background>circle</osmand:background>
   <osmand:color>#339933</osmand:color>
   <osmand:amenity_subtype>user_defined_other_postcode</osmand:amenity_subtype>
   <osmand:amenity_type>user_defined_other</osmand:amenity_type>
  </extensions>
 </wpt>
 <wpt lat="44.1912" lon="-114.588">
  <ele>0.0</ele>
  <time>2024-07-12 00:00:00 UTC</time>
  <name>Awesome Russian Shop</name>
  <desc>Russian Shop with european specialities. Awesome sausages, bread, groceries, vegetables, etc.&#xA;&#xA;Date verified: 2024-07-12 00:00:00 UTC&#xA;Open: Yes&#xA;&#xA;https://ioverlander.com/places/95c8d63c-b82a-4af8-bb82-cc761f18bb31 (network required)&#xA;</desc>
  <type>Shopping</type>
  <extensions>
   <osmand:icon>shop_supermarket</osmand:icon>
   <osmand:background>circle</osmand:background>
   <osmand:color>#339933</osmand:color>
   <osmand:amenity_subtype>user_defined_other_postcode</osmand:amenity_subtype>
   <osmand:amenity_type>user_defined_other</osmand:amenity_type>
  </extensions>
 </wpt>
 <wpt lat="34.6552" lon="-105.7007">
  <ele>0.0</ele>
  <time>2024-07-12 00:00:00 UTC</time>
  <name>Euro Foods and Deli</name>
  <desc>European Store, Good german-style bread, Fish, sausages and meat, chocolate&#xA;&#xA;Schwaben: SPÄTZLE!!!&#xA;&#xA;Date verified: 2024-07-12 00:00:00 UTC&#xA;Open: Yes&#xA;&#xA;https://ioverlander.com/places/aec52649-c20f-4474-96f0-66a21a81ed5f (network required)&#xA;</desc>
  <type>Shopping</type>
  <extensions>
   <osmand:icon>shop_supermarket</osmand:icon>
   <osmand:background>circle</osmand:background>
   <osmand:color>#339933</osmand:color>
   <osmand:amenity_subtype>user_defined_other_postcode</osmand:amenity_subtype>
   <osmand:amenity_type>user_defined_other</osmand:amenity_type>
  </extensions>
 </wpt>
 <wpt lat="36.9259" lon="-119.2331">
  <ele>0.0</ele>
  <time>2024-07-12 00:00:00 UTC</time>
  <name>Mama&#39;s Garden Stand &amp; Beef</name>
  <desc>Lots of different locally grown vegetables and fruit. Quite the variety! It was a great place to stock up for camping. Farm fresh eggs, too. Cash or check only. No cards.&#xA;&#xA;Beef sales are only open on Friday 3-7pm &amp; Saturdays 10am-2pm.&#xA;&#xA;They have a sandbox and dumptruck-style toys for kids, if you need a break from driving.&#xA;&#xA;Date verified: 2024-07-12 00:00:00 UTC&#xA;Open: Yes&#xA;&#xA;https://ioverlander.com/places/b3ea3de0-6bf7-49d1-8653-98790fa794ca (network required)&#xA;</desc>
  <type>Shopping</type>
  <extensions>
   <osmand:icon>shop_supermarket</osmand:icon>
   <osmand:background>circle</osmand:background>
   <osmand:color>#339933</osmand:color>
   <osmand:amenity_subtype>user_defined_other_postcode</osmand:amenity_subtype>
   <osmand:amenity_type>user_defined_other</osmand:amenity_type>
  </extensions>
 </wpt>
 <wpt lat="32.1285" lon="-99.7016">
  <ele>0.0</ele>
  <time>2024-07-12 00:00:00 UTC</time>
  <name>Battle Born Batteries/ Dragonfly Energy</name>
  <desc>Lithium batteries drop-in style for easy replacement of agm batteries. Made in Reno! The owners are very nice guys, great customer service.&#xA;&#xA;Date verified: 2024-07-12 00:00:00 UTC&#xA;Open: Yes&#xA;&#xA;https://ioverlander.com/places/b170f9a8-e388-4338-86a5-1915b96378b8 (network required)&#xA;</desc>
  <type>Shopping</type>
  <extensions>
   <osmand:icon>shop_supermarket</osmand:icon>
   <osmand:background>circle</osmand:background>
   <osmand:color>#339933</osmand:color>
   <osmand:amenity_subtype>user_defined_other_postcode</osmand:amenity_subtype>
   <osmand:amenity_type>user_defined_other</osmand:amenity_type>
  </extensions>
 </wpt>
 <wpt lat="43.9763" lon="-120.3386">
  <ele>0.0</ele>
  <time>2024-07-12 00:00:00 UTC</time>
  <name>MailStation</name>
  <desc>Amazingly helpful guy who can accept packages and hold them for you!&#xA;&#xA;Great for last minute amazon orders before México.&#xA;&#xA;Just email him first to set you up for an account and it’s something pathetically small like $1/package. Legend&#xA;&#xA;http://www.missionhillsmailstation.com/&#xA;&#xA;Date verified: 2024-07-12 00:00:00 UTC&#xA;Open: Yes&#xA;&#xA;https://ioverlander.com/places/02a158d2-bba4-4665-8a31-950f47727c18 (network required)&#xA;</desc>
  <type>Shopping</type>
  <extensions>
   <osmand:icon>shop_supermarket</osmand:icon>
   <osmand:background>circle</osmand:background>
   <osmand:color>#339933</osmand:color>
   <osmand:amenity_subtype>user_defined_other_postcode</osmand:amenity_subtype>
   <osmand:amenity_type>user_defined_other</osmand:amenity_type>
  </extensions>
 </wpt>
 <wpt lat="39.5055" lon="-110.8627">
  <ele>0.0</ele>
  <time>2024-07-12 00:00:00 UTC</time>
  <name>the computer doctor</name>
  <desc>excellent and honest computer repairs in Del Rio, can call ahead and get the right parts ordered if necessary, process went very smoothly&#xA;&#xA;Date verified: 2024-07-12 00:00:00 UTC&#xA;Open: Yes&#xA;&#xA;https://ioverlander.com/places/9ad9388c-ad43-43d4-83da-46f483c34c0f (network required)&#xA;</desc>
  <type>Shopping</type>
  <extensions>
   <osmand:icon>shop_supermarket</osmand:icon>
   <osmand:background>circle</osmand:background>
   <osmand:color>#339933</osmand:color>
   <osmand:amenity_subtype>user_defined_other_postcode</osmand:amenity_subtype>
   <osmand:amenity_type>user_defined_other</osmand:amenity_type>
  </extensions>
 </wpt>
 <wpt lat="39.7469" lon="-105.5357">
  <ele>0.0</ele>
  <time>2024-07-12 00:00:00 UTC</time>
  <name>Fields Station</name>
  <desc>General store. food. pit toilets . gas, diesel and propane. RV pump out and water. ($19).&#xA;&#xA;Date verified: 2024-07-12 00:00:00 UTC&#xA;Open: Yes&#xA;&#xA;https://ioverlander.com/places/b5302c65-bafd-4c56-bfe2-2aa98ff7b62b (network required)&#xA;</desc>
  <type>Shopping</type>
  <extensions>
   <osmand:icon>shop_supermarket</osmand:icon>
   <osmand:background>circle</osmand:background>
   <osmand:color>#339933</osmand:color>
   <osmand:amenity_subtype>user_defined_other_postcode</osmand:amenity_subtype>
   <osmand:amenity_type>user_defined_other</osmand:amenity_type>
  </extensions>
 </wpt>
 <wpt lat="34.258" lon="-110.8319">
  <ele>0.0</ele>
  <time>2024-07-12 00:00:00 UTC</time>
  <name>Don José Panaderia</name>
  <desc>Mexican bakery, it is worth visiting, a lot of different types of baked goods. Some limited groceries like sodas, onions, garlic.&#xA;&#xA;Water jug fill station outside that&#39;s signed for 30c per gallon, not sure if it works.&#xA;&#xA;Date verified: 2024-07-12 00:00:00 UTC&#xA;Open: Yes&#xA;&#xA;https://ioverlander.com/places/b6c77a5e-24c0-4fe5-8255-eff3b1fbb3d7 (network required)&#xA;</desc>
  <type>Shopping</type>
  <extensions>
   <osmand:icon>shop_supermarket</osmand:icon>
   <osmand:background>circle</osmand:background>
   <osmand:color>#339933</osmand:color>
   <osmand:amenity_subtype>user_defined_other_postcode</osmand:amenity_subtype>
   <osmand:amenity_type>user_defined_other</osmand:amenity_type>
  </extensions>
 </wpt>
 <wpt lat="47.9725" lon="-120.4629">
  <ele>0.0</ele>
  <time>2024-07-12 00:00:00 UTC</time>
  <name>Geraldo‘s meat market</name>
  <desc>Very nice people doing jugos naturales and sandwiches in best quality - I recommend.&#xA;&#xA;Date verified: 2024-07-12 00:00:00 UTC&#xA;Open: Yes&#xA;&#xA;https://ioverlander.com/places/35550a81-209f-4592-820a-01e23f2d331a (network required)&#xA;</desc>
  <type>Shopping</type>
  <extensions>
   <osmand:icon>shop_supermarket</osmand:icon>
   <osmand:background>circle</osmand:background>
   <osmand:color>#339933</osmand:color>
   <osmand:amenity_subtype>user_defined_other_postcode</osmand:amenity_subtype>
   <osmand:amenity_type>user_defined_other</osmand:amenity_type>
  </extensions>
 </wpt>
 <wpt lat="27.8985" lon="-81.2232">
  <ele>0.0</ele>
  <time>2024-07-12 00:00:00 UTC</time>
  <name>Molokai Livestock CoOp</name>
  <desc>Great place to get grass fed beef. Can also get venison.&#xA;&#xA;Date verified: 2024-07-12 00:00:00 UTC&#xA;Open: Yes&#xA;&#xA;https://ioverlander.com/places/6e6162fd-a7a7-43b4-8a64-97ce5ac574f5 (network required)&#xA;</desc>
  <type>Shopping</type>
  <extensions>
   <osmand:icon>shop_supermarket</osmand:icon>
   <osmand:background>circle</osmand:background>
   <osmand:color>#339933</osmand:color>
   <osmand:amenity_subtype>user_defined_other_postcode</osmand:amenity_subtype>
   <osmand:amenity_type>user_defined_other</osmand:amenity_type>
  </extensions>
 </wpt>
 <wpt lat="43.3219" lon="-106.9823">
  <ele>0.0</ele>
  <time>2024-07-12 00:00:00 UTC</time>
  <name>Glazier&#39;s Market</name>
  <desc>grocery store - meat produce bakery deli - family owned&#xA;&#xA;Date verified: 2024-07-12 00:00:00 UTC&#xA;Open: Yes&#xA;&#xA;https://ioverlander.com/places/e3ac2cc4-a22b-45a5-a679-87b760175dc9 (network required)&#xA;</desc>
  <type>Shopping</type>
  <extensions>
   <osmand:icon>shop_supermarket</osmand:icon>
   <osmand:background>circle</osmand:background>
   <osmand:color>#339933</osmand:color>
   <osmand:amenity_subtype>user_defined_other_postcode</osmand:amenity_subtype>
   <osmand:amenity_type>user_defined_other</osmand:amenity_type>
  </extensions>
 </wpt>
 <wpt lat="47.138" lon="-110.0392">
  <ele>0.0</ele>
  <time>2024-07-12 00:00:00 UTC</time>
  <name>Clark’s Supermarket</name>
  <desc>Good supermarket, plenty of fresh produce. A reverse osmosis water filter is outside, 1 gallon 35 cents, 5 gallons US$1.75&#xA;&#xA;Date verified: 2024-07-12 00:00:00 UTC&#xA;Open: Yes&#xA;&#xA;https://ioverlander.com/places/b07c501d-c97f-4a2b-bcf8-90c1c6c7a7ca (network required)&#xA;</desc>
  <type>Shopping</type>
  <extensions>
   <osmand:icon>shop_supermarket</osmand:icon>
   <osmand:background>circle</osmand:background>
   <osmand:color>#339933</osmand:color>
   <osmand:amenity_subtype>user_defined_other_postcode</osmand:amenity_subtype>
   <osmand:amenity_type>user_defined_other</osmand:amenity_type>
  </extensions>
 </wpt>
 <wpt lat="39.0732" lon="-116.0806">
  <ele>0.0</ele>
  <time>2024-07-12 00:00:00 UTC</time>
  <name>Mormon Lake Country Store</name>
  <desc>A few groceries, a few souvenirs, a little hardware, some camping supplies and some fishing tackle. Coffee and snacks too. There is a Lodge and restaurant that are seasonal. Close to The Arizona Trail.&#xA;&#xA;Date verified: 2024-07-12 00:00:00 UTC&#xA;Open: Yes&#xA;&#xA;https://ioverlander.com/places/fda0af2c-1a22-4f9e-9afe-c2d2dc64fb25 (network required)&#xA;</desc>
  <type>Shopping</type>
  <extensions>
   <osmand:icon>shop_supermarket</osmand:icon>
   <osmand:background>circle</osmand:background>
   <osmand:color>#339933</osmand:color>
   <osmand:amenity_subtype>user_defined_other_postcode</osmand:amenity_subtype>
   <osmand:amenity_type>user_defined_other</osmand:amenity_type>
  </extensions>
 </wpt>
 <wpt lat="44.3511" lon="-114.3878">
  <ele>0.0</ele>
  <time>2024-07-12 00:00:00 UTC</time>
  <name>District Bicycles</name>
  <desc>An awesome bicycle shop for all your cycling needs. Incredible off road / gravel bike supplies, shop. One stop for all your cycling needs.&#xA;&#xA;Date verified: 2024-07-12 00:00:00 UTC&#xA;Open: Yes&#xA;&#xA;https://ioverlander.com/places/d9e477a8-6583-41e1-abb1-983ca5c4acd4 (network required)&#xA;</desc>
  <type>Shopping</type>
  <extensions>
   <osmand:icon>shop_supermarket</osmand:icon>
   <osmand:background>circle</osmand:background>
   <osmand:color>#339933</osmand:color>
   <osmand:amenity_subtype>user_defined_other_postcode</osmand:amenity_subtype>
   <osmand:amenity_type>user_defined_other</osmand:amenity_type>
  </extensions>
 </wpt>
 <wpt lat="34.8151" lon="-105.5005">
  <ele>0.0</ele>
  <time>2024-07-12 00:00:00 UTC</time>
  <name>Terry’s Food &amp; Drug</name>
  <desc>A rare place to buy groceries at decent price between the Mighty Fives.&#xA;&#xA;Date verified: 2024-07-12 00:00:00 UTC&#xA;Open: Yes&#xA;&#xA;https://ioverlander.com/places/22cea4ab-9d71-43dc-a7ae-832889ba7f9c (network required)&#xA;</desc>
  <type>Shopping</type>
  <extensions>
   <osmand:icon>shop_supermarket</osmand:icon>
   <osmand:background>circle</osmand:background>
   <osmand:color>#339933</osmand:color>
   <osmand:amenity_subtype>user_defined_other_postcode</osmand:amenity_subtype>
   <osmand:amenity_type>user_defined_other</osmand:amenity_type>
  </extensions>
 </wpt>
 <wpt lat="37.0858" lon="-119.0329">
  <ele>0.0</ele>
  <time>2024-07-12 00:00:00 UTC</time>
  <name>office Max</name>
  <desc>Road map book made of paper! Took all morning to locate Great&#xA;&#xA;Date verified: 2024-07-12 00:00:00 UTC&#xA;Open: Yes&#xA;&#xA;https://ioverlander.com/places/634d6741-bbec-4a0d-8895-4190aab5cca2 (network required)&#xA;</desc>
  <type>Shopping</type>
  <extensions>
   <osmand:icon>shop_supermarket</osmand:icon>
   <osmand:background>circle</osmand:background>
   <osmand:color>#339933</osmand:color>
   <osmand:amenity_subtype>user_defined_other_postcode</osmand:amenity_subtype>
   <osmand:amenity_type>user_defined_other</osmand:amenity_type>
  </extensions>
 </wpt>
 <wpt lat="32.2884" lon="-99.5014">
  <ele>0.0</ele>
  <time>2024-07-12 00:00:00 UTC</time>
  <name>Bread alone</name>
  <desc>If you want to eat/buy a REAL bread again, this is the place to go. Dark crispy bread, French baguette and much more. And excellent coffee too. We loved it&#xA;&#xA;Date verified: 2024-07-12 00:00:00 UTC&#xA;Open: Yes&#xA;&#xA;https://ioverlander.com/places/5442ebe1-809d-4b7d-97b0-9ce42882b707 (network required)&#xA;</desc>
  <type>Shopping</type>
  <extensions>
   <osmand:icon>shop_supermarket</osmand:icon>
   <osmand:background>circle</osmand:background>
   <osmand:color>#339933</osmand:color>
   <osmand:amenity_subtype>user_defined_other_postcode</osmand:amenity_subtype>
   <osmand:amenity_type>user_defined_other</osmand:amenity_type>
  </extensions>
 </wpt>
 <wpt lat="44.1362" lon="-120.1384">
  <ele>0.0</ele>
  <time>2024-07-12 00:00:00 UTC</time>
  <name>Mission Mountains Mercantile / Sinclair Fuel</name>
  <desc>I was recommended by a local. “best sandwiches” He wasn’t kidding - this place is like a mini Whole Foods with a Deli , outside seating , fuel and ATM. No WiFi. Verizon lame. ATT LTE 1 bar. no dogs allowed on front porch, but there is a picnic table to the left of the building - nice place to have lunch&#xA;&#xA;Date verified: 2024-07-12 00:00:00 UTC&#xA;Open: Yes&#xA;&#xA;https://ioverlander.com/places/74946dcc-9a56-441b-ad5e-540fab5622c7 (network required)&#xA;</desc>
  <type>Shopping</type>
  <extensions>
   <osmand:icon>shop_supermarket</osmand:icon>
   <osmand:background>circle</osmand:background>
   <osmand:color>#339933</osmand:color>
   <osmand:amenity_subtype>user_defined_other_postcode</osmand:amenity_subtype>
   <osmand:amenity_type>user_defined_other</osmand:amenity_type>
  </extensions>
 </wpt>
 <wpt lat="39.6654" lon="-110.6625">
  <ele>0.0</ele>
  <time>2024-07-12 00:00:00 UTC</time>
  <name>General Store</name>
  <desc>Here&#39;s the general store to get some souvenirs with a wall at the front to slap your sticker on it. Now turn around and head back south.&#xA;&#xA;Date verified: 2024-07-12 00:00:00 UTC&#xA;Open: Yes&#xA;&#xA;https://ioverlander.com/places/4e6215f2-24fe-4ce3-b7c6-0b373461f7de (network required)&#xA;</desc>
  <type>Shopping</type>
  <extensions>
   <osmand:icon>shop_supermarket</osmand:icon>
   <osmand:background>circle</osmand:background>
   <osmand:color>#339933</osmand:color>
   <osmand:amenity_subtype>user_defined_other_postcode</osmand:amenity_subtype>
   <osmand:amenity_type>user_defined_other</osmand:amenity_type>
  </extensions>
 </wpt>
 <wpt lat="39.9068" lon="-105.3355">
  <ele>0.0</ele>
  <time>2024-07-12 00:00:00 UTC</time>
  <name>Haines Packing Co Wild Alaska Salmon</name>
  <desc>With a shop selling all kind of local seafood, also in season fresh offers, open 10 am to 6 pm&#xA;&#xA;Date verified: 2024-07-12 00:00:00 UTC&#xA;Open: Yes&#xA;&#xA;https://ioverlander.com/places/bc924569-8967-43d6-ae08-a3f6081f9eba (network required)&#xA;</desc>
  <type>Shopping</type>
  <extensions>
   <osmand:icon>shop_supermarket</osmand:icon>
   <osmand:background>circle</osmand:background>
   <osmand:color>#339933</osmand:color>
   <osmand:amenity_subtype>user_defined_other_postcode</osmand:amenity_subtype>
   <osmand:amenity_type>user_defined_other</osmand:amenity_type>
  </extensions>
 </wpt>
 <wpt lat="34.0489" lon="-111.0937">
  <ele>0.0</ele>
  <time>2024-07-12 00:00:00 UTC</time>
  <name>Wayne County Information Center</name>
  <desc>Gives excellent information and very nice lady!&#xA;&#xA;Date verified: 2024-07-12 00:00:00 UTC&#xA;Open: Yes&#xA;Electricity: No&#xA;Wifi: Yes&#xA;Kitchen: No&#xA;Parking: Yes&#xA;Restaurant: No&#xA;Showers: No&#xA;Water: No&#xA;Toilets: No&#xA;Big rig friendly: No&#xA;Tent friendly: No&#xA;Pet friendly: No&#xA;Sanitation dump station: No&#xA;&#xA;https://ioverlander.com/places/99fa3a3b-fd79-4638-be77-80585c6ca54e (network required)&#xA;</desc>
  <type>Established Campground</type>
  <extensions>
   <osmand:icon>tourism_camp_site</osmand:icon>
   <osmand:background>circle</osmand:background>
   <osmand:color>#339933</osmand:color>
   <osmand:amenity_subtype>user_defined_other_postcode</osmand:amenity_subtype>
   <osmand:amenity_type>user_defined_other</osmand:amenity_type>
  </extensions>
 </wpt>
 <wpt lat="47.7634" lon="-120.7247">
  <ele>0.0</ele>
  <time>2024-07-12 00:00:00 UTC</time>
  <name>Library</name>
  <desc>great public library and only free WiFi in talkeetna.&#xA;&#xA;Date verified: 2024-07-12 00:00:00 UTC&#xA;Open: Yes&#xA;Electricity: No&#xA;Wifi: No&#xA;Kitchen: No&#xA;Parking: Yes&#xA;Restaurant: No&#xA;Showers: No&#xA;Water: No&#xA;Toilets: No&#xA;Big rig friendly: No&#xA;Tent friendly: No&#xA;Pet friendly: No&#xA;Sanitation dump station: No&#xA;&#xA;https://ioverlander.com/places/335ddc79-c555-47e5-865b-f36b5ed6dd6d (network required)&#xA;</desc>
  <type>Established Campground</type>
  <extensions>
   <osmand:icon>tourism_camp_site</osmand:icon>
   <osmand:background>circle</osmand:background>
   <osmand:color>#339933</osmand:color>
   <osmand:amenity_subtype>user_defined_other_postcode</osmand:amenity_subtype>
   <osmand:amenity_type>user_defined_other</osmand:amenity_type>
  </extensions>
 </wpt>
 <wpt lat="27.6894" lon="-81.485">
  <ele>0.0</ele>
  <time>2024-07-12 00:00:00 UTC</time>
  <name>Seward Community Library Museum</name>
  <desc>free wifi, medium to fast, but outside is less reliable.&#xA;no password. Printing facilities.&#xA;&#xA;Date verified: 2024-07-12 00:00:00 UTC&#xA;Open: Yes&#xA;Electricity: No&#xA;Wifi: Yes&#xA;Kitchen: No&#xA;Parking: Yes&#xA;Restaurant: No&#xA;Showers: No&#xA;Water: No&#xA;Toilets: No&#xA;Big rig friendly: No&#xA;Tent friendly: No&#xA;Pet friendly: No&#xA;Sanitation dump station: No&#xA;&#xA;https://ioverlander.com/places/0afe9f78-f61a-4bd0-a68a-125f6d7be41b (network required)&#xA;</desc>
  <type>Established Campground</type>
  <extensions>
   <osmand:icon>tourism_camp_site</osmand:icon>
   <osmand:background>circle</osmand:background>
   <osmand:color>#339933</osmand:color>
   <osmand:amenity_subtype>user_defined_other_postcode</osmand:amenity_subtype>
   <osmand:amenity_type>user_defined_other</osmand:amenity_type>
  </extensions>
 </wpt>
 <wpt lat="43.1128" lon="-107.2441">
  <ele>0.0</ele>
  <time>2024-07-12 00:00:00 UTC</time>
  <name>Delta Junction Library</name>
  <desc>fFee good wifi, but not secure. no password.&#xA;&#xA;Behind the Library is a gravel place, there is no sign so we stayed overnight, quiet, pit toilets not far at a sports ground&#xA;&#xA;Date verified: 2024-07-12 00:00:00 UTC&#xA;Open: Yes&#xA;Electricity: No&#xA;Wifi: Yes&#xA;Kitchen: No&#xA;Parking: Yes&#xA;Restaurant: No&#xA;Showers: No&#xA;Water: No&#xA;Toilets: No&#xA;Big rig friendly: No&#xA;Tent friendly: No&#xA;Pet friendly: No&#xA;Sanitation dump station: No&#xA;&#xA;https://ioverlander.com/places/ccde55f6-78db-4b1e-b9d2-9eea84f97cd2 (network required)&#xA;</desc>
  <type>Established Campground</type>
  <extensions>
   <osmand:icon>tourism_camp_site</osmand:icon>
   <osmand:background>circle</osmand:background>
   <osmand:color>#339933</osmand:color>
   <osmand:amenity_subtype>user_defined_other_postcode</osmand:amenity_subtype>
   <osmand:amenity_type>user_defined_other</osmand:amenity_type>
  </extensions>
 </wpt>
 <wpt lat="46.9289" lon="-110.301">
  <ele>0.0</ele>
  <time>2024-07-12 00:00:00 UTC</time>
  <name>Eureka</name>
  <desc>Library with strong Wifi, even outside the library . NO OVERNIGHTS&#xA;&#xA;Date verified: 2024-07-12 00:00:00 UTC&#xA;Open: Yes&#xA;Electricity: No&#xA;Wifi: Yes&#xA;Kitchen: No&#xA;Parking: Yes&#xA;Restaurant: No&#xA;Showers: No&#xA;Water: No&#xA;Toilets: No&#xA;Big rig friendly: No&#xA;Tent friendly: No&#xA;Pet friendly: No&#xA;Sanitation dump station: No&#xA;&#xA;https://ioverlander.com/places/a8514e6e-b6c5-49cb-9bb4-18371a352ed2 (network required)&#xA;</desc>
  <type>Established Campground</type>
  <extensions>
   <osmand:icon>tourism_camp_site</osmand:icon>
   <osmand:background>circle</osmand:background>
   <osmand:color>#339933</osmand:color>
   <osmand:amenity_subtype>user_defined_other_postcode</osmand:amenity_subtype>
   <osmand:amenity_type>user_defined_other</osmand:amenity_type>
  </extensions>
 </wpt>
 <wpt lat="38.8641" lon="-116.3424">
  <ele>0.0</ele>
  <time>2024-07-12 00:00:00 UTC</time>
  <name>Library South Tahoe</name>
  <desc>Library with the fastest free internet we ever had on this trip so far. You can use a computer for 1/2 hour for free. They can print (15 cents per Page) and you can scan documents.&#xA;&#xA;Date verified: 2024-07-12 00:00:00 UTC&#xA;Open: Yes&#xA;Electricity: No&#xA;Wifi: Yes&#xA;Kitchen: No&#xA;Parking: Yes&#xA;Restaurant: No&#xA;Showers: No&#xA;Water: No&#xA;Toilets: No&#xA;Big rig friendly: No&#xA;Tent friendly: No&#xA;Pet friendly: No&#xA;Sanitation dump station: No&#xA;&#xA;https://ioverlander.com/places/11a3761a-3550-4120-b03a-1b34853ab2d0 (network required)&#xA;</desc>
  <type>Established Campground</type>
  <extensions>
   <osmand:icon>tourism_camp_site</osmand:icon>
   <osmand:background>circle</osmand:background>
   <osmand:color>#339933</osmand:color>
   <osmand:amenity_subtype>user_defined_other_postcode</osmand:amenity_subtype>
   <osmand:amenity_type>user_defined_other</osmand:amenity_type>
  </extensions>
 </wpt>
 <wpt lat="44.142" lon="-114.6496">
  <ele>0.0</ele>
  <time>2024-07-12 00:00:00 UTC</time>
  <name>La Quinta Public Library</name>
  <desc>Free WiFi, desktop computer use. Copies 15¢. Big, new library, with covered parking (9ft or so and under).&#xA;&#xA;Date verified: 2024-07-12 00:00:00 UTC&#xA;Open: Yes&#xA;Electricity: No&#xA;Wifi: No&#xA;Kitchen: No&#xA;Parking: Yes&#xA;Restaurant: No&#xA;Showers: No&#xA;Water: No&#xA;Toilets: No&#xA;Big rig friendly: No&#xA;Tent friendly: No&#xA;Pet friendly: No&#xA;Sanitation dump station: No&#xA;&#xA;https://ioverlander.com/places/bde4b87e-e393-4896-83e4-6c178d43a110 (network required)&#xA;</desc>
  <type>Established Campground</type>
  <extensions>
   <osmand:icon>tourism_camp_site</osmand:icon>
   <osmand:background>circle</osmand:background>
   <osmand:color>#339933</osmand:color>
   <osmand:amenity_subtype>user_defined_other_postcode</osmand:amenity_subtype>
   <osmand:amenity_type>user_defined_other</osmand:amenity_type>
  </extensions>
 </wpt>
 <wpt lat="34.606" lon="-105.7623">
  <ele>0.0</ele>
  <time>2024-07-12 00:00:00 UTC</time>
  <name>free Wifi at Cannon Beach Visitor Center</name>
  <desc>free good wifi at Cannon Beach Visitor Center, parking for RV nearby&#xA;&#xA;Date verified: 2024-07-12 00:00:00 UTC&#xA;Open: Yes&#xA;Electricity: No&#xA;Wifi: No&#xA;Kitchen: No&#xA;Parking: Yes&#xA;Restaurant: No&#xA;Showers: No&#xA;Water: No&#xA;Toilets: No&#xA;Big rig friendly: No&#xA;Tent friendly: No&#xA;Pet friendly: No&#xA;Sanitation dump station: No&#xA;&#xA;https://ioverlander.com/places/984ef146-8684-4b76-aa77-7025e7d21eda (network required)&#xA;</desc>
  <type>Established Campground</type>
  <extensions>
   <osmand:icon>tourism_camp_site</osmand:icon>
   <osmand:background>circle</osmand:background>
   <osmand:color>#339933</osmand:color>
   <osmand:amenity_subtype>user_defined_other_postcode</osmand:amenity_subtype>
   <osmand:amenity_type>user_defined_other</osmand:amenity_type>
  </extensions>
 </wpt>
 <wpt lat="36.8767" lon="-119.2947">
  <ele>0.0</ele>
  <time>2024-07-12 00:00:00 UTC</time>
  <name>Free Wifi at visitor center</name>
  <desc>Free Wifi at visitor center / restroom / nice view!! Wifi may only be available during open hours.&#xA;&#xA;Date verified: 2024-07-12 00:00:00 UTC&#xA;Open: Yes&#xA;Electricity: No&#xA;Wifi: No&#xA;Kitchen: No&#xA;Parking: Yes&#xA;Restaurant: No&#xA;Showers: No&#xA;Water: No&#xA;Toilets: No&#xA;Big rig friendly: No&#xA;Tent friendly: No&#xA;Pet friendly: No&#xA;Sanitation dump station: No&#xA;&#xA;https://ioverlander.com/places/9b06164c-9265-4308-9795-509755bb5e11 (network required)&#xA;</desc>
  <type>Established Campground</type>
  <extensions>
   <osmand:icon>tourism_camp_site</osmand:icon>
   <osmand:background>circle</osmand:background>
   <osmand:color>#339933</osmand:color>
   <osmand:amenity_subtype>user_defined_other_postcode</osmand:amenity_subtype>
   <osmand:amenity_type>user_defined_other</osmand:amenity_type>
  </extensions>
 </wpt>
 <wpt lat="32.0793" lon="-99.7632">
  <ele>0.0</ele>
  <time>2024-07-12 00:00:00 UTC</time>
  <name>Bend Public Library WI-FI</name>
  <desc>Excellent public library, fast free WiFi, restrooms... also very nice place for kids to play. Parking lot across the street for free and unlimited hours. Great! No Overnights&#xA;&#xA;Date verified: 2024-07-12 00:00:00 UTC&#xA;Open: Yes&#xA;Electricity: No&#xA;Wifi: No&#xA;Kitchen: No&#xA;Parking: Yes&#xA;Restaurant: No&#xA;Showers: No&#xA;Water: No&#xA;Toilets: No&#xA;Big rig friendly: No&#xA;Tent friendly: No&#xA;Pet friendly: No&#xA;Sanitation dump station: No&#xA;&#xA;https://ioverlander.com/places/a7f3961f-44a7-4a84-95f2-2bf4a496a968 (network required)&#xA;</desc>
  <type>Established Campground</type>
  <extensions>
   <osmand:icon>tourism_camp_site</osmand:icon>
   <osmand:background>circle</osmand:background>
   <osmand:color>#339933</osmand:color>
   <osmand:amenity_subtype>user_defined_other_postcode</osmand:amenity_subtype>
   <osmand:amenity_type>user_defined_other</osmand:amenity_type>
  </extensions>
 </wpt>
 <wpt lat="43.9271" lon="-120.4002">
  <ele>0.0</ele>
  <time>2024-07-12 00:00:00 UTC</time>
  <name>Liabrary with free wifi</name>
  <desc>We needed to print (20c per piece) n scan which they did. Free wifi also had a book sale 3 for $1. Some Good finds&#xA;&#xA;Date verified: 2024-07-12 00:00:00 UTC&#xA;Open: Yes&#xA;Electricity: No&#xA;Wifi: No&#xA;Kitchen: No&#xA;Parking: Yes&#xA;Restaurant: No&#xA;Showers: No&#xA;Water: No&#xA;Toilets: No&#xA;Big rig friendly: No&#xA;Tent friendly: No&#xA;Pet friendly: No&#xA;Sanitation dump station: No&#xA;&#xA;https://ioverlander.com/places/0d89afb6-00ab-48f1-9707-9a576b65a64f (network required)&#xA;</desc>
  <type>Established Campground</type>
  <extensions>
   <osmand:icon>tourism_camp_site</osmand:icon>
   <osmand:background>circle</osmand:background>
   <osmand:color>#339933</osmand:color>
   <osmand:amenity_subtype>user_defined_other_postcode</osmand:amenity_subtype>
   <osmand:amenity_type>user_defined_other</osmand:amenity_type>
  </extensions>
 </wpt>
 <wpt lat="39.4563" lon="-110.9243">
  <ele>0.0</ele>
  <time>2024-07-12 00:00:00 UTC</time>
  <name>Public Library - Wifi</name>
  <desc>Free and fast wifi at the public library. Also, they had a full table of free books when we were here.&#xA;&#xA;Date verified: 2024-07-12 00:00:00 UTC&#xA;Open: Yes&#xA;Electricity: No&#xA;Wifi: Yes&#xA;Kitchen: No&#xA;Parking: Yes&#xA;Restaurant: No&#xA;Showers: No&#xA;Water: No&#xA;Toilets: No&#xA;Big rig friendly: No&#xA;Tent friendly: No&#xA;Pet friendly: No&#xA;Sanitation dump station: No&#xA;&#xA;https://ioverlander.com/places/6b5707d3-eb74-4e86-b57f-ff7bd8a58f9b (network required)&#xA;</desc>
  <type>Established Campground</type>
  <extensions>
   <osmand:icon>tourism_camp_site</osmand:icon>
   <osmand:background>circle</osmand:background>
   <osmand:color>#339933</osmand:color>
   <osmand:amenity_subtype>user_defined_other_postcode</osmand:amenity_subtype>
   <osmand:amenity_type>user_defined_other</osmand:amenity_type>
  </extensions>
 </wpt>
 <wpt lat="39.6977" lon="-105.5973">
  <ele>0.0</ele>
  <time>2024-07-12 00:00:00 UTC</time>
  <name>Soldotna Library</name>
  <desc>Great WiFi. Fireplace from Oct to May. Quiet place to relax. Very new.&#xA;&#xA;Date verified: 2024-07-12 00:00:00 UTC&#xA;Open: Yes&#xA;Electricity: No&#xA;Wifi: Yes&#xA;Kitchen: No&#xA;Parking: Yes&#xA;Restaurant: No&#xA;Showers: No&#xA;Water: No&#xA;Toilets: No&#xA;Big rig friendly: No&#xA;Tent friendly: No&#xA;Pet friendly: No&#xA;Sanitation dump station: No&#xA;&#xA;https://ioverlander.com/places/b1b6c1e2-6b9e-4f79-a6fa-4959dc7d1fd1 (network required)&#xA;</desc>
  <type>Established Campground</type>
  <extensions>
   <osmand:icon>tourism_camp_site</osmand:icon>
   <osmand:background>circle</osmand:background>
   <osmand:color>#339933</osmand:color>
   <osmand:amenity_subtype>user_defined_other_postcode</osmand:amenity_subtype>
   <osmand:amenity_type>user_defined_other</osmand:amenity_type>
  </extensions>
 </wpt>
 <wpt lat="34.2088" lon="-110.8935">
  <ele>0.0</ele>
  <time>2024-07-12 00:00:00 UTC</time>
  <name>Tri Valley Library, fast wifi</name>
  <desc>Fast wifi, nice staff, laptop-friendly. Opening times very limited over winter though so check them beforehand!&#xA;&#xA;Date verified: 2024-07-12 00:00:00 UTC&#xA;Open: Yes&#xA;Electricity: No&#xA;Wifi: Yes&#xA;Kitchen: No&#xA;Parking: Yes&#xA;Restaurant: No&#xA;Showers: No&#xA;Water: No&#xA;Toilets: No&#xA;Big rig friendly: No&#xA;Tent friendly: No&#xA;Pet friendly: No&#xA;Sanitation dump station: No&#xA;&#xA;https://ioverlander.com/places/7fc02818-528c-4cdc-8627-9cb8ff7af1ac (network required)&#xA;</desc>
  <type>Established Campground</type>
  <extensions>
   <osmand:icon>tourism_camp_site</osmand:icon>
   <osmand:background>circle</osmand:background>
   <osmand:color>#339933</osmand:color>
   <osmand:amenity_subtype>user_defined_other_postcode</osmand:amenity_subtype>
   <osmand:amenity_type>user_defined_other</osmand:amenity_type>
  </extensions>
 </wpt>
 <wpt lat="47.9233" lon="-120.5245">
  <ele>0.0</ele>
  <time>2024-07-12 00:00:00 UTC</time>
  <name>Colter Bay General Store</name>
  <desc>Water in front of the general store.&#xA;Left side from the store entrance, blue picture with a moose.&#xA;only bottle fillings not RV&#39;s.&#xA;Wi-Fi, no password needed, accessible at picnic tables in front of store and picnic tables at the side in the shade of the trees.&#xA;&#xA;Date verified: 2024-07-12 00:00:00 UTC&#xA;Open: Yes&#xA;Electricity: No&#xA;Wifi: Yes&#xA;Kitchen: No&#xA;Parking: Yes&#xA;Restaurant: No&#xA;Showers: No&#xA;Water: No&#xA;Toilets: No&#xA;Big rig friendly: No&#xA;Tent friendly: No&#xA;Pet friendly: No&#xA;Sanitation dump station: No&#xA;&#xA;https://ioverlander.com/places/0b94f0f3-8aac-4a56-881a-974b12d76b8a (network required)&#xA;</desc>
  <type>Established Campground</type>
  <extensions>
   <osmand:icon>tourism_camp_site</osmand:icon>
   <osmand:background>circle</osmand:background>
   <osmand:color>#339933</osmand:color>
   <osmand:amenity_subtype>user_defined_other_postcode</osmand:amenity_subtype>
   <osmand:amenity_type>user_defined_other</osmand:amenity_type>
  </extensions>
 </wpt>
 <wpt lat="27.8493" lon="-81.2848">
  <ele>0.0</ele>
  <time>2024-07-12 00:00:00 UTC</time>
  <name>Chair9 / Blue T lodge</name>
  <desc>Has wifi, but you will need the password. This is the only wifi I could find in Glacier area. Also has gluten free pizza!&#xA;&#xA;Date verified: 2024-07-12 00:00:00 UTC&#xA;Open: Yes&#xA;Electricity: No&#xA;Wifi: No&#xA;Kitchen: No&#xA;Parking: Yes&#xA;Restaurant: No&#xA;Showers: No&#xA;Water: No&#xA;Toilets: No&#xA;Big rig friendly: No&#xA;Tent friendly: No&#xA;Pet friendly: No&#xA;Sanitation dump station: No&#xA;&#xA;https://ioverlander.com/places/835f9af3-f431-442e-a290-e97169e35c02 (network required)&#xA;</desc>
  <type>Established Campground</type>
  <extensions>
   <osmand:icon>tourism_camp_site</osmand:icon>
   <osmand:background>circle</osmand:background>
   <osmand:color>#339933</osmand:color>
   <osmand:amenity_subtype>user_defined_other_postcode</osmand:amenity_subtype>
   <osmand:amenity_type>user_defined_other</osmand:amenity_type>
  </extensions>
 </wpt>
 <wpt lat="43.2727" lon="-107.0439">
  <ele>0.0</ele>
  <time>2024-07-12 00:00:00 UTC</time>
  <name>Hanksville Free Wifi</name>
  <desc>Very good wifi at the Medical Clinic. No password required. Covered seating&#xA;&#xA;Date verified: 2024-07-12 00:00:00 UTC&#xA;Open: Yes&#xA;Electricity: No&#xA;Wifi: Yes&#xA;Kitchen: No&#xA;Parking: Yes&#xA;Restaurant: No&#xA;Showers: No&#xA;Water: No&#xA;Toilets: No&#xA;Big rig friendly: No&#xA;Tent friendly: No&#xA;Pet friendly: No&#xA;Sanitation dump station: No&#xA;&#xA;https://ioverlander.com/places/86ee2a4d-ac7c-4506-a8c7-b20bc3295759 (network required)&#xA;</desc>
  <type>Established Campground</type>
  <extensions>
   <osmand:icon>tourism_camp_site</osmand:icon>
   <osmand:background>circle</osmand:background>
   <osmand:color>#339933</osmand:color>
   <osmand:amenity_subtype>user_defined_other_postcode</osmand:amenity_subtype>
   <osmand:amenity_type>user_defined_other</osmand:amenity_type>
  </extensions>
 </wpt>
 <wpt lat="47.0888" lon="-110.1008">
  <ele>0.0</ele>
  <time>2024-07-12 00:00:00 UTC</time>
  <name>Broken Bow Library</name>
  <desc>Really nice and new library. Free and fast WiFi!&#xA;&#xA;Date verified: 2024-07-12 00:00:00 UTC&#xA;Open: Yes&#xA;Electricity: No&#xA;Wifi: No&#xA;Kitchen: No&#xA;Parking: Yes&#xA;Restaurant: No&#xA;Showers: No&#xA;Water: No&#xA;Toilets: No&#xA;Big rig friendly: No&#xA;Tent friendly: No&#xA;Pet friendly: No&#xA;Sanitation dump station: No&#xA;&#xA;https://ioverlander.com/places/0cafa2ff-2ccd-4465-897e-2c9ffc09314a (network required)&#xA;</desc>
  <type>Established Campground</type>
  <extensions>
   <osmand:icon>tourism_camp_site</osmand:icon>
   <osmand:background>circle</osmand:background>
   <osmand:color>#339933</osmand:color>
   <osmand:amenity_subtype>user_defined_other_postcode</osmand:amenity_subtype>
   <osmand:amenity_type>user_defined_other</osmand:amenity_type>
  </extensions>
 </wpt>
 <wpt lat="39.024" lon="-116.1422">
  <ele>0.0</ele>
  <time>2024-07-12 00:00:00 UTC</time>
  <name>Mono public Library WiFi</name>
  <desc>There is WiFi available at this library 24/7, whether open or closed! You can park outside and still get WiFi, and across the street in the parking lot there are outlets to plug in for electricity!&#xA;&#xA;Date verified: 2024-07-12 00:00:00 UTC&#xA;Open: Yes&#xA;Electricity: No&#xA;Wifi: Yes&#xA;Kitchen: No&#xA;Parking: Yes&#xA;Restaurant: No&#xA;Showers: No&#xA;Water: No&#xA;Toilets: No&#xA;Big rig friendly: No&#xA;Tent friendly: No&#xA;Pet friendly: No&#xA;Sanitation dump station: No&#xA;&#xA;https://ioverlander.com/places/6d70d936-161f-43a8-89d7-63d97d242acf (network required)&#xA;</desc>
  <type>Established Campground</type>
  <extensions>
   <osmand:icon>tourism_camp_site</osmand:icon>
   <osmand:background>circle</osmand:background>
   <osmand:color>#339933</osmand:color>
   <osmand:amenity_subtype>user_defined_other_postcode</osmand:amenity_subtype>
   <osmand:amenity_type>user_defined_other</osmand:amenity_type>
  </extensions>
 </wpt>
 <wpt lat="44.3019" lon="-114.4494">
  <ele>0.0</ele>
  <time>2024-07-12 00:00:00 UTC</time>
  <name>Marathon Library</name>
  <desc>Cute, very tiny, library with free fast WiFi! Hours are 1-6 during week, closed on Sat-Sun.&#xA;&#xA;But WiFi can be reached in parking lot when closed and is fast.&#xA;&#xA;AND: we asked about overnighting at Peña Park, librarian said not anymore...but just park here! And the groundskeeper filled our water tank!&#xA;&#xA;Date verified: 2024-07-12 00:00:00 UTC&#xA;Open: Yes&#xA;Electricity: No&#xA;Wifi: Yes&#xA;Kitchen: No&#xA;Parking: Yes&#xA;Restaurant: No&#xA;Showers: No&#xA;Water: No&#xA;Toilets: No&#xA;Big rig friendly: No&#xA;Tent friendly: No&#xA;Pet friendly: No&#xA;Sanitation dump station: No&#xA;&#xA;https://ioverlander.com/places/27503150-969d-4cdc-97dd-79c8725663f0 (network required)&#xA;</desc>
  <type>Established Campground</type>
  <extensions>
   <osmand:icon>tourism_camp_site</osmand:icon>
   <osmand:background>circle</osmand:background>
   <osmand:color>#339933</osmand:color>
   <osmand:amenity_subtype>user_defined_other_postcode</osmand:amenity_subtype>
   <osmand:amenity_type>user_defined_other</osmand:amenity_type>
  </extensions>
 </wpt>
 <wpt lat="34.7659" lon="-105.5621">
  <ele>0.0</ele>
  <time>2024-07-12 00:00:00 UTC</time>
  <name>Carl’s Jr. Free WiFi</name>
  <desc>Carl’s Jr. has great free WiFi accessible from their parking lot! Solid signal and fast service, and no signs in parking lot limiting time or disallowing you to park here. Great, easy place to get WiFi!&#xA;&#xA;Date verified: 2024-07-12 00:00:00 UTC&#xA;Open: Yes&#xA;Electricity: No&#xA;Wifi: No&#xA;Kitchen: No&#xA;Parking: Yes&#xA;Restaurant: No&#xA;Showers: No&#xA;Water: No&#xA;Toilets: No&#xA;Big rig friendly: No&#xA;Tent friendly: No&#xA;Pet friendly: No&#xA;Sanitation dump station: No&#xA;&#xA;https://ioverlander.com/places/4d25eb15-07cc-4c11-9a21-7f94089f6b02 (network required)&#xA;</desc>
  <type>Established Campground</type>
  <extensions>
   <osmand:icon>tourism_camp_site</osmand:icon>
   <osmand:background>circle</osmand:background>
   <osmand:color>#339933</osmand:color>
   <osmand:amenity_subtype>user_defined_other_postcode</osmand:amenity_subtype>
   <osmand:amenity_type>user_defined_other</osmand:amenity_type>
  </extensions>
 </wpt>
 <wpt lat="37.0366" lon="-119.0945">
  <ele>0.0</ele>
  <time>2024-07-12 00:00:00 UTC</time>
  <name>Fireplace and wifi</name>
  <desc>Chill little house with couches, tables, wifi and power outlets. can play some boardgames while you dump your SD cards or charge your stuff.&#xA;&#xA;Date verified: 2024-07-12 00:00:00 UTC&#xA;Open: Yes&#xA;Electricity: No&#xA;Wifi: Yes&#xA;Kitchen: No&#xA;Parking: Yes&#xA;Restaurant: No&#xA;Showers: No&#xA;Water: No&#xA;Toilets: No&#xA;Big rig friendly: No&#xA;Tent friendly: No&#xA;Pet friendly: No&#xA;Sanitation dump station: No&#xA;&#xA;https://ioverlander.com/places/f3482af9-631a-426c-ba8f-a83ff426803f (network required)&#xA;</desc>
  <type>Established Campground</type>
  <extensions>
   <osmand:icon>tourism_camp_site</osmand:icon>
   <osmand:background>circle</osmand:background>
   <osmand:color>#339933</osmand:color>
   <osmand:amenity_subtype>user_defined_other_postcode</osmand:amenity_subtype>
   <osmand:amenity_type>user_defined_other</osmand:amenity_type>
  </extensions>
 </wpt>
 <wpt lat="32.2392" lon="-99.563">
  <ele>0.0</ele>
  <time>2024-07-12 00:00:00 UTC</time>
  <name>Borrego Springs Public Library</name>
  <desc>Borrego Springs Public Library has lots of parking, clean bathrooms and lightning fast Wifi (no password). They recently rebuilt it and it is beautiful. They’re open Tuesday to Saturday from 9:30 a.m. Wednesday and Thursday night they close at 8 p.m.&#xA;&#xA;Date verified: 2024-07-12 00:00:00 UTC&#xA;Open: Yes&#xA;Electricity: No&#xA;Wifi: Yes&#xA;Kitchen: No&#xA;Parking: Yes&#xA;Restaurant: No&#xA;Showers: No&#xA;Water: No&#xA;Toilets: No&#xA;Big rig friendly: No&#xA;Tent friendly: No&#xA;Pet friendly: No&#xA;Sanitation dump station: No&#xA;&#xA;https://ioverlander.com/places/35f2bf61-b69a-40b9-80fc-2f2bc3c1589b (network required)&#xA;</desc>
  <type>Established Campground</type>
  <extensions>
   <osmand:icon>tourism_camp_site</osmand:icon>
   <osmand:background>circle</osmand:background>
   <osmand:color>#339933</osmand:color>
   <osmand:amenity_subtype>user_defined_other_postcode</osmand:amenity_subtype>
   <osmand:amenity_type>user_defined_other</osmand:amenity_type>
  </extensions>
 </wpt>
 <wpt lat="44.087" lon="-120.2">
  <ele>0.0</ele>
  <time>2024-07-12 00:00:00 UTC</time>
  <name>Clarkdale Park WiFi and restrooms</name>
  <desc>This park is one block from laundromat, post office and restaurants. Park includes children’s play area, grassy shade, picnic tables, clean restrooms and free WiFi. Overnight parking is probably not possible due to city rules.&#xA;&#xA;Date verified: 2024-07-12 00:00:00 UTC&#xA;Open: Yes&#xA;Electricity: No&#xA;Wifi: Yes&#xA;Kitchen: No&#xA;Parking: Yes&#xA;Restaurant: No&#xA;Showers: No&#xA;Water: No&#xA;Toilets: No&#xA;Big rig friendly: No&#xA;Tent friendly: No&#xA;Pet friendly: No&#xA;Sanitation dump station: No&#xA;&#xA;https://ioverlander.com/places/63b96360-a1f4-4bf5-9485-e18b643e7cbe (network required)&#xA;</desc>
  <type>Established Campground</type>
  <extensions>
   <osmand:icon>tourism_camp_site</osmand:icon>
   <osmand:background>circle</osmand:background>
   <osmand:color>#339933</osmand:color>
   <osmand:amenity_subtype>user_defined_other_postcode</osmand:amenity_subtype>
   <osmand:amenity_type>user_defined_other</osmand:amenity_type>
  </extensions>
 </wpt>
 <wpt lat="39.6162" lon="-110.7241">
  <ele>0.0</ele>
  <time>2024-07-12 00:00:00 UTC</time>
  <name>Fast WiFi - Visitor Information Center</name>
  <desc>Fast WiFi outside the Information Center. No plugs for your device though.&#xA;Get the password inside.&#xA;&#xA;Date verified: 2024-07-12 00:00:00 UTC&#xA;Open: Yes&#xA;Electricity: No&#xA;Wifi: Yes&#xA;Kitchen: No&#xA;Parking: Yes&#xA;Restaurant: No&#xA;Showers: No&#xA;Water: No&#xA;Toilets: No&#xA;Big rig friendly: No&#xA;Tent friendly: No&#xA;Pet friendly: No&#xA;Sanitation dump station: No&#xA;&#xA;https://ioverlander.com/places/fed826c1-d142-4c2c-9b4e-49c94acee72e (network required)&#xA;</desc>
  <type>Established Campground</type>
  <extensions>
   <osmand:icon>tourism_camp_site</osmand:icon>
   <osmand:background>circle</osmand:background>
   <osmand:color>#339933</osmand:color>
   <osmand:amenity_subtype>user_defined_other_postcode</osmand:amenity_subtype>
   <osmand:amenity_type>user_defined_other</osmand:amenity_type>
  </extensions>
 </wpt>
 <wpt lat="39.8576" lon="-105.3971">
  <ele>0.0</ele>
  <time>2024-07-12 00:00:00 UTC</time>
  <name>Library Bozeman</name>
  <desc>Amazing big library. Good WiFi, working area, clean restrooms. Open everyday from 10-8 Saturday 10/5&#xA;&#xA;Date verified: 2024-07-12 00:00:00 UTC&#xA;Open: Yes&#xA;Electricity: No&#xA;Wifi: No&#xA;Kitchen: No&#xA;Parking: Yes&#xA;Restaurant: No&#xA;Showers: No&#xA;Water: No&#xA;Toilets: No&#xA;Big rig friendly: No&#xA;Tent friendly: No&#xA;Pet friendly: No&#xA;Sanitation dump station: No&#xA;&#xA;https://ioverlander.com/places/b913a4b4-aa9f-4dcb-9fb6-908159ec8be6 (network required)&#xA;</desc>
  <type>Established Campground</type>
  <extensions>
   <osmand:icon>tourism_camp_site</osmand:icon>
   <osmand:background>circle</osmand:background>
   <osmand:color>#339933</osmand:color>
   <osmand:amenity_subtype>user_defined_other_postcode</osmand:amenity_subtype>
   <osmand:amenity_type>user_defined_other</osmand:amenity_type>
  </extensions>
 </wpt>
 <wpt lat="34.3687" lon="-110.6933">
  <ele>0.0</ele>
  <time>2024-07-12 00:00:00 UTC</time>
  <name>Free WiFi in Parking Lot of Lone Tree Arts Center</name>
  <desc>There’s a library next door with free WiFi too, though it wasn’t open when I needed to do a video conference. The north side parking at the Arts Center had great WiFi.&#xA;&#xA;Date verified: 2024-07-12 00:00:00 UTC&#xA;Open: Yes&#xA;Electricity: No&#xA;Wifi: No&#xA;Kitchen: No&#xA;Parking: Yes&#xA;Restaurant: No&#xA;Showers: No&#xA;Water: No&#xA;Toilets: No&#xA;Big rig friendly: No&#xA;Tent friendly: No&#xA;Pet friendly: No&#xA;Sanitation dump station: No&#xA;&#xA;https://ioverlander.com/places/39048f35-16db-4f7b-a638-44c9e664fcd8 (network required)&#xA;</desc>
  <type>Established Campground</type>
  <extensions>
   <osmand:icon>tourism_camp_site</osmand:icon>
   <osmand:background>circle</osmand:background>
   <osmand:color>#339933</osmand:color>
   <osmand:amenity_subtype>user_defined_other_postcode</osmand:amenity_subtype>
   <osmand:amenity_type>user_defined_other</osmand:amenity_type>
  </extensions>
 </wpt>
 <wpt lat="48.0832" lon="-120.3243">
  <ele>0.0</ele>
  <time>2024-07-12 00:00:00 UTC</time>
  <name>Wifi - Ashford public</name>
  <desc>We didn’t have network with AT&amp;T, but there was free Wifi in town. And it worked !&#xA;These coordinates lead you to the fire station, but it might be stronger elsewhere.&#xA;&#xA;Date verified: 2024-07-12 00:00:00 UTC&#xA;Open: Yes&#xA;Electricity: No&#xA;Wifi: No&#xA;Kitchen: No&#xA;Parking: Yes&#xA;Restaurant: No&#xA;Showers: No&#xA;Water: No&#xA;Toilets: No&#xA;Big rig friendly: No&#xA;Tent friendly: No&#xA;Pet friendly: No&#xA;Sanitation dump station: No&#xA;&#xA;https://ioverlander.com/places/f2d7a9cb-30b9-4fd0-ac8f-7d1312cf07a8 (network required)&#xA;</desc>
  <type>Established Campground</type>
  <extensions>
   <osmand:icon>tourism_camp_site</osmand:icon>
   <osmand:background>circle</osmand:background>
   <osmand:color>#339933</osmand:color>
   <osmand:amenity_subtype>user_defined_other_postcode</osmand:amenity_subtype>
   <osmand:amenity_type>user_defined_other</osmand:amenity_type>
  </extensions>
 </wpt>
 <wpt lat="28.0092" lon="-81.0846">
  <ele>0.0</ele>
  <time>2024-07-12 00:00:00 UTC</time>
  <name>MacDonald&#39;s - Moab</name>
  <desc>If you need free Wifi you can park your motorhome in the parking lot and get a good signal. We used the service so we ate here. We can park our 26 feet rv without problems. Just in front of the entrance you can park your vehicle under the tree without disturbing the MacDonald parking.&#xA;&#xA;Date verified: 2024-07-12 00:00:00 UTC&#xA;Open: Yes&#xA;Electricity: No&#xA;Wifi: Yes&#xA;Kitchen: No&#xA;Parking: Yes&#xA;Restaurant: No&#xA;Showers: No&#xA;Water: No&#xA;Toilets: No&#xA;Big rig friendly: No&#xA;Tent friendly: No&#xA;Pet friendly: No&#xA;Sanitation dump station: No&#xA;&#xA;https://ioverlander.com/places/65c81674-6616-472f-b0e4-ef2f9088a6ad (network required)&#xA;</desc>
  <type>Established Campground</type>
  <extensions>
   <osmand:icon>tourism_camp_site</osmand:icon>
   <osmand:background>circle</osmand:background>
   <osmand:color>#339933</osmand:color>
   <osmand:amenity_subtype>user_defined_other_postcode</osmand:amenity_subtype>
   <osmand:amenity_type>user_defined_other</osmand:amenity_type>
  </extensions>
 </wpt>
 <wpt lat="43.4326" lon="-106.8437">
  <ele>0.0</ele>
  <time>2024-07-12 00:00:00 UTC</time>
  <name>Library WiFi</name>
  <desc>FREE WiFi at the Public Library Skagway... Don&#39;t need password!&#xA;&#xA;Date verified: 2024-07-12 00:00:00 UTC&#xA;Open: Yes&#xA;Electricity: No&#xA;Wifi: Yes&#xA;Kitchen: No&#xA;Parking: Yes&#xA;Restaurant: No&#xA;Showers: No&#xA;Water: No&#xA;Toilets: No&#xA;Big rig friendly: No&#xA;Tent friendly: No&#xA;Pet friendly: No&#xA;Sanitation dump station: No&#xA;&#xA;https://ioverlander.com/places/55a11a03-7a63-4f69-a168-97f9367a8e8e (network required)&#xA;</desc>
  <type>Established Campground</type>
  <extensions>
   <osmand:icon>tourism_camp_site</osmand:icon>
   <osmand:background>circle</osmand:background>
   <osmand:color>#339933</osmand:color>
   <osmand:amenity_subtype>user_defined_other_postcode</osmand:amenity_subtype>
   <osmand:amenity_type>user_defined_other</osmand:amenity_type>
  </extensions>
 </wpt>
 <wpt lat="46.8797" lon="-110.3626">
  <ele>0.0</ele>
  <time>2024-07-12 00:00:00 UTC</time>
  <name>The Wayward Traveler&#39;s Inn</name>
  <desc>The Wayward Traveler&#39;s Inn, Bed and Breakfast, Tea House, Writer&#39;s Retreat and General House of Awesomeness. Run by a writer and avid motorcyclist, we will give any great trekker up to two nights free accommodation. That&#39;s how important supporting the travel community is to us.&#xA;&#xA;Date verified: 2024-07-12 00:00:00 UTC&#xA;Open: Yes&#xA;&#xA;https://ioverlander.com/places/ab1e3944-8b8b-4b0b-8b86-24fa81d6bc5f (network required)&#xA;</desc>
  <type>Hotel</type>
  <extensions>
   <osmand:icon>tourism_viewpoint</osmand:icon>
   <osmand:background>star</osmand:background>
   <osmand:color>#ffff80ff</osmand:color>
   <osmand:amenity_subtype>user_defined_other_postcode</osmand:amenity_subtype>
   <osmand:amenity_type>user_defined_other</osmand:amenity_type>
  </extensions>
 </wpt>
 <wpt lat="38.8149" lon="-116.404">
  <ele>0.0</ele>
  <time>2024-07-12 00:00:00 UTC</time>
  <name>Super 8 Motel, Nephi</name>
  <desc>We got a huge room with two queen size beds. Everything was clean. Breakfast included and free WiFi.&#xA;&#xA;Date verified: 2024-07-12 00:00:00 UTC&#xA;Open: Yes&#xA;&#xA;https://ioverlander.com/places/ba0d6c96-9f15-457f-85a0-d7c52fdcde7b (network required)&#xA;</desc>
  <type>Hotel</type>
  <extensions>
   <osmand:icon>tourism_viewpoint</osmand:icon>
   <osmand:background>star</osmand:background>
   <osmand:color>#ffff80ff</osmand:color>
   <osmand:amenity_subtype>user_defined_other_postcode</osmand:amenity_subtype>
   <osmand:amenity_type>user_defined_other</osmand:amenity_type>
  </extensions>
 </wpt>
 <wpt lat="44.0928" lon="-114.7112">
  <ele>0.0</ele>
  <time>2024-07-12 00:00:00 UTC</time>
  <name>Days Inn SeaWorld/Airport</name>
  <desc>Small but clean double room with free WiFi and breakfast for $57. About 800m to the train station.&#xA;&#xA;Date verified: 2024-07-12 00:00:00 UTC&#xA;Open: Yes&#xA;&#xA;https://ioverlander.com/places/1d428990-3b0b-48d1-9004-d237e91720ac (network required)&#xA;</desc>
  <type>Hotel</type>
  <extensions>
   <osmand:icon>tourism_viewpoint</osmand:icon>
   <osmand:background>star</osmand:background>
   <osmand:color>#ffff80ff</osmand:color>
   <osmand:amenity_subtype>user_defined_other_postcode</osmand:amenity_subtype>
   <osmand:amenity_type>user_defined_other</osmand:amenity_type>
  </extensions>
 </wpt>
 <wpt lat="34.5568" lon="-105.8239">
  <ele>0.0</ele>
  <time>2024-07-12 00:00:00 UTC</time>
  <name>Motel 6, San Ysidro</name>
  <desc>Nothing special but room was clean and cheap. Close to the border and there is a huge mall in walking distance. WiFi in the room costs $3 extra.&#xA;&#xA;Date verified: 2024-07-12 00:00:00 UTC&#xA;Open: Yes&#xA;&#xA;https://ioverlander.com/places/acd06bbf-ca4e-4089-988f-d29c83011031 (network required)&#xA;</desc>
  <type>Hotel</type>
  <extensions>
   <osmand:icon>tourism_viewpoint</osmand:icon>
   <osmand:background>star</osmand:background>
   <osmand:color>#ffff80ff</osmand:color>
   <osmand:amenity_subtype>user_defined_other_postcode</osmand:amenity_subtype>
   <osmand:amenity_type>user_defined_other</osmand:amenity_type>
  </extensions>
 </wpt>
 <wpt lat="36.8275" lon="-119.3563">
  <ele>0.0</ele>
  <time>2024-07-12 00:00:00 UTC</time>
  <name>Red Rock Country Inn</name>
  <desc>Nondescript Motel in Kanab. In low season we were able to get a double room for 55.00. Apparently in high season (starting in May) the room would cost 130.!!&#xA;There are many RV resorts and campgrounds in this town but since last night the temperature was in the low single digits (C) we decided on hot showers and a heated room.&#xA;&#xA;Date verified: 2024-07-12 00:00:00 UTC&#xA;Open: Yes&#xA;&#xA;https://ioverlander.com/places/aedade59-571a-44e2-b9ab-5122038aa7a1 (network required)&#xA;</desc>
  <type>Hotel</type>
  <extensions>
   <osmand:icon>tourism_viewpoint</osmand:icon>
   <osmand:background>star</osmand:background>
   <osmand:color>#ffff80ff</osmand:color>
   <osmand:amenity_subtype>user_defined_other_postcode</osmand:amenity_subtype>
   <osmand:amenity_type>user_defined_other</osmand:amenity_type>
  </extensions>
 </wpt>
 <wpt lat="32.0301" lon="-99.8248">
  <ele>0.0</ele>
  <time>2024-07-12 00:00:00 UTC</time>
  <name>Moorings at Carrabelle</name>
  <desc>Great accommodations at the marina. inexpensive and accepts pets.&#xA;&#xA;Date verified: 2024-07-12 00:00:00 UTC&#xA;Open: Yes&#xA;&#xA;https://ioverlander.com/places/5434ddb0-0664-4648-b3d1-bd224965efed (network required)&#xA;</desc>
  <type>Hotel</type>
  <extensions>
   <osmand:icon>tourism_viewpoint</osmand:icon>
   <osmand:background>star</osmand:background>
   <osmand:color>#ffff80ff</osmand:color>
   <osmand:amenity_subtype>user_defined_other_postcode</osmand:amenity_subtype>
   <osmand:amenity_type>user_defined_other</osmand:amenity_type>
  </extensions>
 </wpt>
 <wpt lat="43.8779" lon="-120.4618">
  <ele>0.0</ele>
  <time>2024-07-12 00:00:00 UTC</time>
  <name>Americano Motel</name>
  <desc>If you should find yourself in Vaughn New Mexico and night is approaching, this clean but dated motel is acceptable, relatively inexpensive accomodations.&#xA;The pool is inoperable but the rooms are spacious with two double beds, hot shower , mini fridge and microwave. They have airconditioning and heat. Next door there is a 24 hour diner (and much more expensive motel)&#xA;We parked our motorcycle right outside our window. $55US + tax for two people&#xA;&#xA;Date verified: 2024-07-12 00:00:00 UTC&#xA;Open: Yes&#xA;&#xA;https://ioverlander.com/places/38d1da16-2bfa-4e91-a193-d4161580860a (network required)&#xA;</desc>
  <type>Hotel</type>
  <extensions>
   <osmand:icon>tourism_viewpoint</osmand:icon>
   <osmand:background>star</osmand:background>
   <osmand:color>#ffff80ff</osmand:color>
   <osmand:amenity_subtype>user_defined_other_postcode</osmand:amenity_subtype>
   <osmand:amenity_type>user_defined_other</osmand:amenity_type>
  </extensions>
 </wpt>
 <wpt lat="39.4071" lon="-110.9859">
  <ele>0.0</ele>
  <time>2024-07-12 00:00:00 UTC</time>
  <name>Shoshone-Bannock Hotel &amp; Event Center</name>
  <desc>Hotel, Casino, Bingo.&#xA;&#xA;Great facility. Good food, very reasonable prices. All Staff extremely friendly &amp; helpful. Clean as in New. Hotel 5 yrs old at time of writing.&#xA;&#xA;Will stay here again.&#xA;&#xA;Date verified: 2024-07-12 00:00:00 UTC&#xA;Open: Yes&#xA;&#xA;https://ioverlander.com/places/f9c8e708-7a6b-4fcb-96eb-23eb1cd74475 (network required)&#xA;</desc>
  <type>Hotel</type>
  <extensions>
   <osmand:icon>tourism_viewpoint</osmand:icon>
   <osmand:background>star</osmand:background>
   <osmand:color>#ffff80ff</osmand:color>
   <osmand:amenity_subtype>user_defined_other_postcode</osmand:amenity_subtype>
   <osmand:amenity_type>user_defined_other</osmand:amenity_type>
  </extensions>
 </wpt>
 <wpt lat="39.6485" lon="-105.6589">
  <ele>0.0</ele>
  <time>2024-07-12 00:00:00 UTC</time>
  <name>Tha Station&#39;s Inn Motorcycle Resort</name>
  <desc>Just off the Blue Ridge Pky. Hotel, restaurant and small store. Live music on weekends. $75/night for solo traveler.&#xA;&#xA;No wifi in rooms but, strong near restaurant. Covered parking.&#xA;&#xA;Date verified: 2024-07-12 00:00:00 UTC&#xA;Open: Yes&#xA;&#xA;https://ioverlander.com/places/3507ed89-ad50-4529-b82f-5ae65183faf7 (network required)&#xA;</desc>
  <type>Hotel</type>
  <extensions>
   <osmand:icon>tourism_viewpoint</osmand:icon>
   <osmand:background>star</osmand:background>
   <osmand:color>#ffff80ff</osmand:color>
   <osmand:amenity_subtype>user_defined_other_postcode</osmand:amenity_subtype>
   <osmand:amenity_type>user_defined_other</osmand:amenity_type>
  </extensions>
 </wpt>
 <wpt lat="34.1596" lon="-110.9551">
  <ele>0.0</ele>
  <time>2024-07-12 00:00:00 UTC</time>
  <name>Cedar Rest Motel</name>
  <desc>Great budget motel dor travellers and families! One of the cheapest in the area but strongly recommended! Great place to stay when you want to visit Bryce Canyon and around. Very clean, fresh, renewed. Very kind owners from Fiji. AC, great internet, microwave, TV and fridge. Close to the shops, laundry and gastronomic places. Safe big parking, even for RVs. Breakfast in the morning. 45$ for two people.&#xA;&#xA;Date verified: 2024-07-12 00:00:00 UTC&#xA;Open: Yes&#xA;&#xA;https://ioverlander.com/places/7d8502fa-dfb4-4e28-977f-069911256a3b (network required)&#xA;</desc>
  <type>Hotel</type>
  <extensions>
   <osmand:icon>tourism_viewpoint</osmand:icon>
   <osmand:background>star</osmand:background>
   <osmand:color>#ffff80ff</osmand:color>
   <osmand:amenity_subtype>user_defined_other_postcode</osmand:amenity_subtype>
   <osmand:amenity_type>user_defined_other</osmand:amenity_type>
  </extensions>
 </wpt>
 <wpt lat="47.8741" lon="-120.5861">
  <ele>0.0</ele>
  <time>2024-07-12 00:00:00 UTC</time>
  <name>America&#39;s Best Value Inn</name>
  <desc>Nice, clean rooms. Best price in town. We checked several hotels/ motels. the Motel 6 wanted to charge $130! This place was $99. Staff is very kind. They are pet friendly.&#xA;&#xA;Date verified: 2024-07-12 00:00:00 UTC&#xA;Open: Yes&#xA;&#xA;https://ioverlander.com/places/db6df9c3-df88-4ddd-bd5f-a35b13630b65 (network required)&#xA;</desc>
  <type>Hotel</type>
  <extensions>
   <osmand:icon>tourism_viewpoint</osmand:icon>
   <osmand:background>star</osmand:background>
   <osmand:color>#ffff80ff</osmand:color>
   <osmand:amenity_subtype>user_defined_other_postcode</osmand:amenity_subtype>
   <osmand:amenity_type>user_defined_other</osmand:amenity_type>
  </extensions>
 </wpt>
 <wpt lat="27.8001" lon="-81.3464">
  <ele>0.0</ele>
  <time>2024-07-12 00:00:00 UTC</time>
  <name>MOTEL Majestic Rockies</name>
  <desc>Great and not so expensive place to stay in the city. Motel with every convenience. Tv, sat, wi-fi inside, AC, parking, heating, big beds, bathroom, fridge and hot water. Very clean and comfortable. Near you have a gas station and Subway. The small room for two I called for pricing and was told $350.00 weekly.&#xA;&#xA;Date verified: 2024-07-12 00:00:00 UTC&#xA;Open: Yes&#xA;&#xA;https://ioverlander.com/places/b8adfa8c-a2f1-4df4-b986-c7f2f997a622 (network required)&#xA;</desc>
  <type>Hotel</type>
  <extensions>
   <osmand:icon>tourism_viewpoint</osmand:icon>
   <osmand:background>star</osmand:background>
   <osmand:color>#ffff80ff</osmand:color>
   <osmand:amenity_subtype>user_defined_other_postcode</osmand:amenity_subtype>
   <osmand:amenity_type>user_defined_other</osmand:amenity_type>
  </extensions>
 </wpt>
 <wpt lat="43.2235" lon="-107.1055">
  <ele>0.0</ele>
  <time>2024-07-12 00:00:00 UTC</time>
  <name>Econolodge, Limon</name>
  <desc>very clean. great price. nice staff. right off the highway.&#xA;&#xA;Date verified: 2024-07-12 00:00:00 UTC&#xA;Open: Yes&#xA;&#xA;https://ioverlander.com/places/86adf4ae-3dce-46e8-8e53-2e3ebe2d4392 (network required)&#xA;</desc>
  <type>Hotel</type>
  <extensions>
   <osmand:icon>tourism_viewpoint</osmand:icon>
   <osmand:background>star</osmand:background>
   <osmand:color>#ffff80ff</osmand:color>
   <osmand:amenity_subtype>user_defined_other_postcode</osmand:amenity_subtype>
   <osmand:amenity_type>user_defined_other</osmand:amenity_type>
  </extensions>
 </wpt>
 <wpt lat="47.0396" lon="-110.1624">
  <ele>0.0</ele>
  <time>2024-07-12 00:00:00 UTC</time>
  <name>McCarthy Lake</name>
  <desc>lakeside campgrounds within Manistee National Forest. Please follow all National Forest rules. High clearance 4x4 recommended, can become crowded on weekends. please don&#39;t burn pallets or wood with steel straps.&#xA;&#xA;Date verified: 2024-07-12 00:00:00 UTC&#xA;Open: Yes&#xA;&#xA;https://ioverlander.com/places/b62029d4-4d2a-4356-a71c-22943deefa49 (network required)&#xA;</desc>
  <type>Hotel</type>
  <extensions>
   <osmand:icon>tourism_viewpoint</osmand:icon>
   <osmand:background>star</osmand:background>
   <osmand:color>#ffff80ff</osmand:color>
   <osmand:amenity_subtype>user_defined_other_postcode</osmand:amenity_subtype>
   <osmand:amenity_type>user_defined_other</osmand:amenity_type>
  </extensions>
 </wpt>
 <wpt lat="38.9748" lon="-116.2038">
  <ele>0.0</ele>
  <time>2024-07-12 00:00:00 UTC</time>
  <name>Hilton Hotel</name>
  <desc>Super clean hotel, very comfortable beds, great water pressure in the shower. Pet friendly, they even gave my dog a treat bag with a toy and treats in it! Large campers (earth roamer etc.) would fit in the back of the hotel parking lot, but if you had a large rig with a trailer you might have to park someplace else.&#xA;&#xA;Great location for doing the TWVT, or a stop on your way south to the KAT or Overland Expo East. Google maps had strange directions coming I-77 south, it wanted me to pass the exit and come back North? It&#39;s the Mineral Wells exit, you can see the sign from I-77.&#xA;&#xA;Date verified: 2024-07-12 00:00:00 UTC&#xA;Open: Yes&#xA;&#xA;https://ioverlander.com/places/ac7816f3-6171-4e25-a317-d2c4673c0ded (network required)&#xA;</desc>
  <type>Hotel</type>
  <extensions>
   <osmand:icon>tourism_viewpoint</osmand:icon>
   <osmand:background>star</osmand:background>
   <osmand:color>#ffff80ff</osmand:color>
   <osmand:amenity_subtype>user_defined_other_postcode</osmand:amenity_subtype>
   <osmand:amenity_type>user_defined_other</osmand:amenity_type>
  </extensions>
 </wpt>
 <wpt lat="44.2527" lon="-114.511">
  <ele>0.0</ele>
  <time>2024-07-12 00:00:00 UTC</time>
  <name>1st Travel Inn</name>
  <desc>pride in ownership in this older hotel. my room was spotless and updated. $52us for a single. nicest room I&#39;ve ever had at this price.&#xA;&#xA;Date verified: 2024-07-12 00:00:00 UTC&#xA;Open: Yes&#xA;&#xA;https://ioverlander.com/places/ac794d39-6405-461a-b19d-7a4fef9f99da (network required)&#xA;</desc>
  <type>Hotel</type>
  <extensions>
   <osmand:icon>tourism_viewpoint</osmand:icon>
   <osmand:background>star</osmand:background>
   <osmand:color>#ffff80ff</osmand:color>
   <osmand:amenity_subtype>user_defined_other_postcode</osmand:amenity_subtype>
   <osmand:amenity_type>user_defined_other</osmand:amenity_type>
  </extensions>
 </wpt>
 <wpt lat="34.7167" lon="-105.6237">
  <ele>0.0</ele>
  <time>2024-07-12 00:00:00 UTC</time>
  <name>Caesar‘s Palace Las Vegas</name>
  <desc>The very famous Caesar‘s Palace.&#xA;&#xA;The reason why I put it on here is that they have really good valet parking. Safe and no hight restriction. Self parking is 14ft.&#xA;&#xA;Other than that: enjoy, gamble hard, drink and visit Omnia nightclub.&#xA;&#xA;By the way: Caesar didn’t live there. I asked.&#xA;&#xA;Date verified: 2024-07-12 00:00:00 UTC&#xA;Open: Yes&#xA;&#xA;https://ioverlander.com/places/95371116-e251-4d1c-843e-944c1c40e1d2 (network required)&#xA;</desc>
  <type>Hotel</type>
  <extensions>
   <osmand:icon>tourism_viewpoint</osmand:icon>
   <osmand:background>star</osmand:background>
   <osmand:color>#ffff80ff</osmand:color>
   <osmand:amenity_subtype>user_defined_other_postcode</osmand:amenity_subtype>
   <osmand:amenity_type>user_defined_other</osmand:amenity_type>
  </extensions>
 </wpt>
 <wpt lat="36.9874" lon="-119.1561">
  <ele>0.0</ele>
  <time>2024-07-12 00:00:00 UTC</time>
  <name>Travelodge</name>
  <desc>Great staff. Nice location in Yuba City Ca&#xA;&#xA;Date verified: 2024-07-12 00:00:00 UTC&#xA;Open: Yes&#xA;&#xA;https://ioverlander.com/places/8db3376c-9cbe-4c9f-84e0-2e0745571856 (network required)&#xA;</desc>
  <type>Hotel</type>
  <extensions>
   <osmand:icon>tourism_viewpoint</osmand:icon>
   <osmand:background>star</osmand:background>
   <osmand:color>#ffff80ff</osmand:color>
   <osmand:amenity_subtype>user_defined_other_postcode</osmand:amenity_subtype>
   <osmand:amenity_type>user_defined_other</osmand:amenity_type>
  </extensions>
 </wpt>
 <wpt lat="32.19" lon="-99.6246">
  <ele>0.0</ele>
  <time>2024-07-12 00:00:00 UTC</time>
  <name>Desert Hills Motel</name>
  <desc>Big place with lots of parking no matter what size vehicles. Big rooms for about $50 a night, king size bed, air con, cable tv, fridge/freezer and hot water etc. bit of a luxyry compared to my experience in south america but good value and on historic route 66 too! wiifi is the phone number.&#xA;&#xA;Date verified: 2024-07-12 00:00:00 UTC&#xA;Open: Yes&#xA;&#xA;https://ioverlander.com/places/02e1e144-2cec-40bd-b48a-3e477417d81c (network required)&#xA;</desc>
  <type>Hotel</type>
  <extensions>
   <osmand:icon>tourism_viewpoint</osmand:icon>
   <osmand:background>star</osmand:background>
   <osmand:color>#ffff80ff</osmand:color>
   <osmand:amenity_subtype>user_defined_other_postcode</osmand:amenity_subtype>
   <osmand:amenity_type>user_defined_other</osmand:amenity_type>
  </extensions>
 </wpt>
 <wpt lat="44.0378" lon="-120.2616">
  <ele>0.0</ele>
  <time>2024-07-12 00:00:00 UTC</time>
  <name>The remerhotel</name>
  <desc>Friendly clean reasonably priced close to gas and food&#xA;&#xA;Date verified: 2024-07-12 00:00:00 UTC&#xA;Open: Yes&#xA;&#xA;https://ioverlander.com/places/fbd7c23d-faf6-4539-950f-5278a46756b5 (network required)&#xA;</desc>
  <type>Hotel</type>
  <extensions>
   <osmand:icon>tourism_viewpoint</osmand:icon>
   <osmand:background>star</osmand:background>
   <osmand:color>#ffff80ff</osmand:color>
   <osmand:amenity_subtype>user_defined_other_postcode</osmand:amenity_subtype>
   <osmand:amenity_type>user_defined_other</osmand:amenity_type>
  </extensions>
 </wpt>
 <wpt lat="39.567" lon="-110.7857">
  <ele>0.0</ele>
  <time>2024-07-12 00:00:00 UTC</time>
  <name>Manago Hotel</name>
  <desc>A very basic accommodation. 45usd two beds with shared toilets (which are reasonably clean). Or 73usd with private toilet , all private rooms have small balconies facing ocean. Rooms only have fan and wifi is free. This place has over 100 year old restaurant on premises which serves delicious food (mains in range of 12-15usd), pancakes are huge fluffy size of a side plate worth trying. There is also a taco truck down the road, few fruit shops and supermarket 10 minutes of walking distance. We stayed here 3 nights on the way back from overland trip in usa. Having a rental car made it convenient as 20 minutes to kona where we dived and few snorkeling places within 10 minutes of drive. Volcano np is 2 hours drive towards hilo but it was closed due to hightened activity. Nice drive.&#xA;&#xA;Date verified: 2024-07-12 00:00:00 UTC&#xA;Open: Yes&#xA;&#xA;https://ioverlander.com/places/e854ce0b-099b-496c-996b-ad1353ee6d18 (network required)&#xA;</desc>
  <type>Hotel</type>
  <extensions>
   <osmand:icon>tourism_viewpoint</osmand:icon>
   <osmand:background>star</osmand:background>
   <osmand:color>#ffff80ff</osmand:color>
   <osmand:amenity_subtype>user_defined_other_postcode</osmand:amenity_subtype>
   <osmand:amenity_type>user_defined_other</osmand:amenity_type>
  </extensions>
 </wpt>
 <wpt lat="39.8084" lon="-105.4587">
  <ele>0.0</ele>
  <time>2024-07-12 00:00:00 UTC</time>
  <name>Great Plains Bunk House</name>
  <desc>Great place to stay right on the TransAmerica Trail, right before exiting Oklahoma. Owners are kind and accommodating. Rooms are themed and comfortable. $70 a night for a room. They also allow camping on their property. Has a park for kids to play.&#xA;&#xA;Date verified: 2024-07-12 00:00:00 UTC&#xA;Open: Yes&#xA;&#xA;https://ioverlander.com/places/6f3dd4a9-0107-445a-9330-5570c8ceb021 (network required)&#xA;</desc>
  <type>Hotel</type>
  <extensions>
   <osmand:icon>tourism_viewpoint</osmand:icon>
   <osmand:background>star</osmand:background>
   <osmand:color>#ffff80ff</osmand:color>
   <osmand:amenity_subtype>user_defined_other_postcode</osmand:amenity_subtype>
   <osmand:amenity_type>user_defined_other</osmand:amenity_type>
  </extensions>
 </wpt>
 <wpt lat="34.3195" lon="-110.7549">
  <ele>0.0</ele>
  <time>2024-07-12 00:00:00 UTC</time>
  <name>Modern Hotel and Bar</name>
  <desc>Updated retro motel in downtown Boise, ID.&#xA;&#xA;Date verified: 2024-07-12 00:00:00 UTC&#xA;Open: Yes&#xA;&#xA;https://ioverlander.com/places/ecf758ae-9fe8-49a9-b30b-e25ce0719581 (network required)&#xA;</desc>
  <type>Hotel</type>
  <extensions>
   <osmand:icon>tourism_viewpoint</osmand:icon>
   <osmand:background>star</osmand:background>
   <osmand:color>#ffff80ff</osmand:color>
   <osmand:amenity_subtype>user_defined_other_postcode</osmand:amenity_subtype>
   <osmand:amenity_type>user_defined_other</osmand:amenity_type>
  </extensions>
 </wpt>
 <wpt lat="48.034" lon="-120.3859">
  <ele>0.0</ele>
  <time>2024-07-12 00:00:00 UTC</time>
  <name>Scottish Motel</name>
  <desc>Nothing special, but we wanted to live the “motel experience” before leaving the country. 60$ + tax for a double room. We cried a little and they accepted just 60$. The room was clean.&#xA;&#xA;Date verified: 2024-07-12 00:00:00 UTC&#xA;Open: Yes&#xA;&#xA;https://ioverlander.com/places/ef283ad3-3fa0-4af2-a12a-00e93ed84312 (network required)&#xA;</desc>
  <type>Hotel</type>
  <extensions>
   <osmand:icon>tourism_viewpoint</osmand:icon>
   <osmand:background>star</osmand:background>
   <osmand:color>#ffff80ff</osmand:color>
   <osmand:amenity_subtype>user_defined_other_postcode</osmand:amenity_subtype>
   <osmand:amenity_type>user_defined_other</osmand:amenity_type>
  </extensions>
 </wpt>
 <wpt lat="27.96" lon="-81.1462">
  <ele>0.0</ele>
  <time>2024-07-12 00:00:00 UTC</time>
  <name>Motel 6</name>
  <desc>Very clean, modern and cheap motel, just off interstate highway.&#xA;&#xA;Date verified: 2024-07-12 00:00:00 UTC&#xA;Open: Yes&#xA;&#xA;https://ioverlander.com/places/f6109b33-fc05-4f0b-90cf-6af1a4dbc9b1 (network required)&#xA;</desc>
  <type>Hotel</type>
  <extensions>
   <osmand:icon>tourism_viewpoint</osmand:icon>
   <osmand:background>star</osmand:background>
   <osmand:color>#ffff80ff</osmand:color>
   <osmand:amenity_subtype>user_defined_other_postcode</osmand:amenity_subtype>
   <osmand:amenity_type>user_defined_other</osmand:amenity_type>
  </extensions>
 </wpt>
 <wpt lat="43.3834" lon="-106.9053">
  <ele>0.0</ele>
  <time>2024-07-12 00:00:00 UTC</time>
  <name>The flute shop</name>
  <desc>Very friendly and nice couple having native souvenirs shop and a little motel. Room for 50 usd availible :)&#xA;Totally recommended!&#xA;&#xA;Date verified: 2024-07-12 00:00:00 UTC&#xA;Open: Yes&#xA;&#xA;https://ioverlander.com/places/aa4d63b9-1c2b-4ea4-932b-8cd5474a582f (network required)&#xA;</desc>
  <type>Hotel</type>
  <extensions>
   <osmand:icon>tourism_viewpoint</osmand:icon>
   <osmand:background>star</osmand:background>
   <osmand:color>#ffff80ff</osmand:color>
   <osmand:amenity_subtype>user_defined_other_postcode</osmand:amenity_subtype>
   <osmand:amenity_type>user_defined_other</osmand:amenity_type>
  </extensions>
 </wpt>
 <wpt lat="47.1995" lon="-109.9622">
  <ele>0.0</ele>
  <time>2024-07-12 00:00:00 UTC</time>
  <name>Denio Junction</name>
  <desc>Small motel, cafe, fuel, bar, &amp; RV park.&#xA;&#xA;Date verified: 2024-07-12 00:00:00 UTC&#xA;Open: Yes&#xA;&#xA;https://ioverlander.com/places/37e90a31-7d1f-47bf-a9cd-2dbed3dab0df (network required)&#xA;</desc>
  <type>Hotel</type>
  <extensions>
   <osmand:icon>tourism_viewpoint</osmand:icon>
   <osmand:background>star</osmand:background>
   <osmand:color>#ffff80ff</osmand:color>
   <osmand:amenity_subtype>user_defined_other_postcode</osmand:amenity_subtype>
   <osmand:amenity_type>user_defined_other</osmand:amenity_type>
  </extensions>
 </wpt>
 <wpt lat="39.1347" lon="-116.0036">
  <ele>0.0</ele>
  <time>2024-07-12 00:00:00 UTC</time>
  <name>Gulfway Motel</name>
  <desc>Small motel with clean rooms free wifi fridges and microwaves&#xA;&#xA;Date verified: 2024-07-12 00:00:00 UTC&#xA;Open: Yes&#xA;&#xA;https://ioverlander.com/places/d38a8d32-e373-4591-b144-8e4825a29806 (network required)&#xA;</desc>
  <type>Hotel</type>
  <extensions>
   <osmand:icon>tourism_viewpoint</osmand:icon>
   <osmand:background>star</osmand:background>
   <osmand:color>#ffff80ff</osmand:color>
   <osmand:amenity_subtype>user_defined_other_postcode</osmand:amenity_subtype>
   <osmand:amenity_type>user_defined_other</osmand:amenity_type>
  </extensions>
 </wpt>
 <wpt lat="44.4126" lon="-114.3108">
  <ele>0.0</ele>
  <time>2024-07-12 00:00:00 UTC</time>
  <name>Budget Inn</name>
  <desc>$43 including all taxes for a single, strong Wi-Fi, clean, friendly and well lit parking.&#xA;&#xA;Date verified: 2024-07-12 00:00:00 UTC&#xA;Open: Yes&#xA;&#xA;https://ioverlander.com/places/f120cde5-0aa8-4bb1-86f9-d83d810d8d9e (network required)&#xA;</desc>
  <type>Hotel</type>
  <extensions>
   <osmand:icon>tourism_viewpoint</osmand:icon>
   <osmand:background>star</osmand:background>
   <osmand:color>#ffff80ff</osmand:color>
   <osmand:amenity_subtype>user_defined_other_postcode</osmand:amenity_subtype>
   <osmand:amenity_type>user_defined_other</osmand:amenity_type>
  </extensions>
 </wpt>
 <wpt lat="34.8766" lon="-105.4235">
  <ele>0.0</ele>
  <time>2024-07-12 00:00:00 UTC</time>
  <name>Antelope Lodge</name>
  <desc>Fairly basic cabins but each is self contained, with parking. Good hot shower, fast WiFi, TV, cooker. $80 a night but the weather was freezing and we were stuck so we were happy to pay.&#xA;&#xA;Date verified: 2024-07-12 00:00:00 UTC&#xA;Open: Yes&#xA;&#xA;https://ioverlander.com/places/bae545cf-7baf-4b7d-bd61-684ef7798825 (network required)&#xA;</desc>
  <type>Hotel</type>
  <extensions>
   <osmand:icon>tourism_viewpoint</osmand:icon>
   <osmand:background>star</osmand:background>
   <osmand:color>#ffff80ff</osmand:color>
   <osmand:amenity_subtype>user_defined_other_postcode</osmand:amenity_subtype>
   <osmand:amenity_type>user_defined_other</osmand:amenity_type>
  </extensions>
 </wpt>
 <wpt lat="36.7783" lon="-119.4179">
  <ele>0.0</ele>
  <time>2024-07-12 00:00:00 UTC</time>
  <name>Thurston&#39;s lobster</name>
  <desc>Good place for a lobster sandwich (we preferred the grilled cheese over the roll), some drinks and wifi while looking over the harbor. This area is more off the beaten path and is nothing like bar harbor.&#xA;&#xA;Date verified: 2024-07-12 00:00:00 UTC&#xA;Open: Yes&#xA;&#xA;https://ioverlander.com/places/b0dd14cf-61f0-4cb5-9c21-015fb3ad8fb6 (network required)&#xA;</desc>
  <type>Restaurant</type>
  <extensions>
   <osmand:icon>tourism_viewpoint</osmand:icon>
   <osmand:background>star</osmand:background>
   <osmand:color>#ffff80ff</osmand:color>
   <osmand:amenity_subtype>user_defined_other_postcode</osmand:amenity_subtype>
   <osmand:amenity_type>user_defined_other</osmand:amenity_type>
  </extensions>
 </wpt>
 <wpt lat="31.9809" lon="-99.8864">
  <ele>0.0</ele>
  <time>2024-07-12 00:00:00 UTC</time>
  <name>Backslope brewing</name>
  <desc>In a industry now over saturated in mediocrity this brewery stands out. Great beers at a cheap price $4, and very good food. (Try the ginger pork sand which with fries ($10). This place is very good and should be visited while you come and go from Glacier. Stands apart from most/all of the other Montana breweries we&#39;ve been too!&#xA;&#xA;Date verified: 2024-07-12 00:00:00 UTC&#xA;Open: Yes&#xA;&#xA;https://ioverlander.com/places/296f9e6f-0268-4e51-93c8-c098fc1c9c85 (network required)&#xA;</desc>
  <type>Restaurant</type>
  <extensions>
   <osmand:icon>tourism_viewpoint</osmand:icon>
   <osmand:background>star</osmand:background>
   <osmand:color>#ffff80ff</osmand:color>
   <osmand:amenity_subtype>user_defined_other_postcode</osmand:amenity_subtype>
   <osmand:amenity_type>user_defined_other</osmand:amenity_type>
  </extensions>
 </wpt>
 <wpt lat="43.8287" lon="-120.5234">
  <ele>0.0</ele>
  <time>2024-07-12 00:00:00 UTC</time>
  <name>Mandarin Gourmet</name>
  <desc>Chinese restaurant.&#xA;All you can eat for 7,99$&#xA;Good price for value.&#xA;&#xA;Date verified: 2024-07-12 00:00:00 UTC&#xA;Open: Yes&#xA;&#xA;https://ioverlander.com/places/43066b6d-24f8-46db-b1cb-6eb0a4e70485 (network required)&#xA;</desc>
  <type>Restaurant</type>
  <extensions>
   <osmand:icon>tourism_viewpoint</osmand:icon>
   <osmand:background>star</osmand:background>
   <osmand:color>#ffff80ff</osmand:color>
   <osmand:amenity_subtype>user_defined_other_postcode</osmand:amenity_subtype>
   <osmand:amenity_type>user_defined_other</osmand:amenity_type>
  </extensions>
 </wpt>
 <wpt lat="39.3579" lon="-111.0475">
  <ele>0.0</ele>
  <time>2024-07-12 00:00:00 UTC</time>
  <name>Rusty Bike</name>
  <desc>Home cooked food. Local favorite.&#xA;&#xA;Owner is an avid motorcylist with plenty of good advice on riding the Tail of the Dragon.&#xA;&#xA;Date verified: 2024-07-12 00:00:00 UTC&#xA;Open: Yes&#xA;&#xA;https://ioverlander.com/places/2bbb3f37-6906-4d9d-bc06-1aebc3f89104 (network required)&#xA;</desc>
  <type>Restaurant</type>
  <extensions>
   <osmand:icon>tourism_viewpoint</osmand:icon>
   <osmand:background>star</osmand:background>
   <osmand:color>#ffff80ff</osmand:color>
   <osmand:amenity_subtype>user_defined_other_postcode</osmand:amenity_subtype>
   <osmand:amenity_type>user_defined_other</osmand:amenity_type>
  </extensions>
 </wpt>
 <wpt lat="39.5993" lon="-105.7205">
  <ele>0.0</ele>
  <time>2024-07-12 00:00:00 UTC</time>
  <name>The Ohana Family Cafe</name>
  <desc>A must-stop. The best small-town America experience we&#39;ve had to date... Excellent pulled pork, delicious BBQ sauce and a delightful variety of yummy pies. The staff and owners are lovely and made us feel extraordinarily welcome. On top of bottomless cups of coffee, there is reasonably fast wifi (no mobile service here). Highly recommend: Roel (from Holland): &#34;The best place I&#39;ve eaten at in the US.&#34; :) Lots of free wild camping options between here and the Very Large Array.&#xA;&#xA;Date verified: 2024-07-12 00:00:00 UTC&#xA;Open: Yes&#xA;&#xA;https://ioverlander.com/places/6674dee5-e84a-46b1-ba03-3a8d2230b28b (network required)&#xA;</desc>
  <type>Restaurant</type>
  <extensions>
   <osmand:icon>tourism_viewpoint</osmand:icon>
   <osmand:background>star</osmand:background>
   <osmand:color>#ffff80ff</osmand:color>
   <osmand:amenity_subtype>user_defined_other_postcode</osmand:amenity_subtype>
   <osmand:amenity_type>user_defined_other</osmand:amenity_type>
  </extensions>
 </wpt>
 <wpt lat="34.1104" lon="-111.0167">
  <ele>0.0</ele>
  <time>2024-07-12 00:00:00 UTC</time>
  <name>Mazama Country Store</name>
  <desc>Country store with a deli and coffee house. Great bakery items.&#xA;&#xA;Date verified: 2024-07-12 00:00:00 UTC&#xA;Open: Yes&#xA;&#xA;https://ioverlander.com/places/41d5f174-7a2e-43eb-bef0-1db8ef861642 (network required)&#xA;</desc>
  <type>Restaurant</type>
  <extensions>
   <osmand:icon>tourism_viewpoint</osmand:icon>
   <osmand:background>star</osmand:background>
   <osmand:color>#ffff80ff</osmand:color>
   <osmand:amenity_subtype>user_defined_other_postcode</osmand:amenity_subtype>
   <osmand:amenity_type>user_defined_other</osmand:amenity_type>
  </extensions>
 </wpt>
 <wpt lat="47.8249" lon="-120.6477">
  <ele>0.0</ele>
  <time>2024-07-12 00:00:00 UTC</time>
  <name>Astoria Pier 39</name>
  <desc>TOP!!!&#xA;Wonderful place on the water with a nice beer bar „rogue“ with great cheep food and a lovely cafe - „coffee girl“ - we stayed here overnight on the street - quiet - no problems&#xA;and we had many sea lions on the pier -&#xA;so nice to see them sooo close :)&#xA;&#xA;Date verified: 2024-07-12 00:00:00 UTC&#xA;Open: Yes&#xA;&#xA;https://ioverlander.com/places/5712f30c-8172-4684-82ec-cfd9eabc6f14 (network required)&#xA;</desc>
  <type>Restaurant</type>
  <extensions>
   <osmand:icon>tourism_viewpoint</osmand:icon>
   <osmand:background>star</osmand:background>
   <osmand:color>#ffff80ff</osmand:color>
   <osmand:amenity_subtype>user_defined_other_postcode</osmand:amenity_subtype>
   <osmand:amenity_type>user_defined_other</osmand:amenity_type>
  </extensions>
 </wpt>
 <wpt lat="27.7509" lon="-81.408">
  <ele>0.0</ele>
  <time>2024-07-12 00:00:00 UTC</time>
  <name>Wheat Montana bakery</name>
  <desc>exit 274 on I 90. deli, coffee, etc. Your sweet tooth serviced here.&#xA;&#xA;Date verified: 2024-07-12 00:00:00 UTC&#xA;Open: Yes&#xA;&#xA;https://ioverlander.com/places/0a482ea3-c965-4216-bd4c-dddbd9d12046 (network required)&#xA;</desc>
  <type>Restaurant</type>
  <extensions>
   <osmand:icon>tourism_viewpoint</osmand:icon>
   <osmand:background>star</osmand:background>
   <osmand:color>#ffff80ff</osmand:color>
   <osmand:amenity_subtype>user_defined_other_postcode</osmand:amenity_subtype>
   <osmand:amenity_type>user_defined_other</osmand:amenity_type>
  </extensions>
 </wpt>
 <wpt lat="43.1743" lon="-107.1671">
  <ele>0.0</ele>
  <time>2024-07-12 00:00:00 UTC</time>
  <name>Schat’s Bakery</name>
  <desc>Good bread :) lots of good food, fresh orange juice, ...&#xA;&#xA;Date verified: 2024-07-12 00:00:00 UTC&#xA;Open: Yes&#xA;&#xA;https://ioverlander.com/places/b222f9fc-6035-4d41-a61b-08cc686f0400 (network required)&#xA;</desc>
  <type>Restaurant</type>
  <extensions>
   <osmand:icon>tourism_viewpoint</osmand:icon>
   <osmand:background>star</osmand:background>
   <osmand:color>#ffff80ff</osmand:color>
   <osmand:amenity_subtype>user_defined_other_postcode</osmand:amenity_subtype>
   <osmand:amenity_type>user_defined_other</osmand:amenity_type>
  </extensions>
 </wpt>
 <wpt lat="46.9904" lon="-110.224">
  <ele>0.0</ele>
  <time>2024-07-12 00:00:00 UTC</time>
  <name>Bisbee breakfast club</name>
  <desc>Great place for American breakfast. Not a greasy spoon. Parking for big rigs&#xA;&#xA;Date verified: 2024-07-12 00:00:00 UTC&#xA;Open: Yes&#xA;&#xA;https://ioverlander.com/places/3f02daea-0bab-4d56-914b-299c5750401f (network required)&#xA;</desc>
  <type>Restaurant</type>
  <extensions>
   <osmand:icon>tourism_viewpoint</osmand:icon>
   <osmand:background>star</osmand:background>
   <osmand:color>#ffff80ff</osmand:color>
   <osmand:amenity_subtype>user_defined_other_postcode</osmand:amenity_subtype>
   <osmand:amenity_type>user_defined_other</osmand:amenity_type>
  </extensions>
 </wpt>
 <wpt lat="38.9256" lon="-116.2654">
  <ele>0.0</ele>
  <time>2024-07-12 00:00:00 UTC</time>
  <name>Alps Haus Cafe in Marleeville</name>
  <desc>GREAT place for a breakfast burrito or lunch! They have WiFi. Across the street is a public water bottle filling station. Very welcoming to a traveler.&#xA;&#xA;Date verified: 2024-07-12 00:00:00 UTC&#xA;Open: Yes&#xA;&#xA;https://ioverlander.com/places/be182d5d-cf3b-4828-824a-b97917d7211b (network required)&#xA;</desc>
  <type>Restaurant</type>
  <extensions>
   <osmand:icon>tourism_viewpoint</osmand:icon>
   <osmand:background>star</osmand:background>
   <osmand:color>#ffff80ff</osmand:color>
   <osmand:amenity_subtype>user_defined_other_postcode</osmand:amenity_subtype>
   <osmand:amenity_type>user_defined_other</osmand:amenity_type>
  </extensions>
 </wpt>
 <wpt lat="44.2035" lon="-114.5726">
  <ele>0.0</ele>
  <time>2024-07-12 00:00:00 UTC</time>
  <name>Burrito Del Sol</name>
  <desc>Really good Baja style tacos. Possibly best in Florida. Only street parking available. Dogs welcome for outside seating.&#xA;&#xA;Date verified: 2024-07-12 00:00:00 UTC&#xA;Open: Yes&#xA;&#xA;https://ioverlander.com/places/3665aa8c-a23e-4fab-b5f3-89f60a86146d (network required)&#xA;</desc>
  <type>Restaurant</type>
  <extensions>
   <osmand:icon>tourism_viewpoint</osmand:icon>
   <osmand:background>star</osmand:background>
   <osmand:color>#ffff80ff</osmand:color>
   <osmand:amenity_subtype>user_defined_other_postcode</osmand:amenity_subtype>
   <osmand:amenity_type>user_defined_other</osmand:amenity_type>
  </extensions>
 </wpt>
 <wpt lat="34.6675" lon="-105.6853">
  <ele>0.0</ele>
  <time>2024-07-12 00:00:00 UTC</time>
  <name>Joshua Tree - Crossroads Cafe</name>
  <desc>$5 beers and generous mimosas. Ruben excellent, can’t miss cappuccino! Pancakes YES!!&#xA;&#xA;Date verified: 2024-07-12 00:00:00 UTC&#xA;Open: Yes&#xA;&#xA;https://ioverlander.com/places/71262639-9158-4ef7-a1bd-b8729fa9b134 (network required)&#xA;</desc>
  <type>Restaurant</type>
  <extensions>
   <osmand:icon>tourism_viewpoint</osmand:icon>
   <osmand:background>star</osmand:background>
   <osmand:color>#ffff80ff</osmand:color>
   <osmand:amenity_subtype>user_defined_other_postcode</osmand:amenity_subtype>
   <osmand:amenity_type>user_defined_other</osmand:amenity_type>
  </extensions>
 </wpt>
 <wpt lat="36.9382" lon="-119.2177">
  <ele>0.0</ele>
  <time>2024-07-12 00:00:00 UTC</time>
  <name>Kiva Koffehouse &amp; Kiva Kottage</name>
  <desc>Very nice coffee place with organic products, fresh coffee and a variety of drinks and food like breakfast or salads or gluten-free pasta... it’s up on a hill so the view is gorgeous and it is lovely outside for a warm day. We really enjoyed stopping here and we recommend it !&#xA;&#xA;Open Wed-Sun 8-4pm&#xA;&#xA;Date verified: 2024-07-12 00:00:00 UTC&#xA;Open: Yes&#xA;&#xA;https://ioverlander.com/places/48c11410-f33d-4520-ad8f-06555a9b4285 (network required)&#xA;</desc>
  <type>Restaurant</type>
  <extensions>
   <osmand:icon>tourism_viewpoint</osmand:icon>
   <osmand:background>star</osmand:background>
   <osmand:color>#ffff80ff</osmand:color>
   <osmand:amenity_subtype>user_defined_other_postcode</osmand:amenity_subtype>
   <osmand:amenity_type>user_defined_other</osmand:amenity_type>
  </extensions>
 </wpt>
 <wpt lat="32.1408" lon="-99.6862">
  <ele>0.0</ele>
  <time>2024-07-12 00:00:00 UTC</time>
  <name>Paradise bar and grill</name>
  <desc>best food we&#39;ve had in weeks. open air bar and restaurant... decent prices, live music, nice bartenders, clean bathrooms. had a blackened mahi basket,(12.95) smuggled in our own booze and stayed in the parking lot right on the water. even a tiny dog park here too but no dogs in the bar. &#34;no dogs&#34; seems to be the Mantra for Pensacola beach sadly. enjoy!&#xA;&#xA;Date verified: 2024-07-12 00:00:00 UTC&#xA;Open: Yes&#xA;&#xA;https://ioverlander.com/places/4a2aba1a-5bfd-4c7f-a399-cddb2c328a8f (network required)&#xA;</desc>
  <type>Restaurant</type>
  <extensions>
   <osmand:icon>tourism_viewpoint</osmand:icon>
   <osmand:background>star</osmand:background>
   <osmand:color>#ffff80ff</osmand:color>
   <osmand:amenity_subtype>user_defined_other_postcode</osmand:amenity_subtype>
   <osmand:amenity_type>user_defined_other</osmand:amenity_type>
  </extensions>
 </wpt>
 <wpt lat="43.9886" lon="-120.3232">
  <ele>0.0</ele>
  <time>2024-07-12 00:00:00 UTC</time>
  <name>Ziggy&#39;s Roadside BBQ</name>
  <desc>This is a simple place where you order at the counter then seat yourself, but they serve up the best BBQ we&#39;ve ever had. I was worried when the meal came served on a foam plate with plastic utensils, but the the ribs, the brisket, and turkey were all so tender they fell apart with the lightest touch of the fork. The BBQ sauce had the perfect balance of tartness and. sweetness, and we ended up with a plate full of perfection. This place is a &#34;must stop if you like BBQ!&#xA;&#xA;Date verified: 2024-07-12 00:00:00 UTC&#xA;Open: Yes&#xA;&#xA;https://ioverlander.com/places/1b338dfb-462c-4dac-900a-737f316ecf22 (network required)&#xA;</desc>
  <type>Restaurant</type>
  <extensions>
   <osmand:icon>tourism_viewpoint</osmand:icon>
   <osmand:background>star</osmand:background>
   <osmand:color>#ffff80ff</osmand:color>
   <osmand:amenity_subtype>user_defined_other_postcode</osmand:amenity_subtype>
   <osmand:amenity_type>user_defined_other</osmand:amenity_type>
  </extensions>
 </wpt>
 <wpt lat="39.5178" lon="-110.8473">
  <ele>0.0</ele>
  <time>2024-07-12 00:00:00 UTC</time>
  <name>Crawfishtown USA</name>
  <desc>This place is a gem! Roadside crawfish with awesome service and RV park in the rear!&#xA;&#xA;Date verified: 2024-07-12 00:00:00 UTC&#xA;Open: Yes&#xA;&#xA;https://ioverlander.com/places/bcc754b7-7726-46dc-8d66-13e0bc26f954 (network required)&#xA;</desc>
  <type>Restaurant</type>
  <extensions>
   <osmand:icon>tourism_viewpoint</osmand:icon>
   <osmand:background>star</osmand:background>
   <osmand:color>#ffff80ff</osmand:color>
   <osmand:amenity_subtype>user_defined_other_postcode</osmand:amenity_subtype>
   <osmand:amenity_type>user_defined_other</osmand:amenity_type>
  </extensions>
 </wpt>
 <wpt lat="39.7592" lon="-105.5203">
  <ele>0.0</ele>
  <time>2024-07-12 00:00:00 UTC</time>
  <name>Steamies Burger Bar</name>
  <desc>In the little touristy town of Telluride.&#xA;&#xA;Burgers start at 5.95$/7.95$double and fries start at 3.95$&#xA;&#xA;Burger was really food but the fries were pretty bad(being nice)&#xA;&#xA;Date verified: 2024-07-12 00:00:00 UTC&#xA;Open: Yes&#xA;&#xA;https://ioverlander.com/places/df636822-07af-461b-8068-b9fc9b8cf0c3 (network required)&#xA;</desc>
  <type>Restaurant</type>
  <extensions>
   <osmand:icon>tourism_viewpoint</osmand:icon>
   <osmand:background>star</osmand:background>
   <osmand:color>#ffff80ff</osmand:color>
   <osmand:amenity_subtype>user_defined_other_postcode</osmand:amenity_subtype>
   <osmand:amenity_type>user_defined_other</osmand:amenity_type>
  </extensions>
 </wpt>
 <wpt lat="34.2703" lon="-110.8165">
  <ele>0.0</ele>
  <time>2024-07-12 00:00:00 UTC</time>
  <name>Sunsets West Co-op Eatery</name>
  <desc>Nice little food co-operative with organic coffee &amp; home made food. A bistro in a small town (next to great haircuts), and down the road from the public library. WIFI&#xA;&#xA;Date verified: 2024-07-12 00:00:00 UTC&#xA;Open: Yes&#xA;&#xA;https://ioverlander.com/places/ed6e2a22-2dbb-4ccb-bbd7-7e55e1f8232e (network required)&#xA;</desc>
  <type>Restaurant</type>
  <extensions>
   <osmand:icon>tourism_viewpoint</osmand:icon>
   <osmand:background>star</osmand:background>
   <osmand:color>#ffff80ff</osmand:color>
   <osmand:amenity_subtype>user_defined_other_postcode</osmand:amenity_subtype>
   <osmand:amenity_type>user_defined_other</osmand:amenity_type>
  </extensions>
 </wpt>
 <wpt lat="47.9848" lon="-120.4475">
  <ele>0.0</ele>
  <time>2024-07-12 00:00:00 UTC</time>
  <name>Foothills Cafe</name>
  <desc>Great breakfast (and lunch?) spot outside of Yosemite. HUGE portions of tastey food, very reasonable prices.&#xA;&#xA;Date verified: 2024-07-12 00:00:00 UTC&#xA;Open: Yes&#xA;&#xA;https://ioverlander.com/places/48e6088a-c738-4b1f-b5a9-02a29803fbb2 (network required)&#xA;</desc>
  <type>Restaurant</type>
  <extensions>
   <osmand:icon>tourism_viewpoint</osmand:icon>
   <osmand:background>star</osmand:background>
   <osmand:color>#ffff80ff</osmand:color>
   <osmand:amenity_subtype>user_defined_other_postcode</osmand:amenity_subtype>
   <osmand:amenity_type>user_defined_other</osmand:amenity_type>
  </extensions>
 </wpt>
 <wpt lat="27.9108" lon="-81.2078">
  <ele>0.0</ele>
  <time>2024-07-12 00:00:00 UTC</time>
  <name>Rogues Garden, Valdez</name>
  <desc>Great cafe &amp; shop with alternative health products, deli products, fresh fruit and vegetables and delicious coffee, cakes, breads, snacks etc, some veggie, vegan and gluten free.&#xA;&#xA;Date verified: 2024-07-12 00:00:00 UTC&#xA;Open: Yes&#xA;&#xA;https://ioverlander.com/places/8ab03b0f-94a4-4803-a823-ea6ad969cb03 (network required)&#xA;</desc>
  <type>Restaurant</type>
  <extensions>
   <osmand:icon>tourism_viewpoint</osmand:icon>
   <osmand:background>star</osmand:background>
   <osmand:color>#ffff80ff</osmand:color>
   <osmand:amenity_subtype>user_defined_other_postcode</osmand:amenity_subtype>
   <osmand:amenity_type>user_defined_other</osmand:amenity_type>
  </extensions>
 </wpt>
 <wpt lat="43.3342" lon="-106.9669">
  <ele>0.0</ele>
  <time>2024-07-12 00:00:00 UTC</time>
  <name>Chez Jacqueline</name>
  <desc>Very nice family. Cajun restaurant. 18$ per plate. Great place.&#xA;&#xA;Closed on Tuesdays&#xA;&#xA;Date verified: 2024-07-12 00:00:00 UTC&#xA;Open: Yes&#xA;&#xA;https://ioverlander.com/places/2807b417-5040-43f0-be9a-7ddfa57a36fe (network required)&#xA;</desc>
  <type>Restaurant</type>
  <extensions>
   <osmand:icon>tourism_viewpoint</osmand:icon>
   <osmand:background>star</osmand:background>
   <osmand:color>#ffff80ff</osmand:color>
   <osmand:amenity_subtype>user_defined_other_postcode</osmand:amenity_subtype>
   <osmand:amenity_type>user_defined_other</osmand:amenity_type>
  </extensions>
 </wpt>
 <wpt lat="47.1503" lon="-110.0238">
  <ele>0.0</ele>
  <time>2024-07-12 00:00:00 UTC</time>
  <name>Creekside Cafe &amp; Lodging</name>
  <desc>I can’t comment on the Lodging as I didn’t stay, but the cafe is great and the baked goods exemplary. Everything is baked on the premises and the Cinnamon buns are to die for!&#xA;Cinnamon bun (Texas size) &amp; hot chocolate $9.50&#xA;&#xA;Date verified: 2024-07-12 00:00:00 UTC&#xA;Open: Yes&#xA;&#xA;https://ioverlander.com/places/dd65bd46-58b4-4415-9a4a-cd5009e5d837 (network required)&#xA;</desc>
  <type>Restaurant</type>
  <extensions>
   <osmand:icon>tourism_viewpoint</osmand:icon>
   <osmand:background>star</osmand:background>
   <osmand:color>#ffff80ff</osmand:color>
   <osmand:amenity_subtype>user_defined_other_postcode</osmand:amenity_subtype>
   <osmand:amenity_type>user_defined_other</osmand:amenity_type>
  </extensions>
 </wpt>
 <wpt lat="39.0855" lon="-116.0652">
  <ele>0.0</ele>
  <time>2024-07-12 00:00:00 UTC</time>
  <name>Burr Trail Outpost</name>
  <desc>Cool place! Water, free WiFi, good food, a place to sit and hang out in the shade (or in the warmth in winter when it&#39;s - 6C and snow outside! ). What else do you need?&#xA;&#xA;Date verified: 2024-07-12 00:00:00 UTC&#xA;Open: Yes&#xA;&#xA;https://ioverlander.com/places/2354f53e-6ae3-47ed-904e-3defdae51990 (network required)&#xA;</desc>
  <type>Restaurant</type>
  <extensions>
   <osmand:icon>tourism_viewpoint</osmand:icon>
   <osmand:background>star</osmand:background>
   <osmand:color>#ffff80ff</osmand:color>
   <osmand:amenity_subtype>user_defined_other_postcode</osmand:amenity_subtype>
   <osmand:amenity_type>user_defined_other</osmand:amenity_type>
  </extensions>
 </wpt>
 <wpt lat="44.3634" lon="-114.3724">
  <ele>0.0</ele>
  <time>2024-07-12 00:00:00 UTC</time>
  <name>Stan&#39;s</name>
  <desc>Best burgers and fries with special sauce. Shakes are their forte. Don&#39;t ask me how they make them like this. You just have to see it yourself! An oasis in a barren land.&#xA;&#xA;Date verified: 2024-07-12 00:00:00 UTC&#xA;Open: Yes&#xA;&#xA;https://ioverlander.com/places/9a1fbbeb-d69e-4516-9758-2e2583dbc6cc (network required)&#xA;</desc>
  <type>Restaurant</type>
  <extensions>
   <osmand:icon>tourism_viewpoint</osmand:icon>
   <osmand:background>star</osmand:background>
   <osmand:color>#ffff80ff</osmand:color>
   <osmand:amenity_subtype>user_defined_other_postcode</osmand:amenity_subtype>
   <osmand:amenity_type>user_defined_other</osmand:amenity_type>
  </extensions>
 </wpt>
 <wpt lat="34.8274" lon="-105.4851">
  <ele>0.0</ele>
  <time>2024-07-12 00:00:00 UTC</time>
  <name>North Fork Beer Shrine &amp; Pizzeria</name>
  <desc>Brewery &amp; Food. Wi-Fi. Good local beer, cider, wine &amp; tasty pizza. They have Gluten free pizza, as well. There are other menu offerings, too, including salads and grinders/sandwiches. In the entry hall there are great free maps of the area.&#xA;&#xA;Date verified: 2024-07-12 00:00:00 UTC&#xA;Open: Yes&#xA;&#xA;https://ioverlander.com/places/264e1710-6413-4eca-a602-3733003bdc9f (network required)&#xA;</desc>
  <type>Restaurant</type>
  <extensions>
   <osmand:icon>tourism_viewpoint</osmand:icon>
   <osmand:background>star</osmand:background>
   <osmand:color>#ffff80ff</osmand:color>
   <osmand:amenity_subtype>user_defined_other_postcode</osmand:amenity_subtype>
   <osmand:amenity_type>user_defined_other</osmand:amenity_type>
  </extensions>
 </wpt>
 <wpt lat="37.0981" lon="-119.0175">
  <ele>0.0</ele>
  <time>2024-07-12 00:00:00 UTC</time>
  <name>Coffee Pot, Home of the 101 Omelettes</name>
  <desc>Nice and cheap place for a breakfast! They have 101 different Omelettes ;), Pancakes, and much more! Great for a special breakfast time when you have enough from oatmeal every morning ;)&#xA;&#xA;Date verified: 2024-07-12 00:00:00 UTC&#xA;Open: Yes&#xA;&#xA;https://ioverlander.com/places/e11d490c-b878-47d7-a06e-7fbe9df94157 (network required)&#xA;</desc>
  <type>Restaurant</type>
  <extensions>
   <osmand:icon>tourism_viewpoint</osmand:icon>
   <osmand:background>star</osmand:background>
   <osmand:color>#ffff80ff</osmand:color>
   <osmand:amenity_subtype>user_defined_other_postcode</osmand:amenity_subtype>
   <osmand:amenity_type>user_defined_other</osmand:amenity_type>
  </extensions>
 </wpt>
 <wpt lat="32.3007" lon="-99.486">
  <ele>0.0</ele>
  <time>2024-07-12 00:00:00 UTC</time>
  <name>Carniceria Terra Caliente</name>
  <desc>Delicious Mexican food in Parker, AZ, also food and camping supplies such as charcoal&#xA;&#xA;Date verified: 2024-07-12 00:00:00 UTC&#xA;Open: Yes&#xA;&#xA;https://ioverlander.com/places/e28b75a2-15f7-4961-bfde-af1c5588bc45 (network required)&#xA;</desc>
  <type>Restaurant</type>
  <extensions>
   <osmand:icon>tourism_viewpoint</osmand:icon>
   <osmand:background>star</osmand:background>
   <osmand:color>#ffff80ff</osmand:color>
   <osmand:amenity_subtype>user_defined_other_postcode</osmand:amenity_subtype>
   <osmand:amenity_type>user_defined_other</osmand:amenity_type>
  </extensions>
 </wpt>
 <wpt lat="44.1485" lon="-120.123">
  <ele>0.0</ele>
  <time>2024-07-12 00:00:00 UTC</time>
  <name>Kanab Creek Bakery</name>
  <desc>French Bakery with original amazing french bread, sweets, breakfast and all the delicious foods!!!! Nice friendly stuff and french master chef :)&#xA;Best bakery we found in the states!!!&#xA;&#xA;Date verified: 2024-07-12 00:00:00 UTC&#xA;Open: Yes&#xA;&#xA;https://ioverlander.com/places/fc5fa7d3-f519-469c-9716-1fd1c8812e07 (network required)&#xA;</desc>
  <type>Restaurant</type>
  <extensions>
   <osmand:icon>tourism_viewpoint</osmand:icon>
   <osmand:background>star</osmand:background>
   <osmand:color>#ffff80ff</osmand:color>
   <osmand:amenity_subtype>user_defined_other_postcode</osmand:amenity_subtype>
   <osmand:amenity_type>user_defined_other</osmand:amenity_type>
  </extensions>
 </wpt>
 <wpt lat="39.6777" lon="-110.6471">
  <ele>0.0</ele>
  <time>2024-07-12 00:00:00 UTC</time>
  <name>Bruno&#39;s Country Club</name>
  <desc>Don&#39;t be fooled by the name, Bruno&#39;s is not your usual pretentious &#34;country club&#34;. lt&#39;s a down home cafe &amp; bar with great food.&#xA;&#xA;Date verified: 2024-07-12 00:00:00 UTC&#xA;Open: Yes&#xA;&#xA;https://ioverlander.com/places/b15ef6f3-1441-41d6-8183-0f8b7f249b44 (network required)&#xA;</desc>
  <type>Restaurant</type>
  <extensions>
   <osmand:icon>tourism_viewpoint</osmand:icon>
   <osmand:background>star</osmand:background>
   <osmand:color>#ffff80ff</osmand:color>
   <osmand:amenity_subtype>user_defined_other_postcode</osmand:amenity_subtype>
   <osmand:amenity_type>user_defined_other</osmand:amenity_type>
  </extensions>
 </wpt>
 <wpt lat="39.5501" lon="-105.7821">
  <ele>0.0</ele>
  <time>2024-07-12 00:00:00 UTC</time>
  <name>The Living Room</name>
  <desc>This is a the view point at the en of a great little hike near the U. Of Utah. Follow the trail to red butte peak and you&#39;ll see the trail cut off to this viewpoint.&#xA;&#xA;Date verified: 2024-07-12 00:00:00 UTC&#xA;Open: Yes&#xA;Electricity: No&#xA;Wifi: No&#xA;Kitchen: No&#xA;Parking: Yes&#xA;Restaurant: No&#xA;Showers: No&#xA;Water: No&#xA;Toilets: No&#xA;Big rig friendly: No&#xA;Tent friendly: No&#xA;Pet friendly: No&#xA;Sanitation dump station: No&#xA;&#xA;https://ioverlander.com/places/42cade1c-7fad-4f0f-b792-f7bb3ef6ac71 (network required)&#xA;</desc>
  <type>Established Campground</type>
  <extensions>
   <osmand:icon>tourism_camp_site</osmand:icon>
   <osmand:background>circle</osmand:background>
   <osmand:color>#339933</osmand:color>
   <osmand:amenity_subtype>user_defined_other_postcode</osmand:amenity_subtype>
   <osmand:amenity_type>user_defined_other</osmand:amenity_type>
  </extensions>
 </wpt>
 <wpt lat="34.0612" lon="-111.0783">
  <ele>0.0</ele>
  <time>2024-07-12 00:00:00 UTC</time>
  <name>Allegheny National Forest Ranger Station</name>
  <desc>Allegheny National Forest Ranger Station - info on camping&#xA;&#xA;https://www.fs.usda.gov/detail/allegheny/about-forest/offices&#xA;&#xA;Date verified: 2024-07-12 00:00:00 UTC&#xA;Open: Yes&#xA;Electricity: No&#xA;Wifi: No&#xA;Kitchen: No&#xA;Parking: Yes&#xA;Restaurant: No&#xA;Showers: No&#xA;Water: No&#xA;Toilets: No&#xA;Big rig friendly: No&#xA;Tent friendly: No&#xA;Pet friendly: No&#xA;Sanitation dump station: No&#xA;&#xA;https://ioverlander.com/places/e4021351-5884-4c1e-a393-36ae7547b4f1 (network required)&#xA;</desc>
  <type>Established Campground</type>
  <extensions>
   <osmand:icon>tourism_camp_site</osmand:icon>
   <osmand:background>circle</osmand:background>
   <osmand:color>#339933</osmand:color>
   <osmand:amenity_subtype>user_defined_other_postcode</osmand:amenity_subtype>
   <osmand:amenity_type>user_defined_other</osmand:amenity_type>
  </extensions>
 </wpt>
 <wpt lat="47.7757" lon="-120.7093">
  <ele>0.0</ele>
  <time>2024-07-12 00:00:00 UTC</time>
  <name>CamAmboyCrater</name>
  <desc>Nice space at the trail to the crater, tables, pit toilets, free.&#xA;&#xA;Date verified: 2024-07-12 00:00:00 UTC&#xA;Open: Yes&#xA;Electricity: No&#xA;Wifi: No&#xA;Kitchen: No&#xA;Parking: Yes&#xA;Restaurant: No&#xA;Showers: No&#xA;Water: No&#xA;Toilets: No&#xA;Big rig friendly: No&#xA;Tent friendly: No&#xA;Pet friendly: No&#xA;Sanitation dump station: No&#xA;&#xA;https://ioverlander.com/places/84ed17a8-2025-4155-8538-efb2c2bcafeb (network required)&#xA;</desc>
  <type>Established Campground</type>
  <extensions>
   <osmand:icon>tourism_camp_site</osmand:icon>
   <osmand:background>circle</osmand:background>
   <osmand:color>#339933</osmand:color>
   <osmand:amenity_subtype>user_defined_other_postcode</osmand:amenity_subtype>
   <osmand:amenity_type>user_defined_other</osmand:amenity_type>
  </extensions>
 </wpt>
 <wpt lat="27.7017" lon="-81.4696">
  <ele>0.0</ele>
  <time>2024-07-12 00:00:00 UTC</time>
  <name>Escalante rest area</name>
  <desc>tables, bbqs, reasons, drinking water near a gas station and grocery store.&#xA;nice playground for kids&#xA;&#xA;Date verified: 2024-07-12 00:00:00 UTC&#xA;Open: Yes&#xA;Electricity: No&#xA;Wifi: No&#xA;Kitchen: No&#xA;Parking: Yes&#xA;Restaurant: No&#xA;Showers: No&#xA;Water: No&#xA;Toilets: No&#xA;Big rig friendly: No&#xA;Tent friendly: No&#xA;Pet friendly: No&#xA;Sanitation dump station: No&#xA;&#xA;https://ioverlander.com/places/b974489b-f7a3-469a-ae21-67d8df61b4c1 (network required)&#xA;</desc>
  <type>Established Campground</type>
  <extensions>
   <osmand:icon>tourism_camp_site</osmand:icon>
   <osmand:background>circle</osmand:background>
   <osmand:color>#339933</osmand:color>
   <osmand:amenity_subtype>user_defined_other_postcode</osmand:amenity_subtype>
   <osmand:amenity_type>user_defined_other</osmand:amenity_type>
  </extensions>
 </wpt>
 <wpt lat="43.1251" lon="-107.2287">
  <ele>0.0</ele>
  <time>2024-07-12 00:00:00 UTC</time>
  <name>Children&#39;s park</name>
  <desc>for those traveling with kids, this is a great place to stop and get out some energy on some great playground equipment and toys. close to the border, new park that was completely deserted :)&#xA;&#xA;Date verified: 2024-07-12 00:00:00 UTC&#xA;Open: Yes&#xA;Electricity: No&#xA;Wifi: No&#xA;Kitchen: No&#xA;Parking: Yes&#xA;Restaurant: No&#xA;Showers: No&#xA;Water: No&#xA;Toilets: No&#xA;Big rig friendly: No&#xA;Tent friendly: No&#xA;Pet friendly: No&#xA;Sanitation dump station: No&#xA;&#xA;https://ioverlander.com/places/2c91849f-16a9-4281-838e-8acb728b5ba8 (network required)&#xA;</desc>
  <type>Established Campground</type>
  <extensions>
   <osmand:icon>tourism_camp_site</osmand:icon>
   <osmand:background>circle</osmand:background>
   <osmand:color>#339933</osmand:color>
   <osmand:amenity_subtype>user_defined_other_postcode</osmand:amenity_subtype>
   <osmand:amenity_type>user_defined_other</osmand:amenity_type>
  </extensions>
 </wpt>
 <wpt lat="46.9412" lon="-110.2856">
  <ele>0.0</ele>
  <time>2024-07-12 00:00:00 UTC</time>
  <name>Bealtiful beach</name>
  <desc>Only a day use, until 11 p.m.&#xA;&#xA;Date verified: 2024-07-12 00:00:00 UTC&#xA;Open: Yes&#xA;Electricity: No&#xA;Wifi: No&#xA;Kitchen: No&#xA;Parking: Yes&#xA;Restaurant: No&#xA;Showers: No&#xA;Water: No&#xA;Toilets: No&#xA;Big rig friendly: No&#xA;Tent friendly: No&#xA;Pet friendly: No&#xA;Sanitation dump station: No&#xA;&#xA;https://ioverlander.com/places/cd04d4d4-2182-4e1a-beb8-8f079f0dcbde (network required)&#xA;</desc>
  <type>Established Campground</type>
  <extensions>
   <osmand:icon>tourism_camp_site</osmand:icon>
   <osmand:background>circle</osmand:background>
   <osmand:color>#339933</osmand:color>
   <osmand:amenity_subtype>user_defined_other_postcode</osmand:amenity_subtype>
   <osmand:amenity_type>user_defined_other</osmand:amenity_type>
  </extensions>
 </wpt>
 <wpt lat="38.8764" lon="-116.327">
  <ele>0.0</ele>
  <time>2024-07-12 00:00:00 UTC</time>
  <name>Hobo Hot Springs (&amp; Showers by Donation) Saratoga</name>
  <desc>Hot pools, free use, open 24 hours. The bath house is complete with showers and restroom facilities (although the restrooms have no doors, at least on the ladies&#39; side).&#xA;&#xA;No potable water, so bring your own.&#xA;&#xA;Pools range from extremely hot (116°) to pretty cool (100°). Daily temps written on board at bath house. Swimsuits required.&#xA;&#xA;http://saratogachamber.info/play-here/things-to-do/mineral-hot-springs/&#xA;&#xA;Date verified: 2024-07-12 00:00:00 UTC&#xA;Open: Yes&#xA;Electricity: No&#xA;Wifi: No&#xA;Kitchen: No&#xA;Parking: Yes&#xA;Restaurant: No&#xA;Showers: No&#xA;Water: No&#xA;Toilets: No&#xA;Big rig friendly: No&#xA;Tent friendly: No&#xA;Pet friendly: No&#xA;Sanitation dump station: No&#xA;&#xA;https://ioverlander.com/places/3bbb0f36-7cbb-4e10-8ddc-f2dd98428486 (network required)&#xA;</desc>
  <type>Established Campground</type>
  <extensions>
   <osmand:icon>tourism_camp_site</osmand:icon>
   <osmand:background>circle</osmand:background>
   <osmand:color>#339933</osmand:color>
   <osmand:amenity_subtype>user_defined_other_postcode</osmand:amenity_subtype>
   <osmand:amenity_type>user_defined_other</osmand:amenity_type>
  </extensions>
 </wpt>
 <wpt lat="44.1543" lon="-114.6342">
  <ele>0.0</ele>
  <time>2024-07-12 00:00:00 UTC</time>
  <name>Holtville Hot Springs (camping)</name>
  <desc>This is a FREE hot springs with two or three pools and a shower. Frequented by area campers.&#xA;There is a parking lot with &#34;no overnight&#34; posted. But several areas nearby where overnight parking would not be noticed. Just check the dirt roads nearby and along the canal. There is also a campground across the street but we did not check details.&#xA;The hot spring parking area has pit toilets, concrete surrounding, shade, seating. Used all day and through the night. Bring flashlights at night.&#xA;This is alongside Hwy 8 at Vanderlinden Exit. This is accessible by all vehicles.&#xA;&#xA;Date verified: 2024-07-12 00:00:00 UTC&#xA;Open: Yes&#xA;Electricity: No&#xA;Wifi: No&#xA;Kitchen: No&#xA;Parking: Yes&#xA;Restaurant: No&#xA;Showers: No&#xA;Water: No&#xA;Toilets: No&#xA;Big rig friendly: No&#xA;Tent friendly: No&#xA;Pet friendly: No&#xA;Sanitation dump station: No&#xA;&#xA;https://ioverlander.com/places/23bcf652-1d90-4392-a260-8d208ee161c8 (network required)&#xA;</desc>
  <type>Established Campground</type>
  <extensions>
   <osmand:icon>tourism_camp_site</osmand:icon>
   <osmand:background>circle</osmand:background>
   <osmand:color>#339933</osmand:color>
   <osmand:amenity_subtype>user_defined_other_postcode</osmand:amenity_subtype>
   <osmand:amenity_type>user_defined_other</osmand:amenity_type>
  </extensions>
 </wpt>
 <wpt lat="34.6183" lon="-105.7469">
  <ele>0.0</ele>
  <time>2024-07-12 00:00:00 UTC</time>
  <name>Kelso Dunes</name>
  <desc>One of the oldest and most extensive dune fields in the West. Famous for their sound.&#xA;&#xA;Date verified: 2024-07-12 00:00:00 UTC&#xA;Open: Yes&#xA;Electricity: No&#xA;Wifi: No&#xA;Kitchen: No&#xA;Parking: Yes&#xA;Restaurant: No&#xA;Showers: No&#xA;Water: No&#xA;Toilets: No&#xA;Big rig friendly: No&#xA;Tent friendly: No&#xA;Pet friendly: No&#xA;Sanitation dump station: No&#xA;&#xA;https://ioverlander.com/places/03b2f6ea-b90c-4326-90fa-47fc24b8e00d (network required)&#xA;</desc>
  <type>Established Campground</type>
  <extensions>
   <osmand:icon>tourism_camp_site</osmand:icon>
   <osmand:background>circle</osmand:background>
   <osmand:color>#339933</osmand:color>
   <osmand:amenity_subtype>user_defined_other_postcode</osmand:amenity_subtype>
   <osmand:amenity_type>user_defined_other</osmand:amenity_type>
  </extensions>
 </wpt>
 <wpt lat="36.889" lon="-119.2793">
  <ele>0.0</ele>
  <time>2024-07-12 00:00:00 UTC</time>
  <name>Montezuma Castle</name>
  <desc>Montezuma Castle National Monument&#xA;&#xA;Date verified: 2024-07-12 00:00:00 UTC&#xA;Open: Yes&#xA;Electricity: No&#xA;Wifi: No&#xA;Kitchen: No&#xA;Parking: Yes&#xA;Restaurant: No&#xA;Showers: No&#xA;Water: No&#xA;Toilets: No&#xA;Big rig friendly: No&#xA;Tent friendly: No&#xA;Pet friendly: No&#xA;Sanitation dump station: No&#xA;&#xA;https://ioverlander.com/places/d1718317-9bdb-4eea-a84a-72ef6078f146 (network required)&#xA;</desc>
  <type>Established Campground</type>
  <extensions>
   <osmand:icon>tourism_camp_site</osmand:icon>
   <osmand:background>circle</osmand:background>
   <osmand:color>#339933</osmand:color>
   <osmand:amenity_subtype>user_defined_other_postcode</osmand:amenity_subtype>
   <osmand:amenity_type>user_defined_other</osmand:amenity_type>
  </extensions>
 </wpt>
 <wpt lat="32.0916" lon="-99.7478">
  <ele>0.0</ele>
  <time>2024-07-12 00:00:00 UTC</time>
  <name>Silver City Visitor Center</name>
  <desc>Moderator Note: Overnight parking/camping is NOT available at this location. Please read recent Check-Ins. Obey all signage. Respect the wishes of the locals.&#xA;&#xA;Date verified: 2024-07-12 00:00:00 UTC&#xA;Open: Yes&#xA;Electricity: No&#xA;Wifi: No&#xA;Kitchen: No&#xA;Parking: Yes&#xA;Restaurant: No&#xA;Showers: No&#xA;Water: No&#xA;Toilets: No&#xA;Big rig friendly: No&#xA;Tent friendly: No&#xA;Pet friendly: No&#xA;Sanitation dump station: No&#xA;&#xA;https://ioverlander.com/places/22ce9c60-54d0-441e-af5a-0f98fcbd544a (network required)&#xA;</desc>
  <type>Established Campground</type>
  <extensions>
   <osmand:icon>tourism_camp_site</osmand:icon>
   <osmand:background>circle</osmand:background>
   <osmand:color>#339933</osmand:color>
   <osmand:amenity_subtype>user_defined_other_postcode</osmand:amenity_subtype>
   <osmand:amenity_type>user_defined_other</osmand:amenity_type>
  </extensions>
 </wpt>
 <wpt lat="43.9394" lon="-120.3848">
  <ele>0.0</ele>
  <time>2024-07-12 00:00:00 UTC</time>
  <name>Gila Cliff Dwellings National Monument</name>
  <desc>Free. Open 9-4. Two hour travel time from Silver City plus exploring, leave Silver City before 1 at the latest or don’t bother. Plenty of camping opportunities on the way.&#xA;&#xA;Amazing place to see how people built structures inside Cliff Dweller Canyon&#39;s natural cave.&#xA;&#xA;Date verified: 2024-07-12 00:00:00 UTC&#xA;Open: Yes&#xA;Electricity: No&#xA;Wifi: No&#xA;Kitchen: No&#xA;Parking: Yes&#xA;Restaurant: No&#xA;Showers: No&#xA;Water: No&#xA;Toilets: No&#xA;Big rig friendly: No&#xA;Tent friendly: No&#xA;Pet friendly: No&#xA;Sanitation dump station: No&#xA;&#xA;https://ioverlander.com/places/ceb502a4-03f8-49b8-9cb4-789fd38ef7a9 (network required)&#xA;</desc>
  <type>Established Campground</type>
  <extensions>
   <osmand:icon>tourism_camp_site</osmand:icon>
   <osmand:background>circle</osmand:background>
   <osmand:color>#339933</osmand:color>
   <osmand:amenity_subtype>user_defined_other_postcode</osmand:amenity_subtype>
   <osmand:amenity_type>user_defined_other</osmand:amenity_type>
  </extensions>
 </wpt>
 <wpt lat="39.4686" lon="-110.9089">
  <ele>0.0</ele>
  <time>2024-07-12 00:00:00 UTC</time>
  <name>Visitor Center White Sands National Monument</name>
  <desc>Beautiful Adobe building. Has an excellent museum. Restrooms and drinking water, sales (t-shirts, books, staff medallians, patches, etc). Entrance to dunes is further up the road and it will blow your mind.&#xA;&#xA;Date verified: 2024-07-12 00:00:00 UTC&#xA;Open: Yes&#xA;Electricity: No&#xA;Wifi: No&#xA;Kitchen: No&#xA;Parking: Yes&#xA;Restaurant: No&#xA;Showers: No&#xA;Water: No&#xA;Toilets: No&#xA;Big rig friendly: No&#xA;Tent friendly: No&#xA;Pet friendly: No&#xA;Sanitation dump station: No&#xA;&#xA;https://ioverlander.com/places/725d1f4f-1ac7-46cf-b2e0-863e9c653439 (network required)&#xA;</desc>
  <type>Established Campground</type>
  <extensions>
   <osmand:icon>tourism_camp_site</osmand:icon>
   <osmand:background>circle</osmand:background>
   <osmand:color>#339933</osmand:color>
   <osmand:amenity_subtype>user_defined_other_postcode</osmand:amenity_subtype>
   <osmand:amenity_type>user_defined_other</osmand:amenity_type>
  </extensions>
 </wpt>
 <wpt lat="39.71" lon="-105.5819">
  <ele>0.0</ele>
  <time>2024-07-12 00:00:00 UTC</time>
  <name>Film Museum</name>
  <desc>Museum of Western Film History of the Alabama Hills and Lone Pine. $5 entry fee&#xA;&#xA;Date verified: 2024-07-12 00:00:00 UTC&#xA;Open: Yes&#xA;Electricity: No&#xA;Wifi: No&#xA;Kitchen: No&#xA;Parking: Yes&#xA;Restaurant: No&#xA;Showers: No&#xA;Water: No&#xA;Toilets: No&#xA;Big rig friendly: No&#xA;Tent friendly: No&#xA;Pet friendly: No&#xA;Sanitation dump station: No&#xA;&#xA;https://ioverlander.com/places/48d0ecfd-5258-42cb-a418-521604767217 (network required)&#xA;</desc>
  <type>Established Campground</type>
  <extensions>
   <osmand:icon>tourism_camp_site</osmand:icon>
   <osmand:background>circle</osmand:background>
   <osmand:color>#339933</osmand:color>
   <osmand:amenity_subtype>user_defined_other_postcode</osmand:amenity_subtype>
   <osmand:amenity_type>user_defined_other</osmand:amenity_type>
  </extensions>
 </wpt>
 <wpt lat="34.2211" lon="-110.8781">
  <ele>0.0</ele>
  <time>2024-07-12 00:00:00 UTC</time>
  <name>Spider Rock</name>
  <desc>Spider Rock lookout is 100m from here. Large parking for all size vehicle, small track to walk out and see the STUNNING vista, with the Spider Rock monument. We were here in winter, it was snowing and absolutely magical. The roads are kept clear to drive with ease.&#xA;&#xA;Date verified: 2024-07-12 00:00:00 UTC&#xA;Open: Yes&#xA;Electricity: No&#xA;Wifi: No&#xA;Kitchen: No&#xA;Parking: Yes&#xA;Restaurant: No&#xA;Showers: No&#xA;Water: No&#xA;Toilets: No&#xA;Big rig friendly: No&#xA;Tent friendly: No&#xA;Pet friendly: No&#xA;Sanitation dump station: No&#xA;&#xA;https://ioverlander.com/places/03d56477-44b7-4195-a060-bd7a5275ecc8 (network required)&#xA;</desc>
  <type>Established Campground</type>
  <extensions>
   <osmand:icon>tourism_camp_site</osmand:icon>
   <osmand:background>circle</osmand:background>
   <osmand:color>#339933</osmand:color>
   <osmand:amenity_subtype>user_defined_other_postcode</osmand:amenity_subtype>
   <osmand:amenity_type>user_defined_other</osmand:amenity_type>
  </extensions>
 </wpt>
 <wpt lat="47.9356" lon="-120.5091">
  <ele>0.0</ele>
  <time>2024-07-12 00:00:00 UTC</time>
  <name>Tavertine Hot Springs</name>
  <desc>NO OVERNIGHT CAMPING! Day use only!&#xA;&#xA;Free Hot Springs&#xA;One pool at the parking, 4 pools around 100m behind the toilet.&#xA;&#xA;Date verified: 2024-07-12 00:00:00 UTC&#xA;Open: Yes&#xA;Electricity: No&#xA;Wifi: No&#xA;Kitchen: No&#xA;Parking: Yes&#xA;Restaurant: No&#xA;Showers: No&#xA;Water: No&#xA;Toilets: No&#xA;Big rig friendly: No&#xA;Tent friendly: No&#xA;Pet friendly: No&#xA;Sanitation dump station: No&#xA;&#xA;https://ioverlander.com/places/cc7e2176-e44e-455b-9d4f-1735b91c63df (network required)&#xA;</desc>
  <type>Established Campground</type>
  <extensions>
   <osmand:icon>tourism_camp_site</osmand:icon>
   <osmand:background>circle</osmand:background>
   <osmand:color>#339933</osmand:color>
   <osmand:amenity_subtype>user_defined_other_postcode</osmand:amenity_subtype>
   <osmand:amenity_type>user_defined_other</osmand:amenity_type>
  </extensions>
 </wpt>
 <wpt lat="27.8616" lon="-81.2694">
  <ele>0.0</ele>
  <time>2024-07-12 00:00:00 UTC</time>
  <name>Bodie Ghost Town</name>
  <desc>Interesting ghost town from gold rush.&#xA;8$ pP&#xA;Opening hours:&#xA;Summer hours 9am-6pm (18.March - 31.October)&#xA;Winter hours 9am-4pm (1.November - 17.March)&#xA;&#xA;Date verified: 2024-07-12 00:00:00 UTC&#xA;Open: Yes&#xA;Electricity: No&#xA;Wifi: No&#xA;Kitchen: No&#xA;Parking: Yes&#xA;Restaurant: No&#xA;Showers: No&#xA;Water: No&#xA;Toilets: No&#xA;Big rig friendly: No&#xA;Tent friendly: No&#xA;Pet friendly: No&#xA;Sanitation dump station: No&#xA;&#xA;https://ioverlander.com/places/216e719b-465c-4837-93e0-ac59caed3965 (network required)&#xA;</desc>
  <type>Established Campground</type>
  <extensions>
   <osmand:icon>tourism_camp_site</osmand:icon>
   <osmand:background>circle</osmand:background>
   <osmand:color>#339933</osmand:color>
   <osmand:amenity_subtype>user_defined_other_postcode</osmand:amenity_subtype>
   <osmand:amenity_type>user_defined_other</osmand:amenity_type>
  </extensions>
 </wpt>
 <wpt lat="43.285" lon="-107.0285">
  <ele>0.0</ele>
  <time>2024-07-12 00:00:00 UTC</time>
  <name>Astoria Colomn</name>
  <desc>Beautiful 360 degree view. You can drive up there (5 $ for parking) or park below and walk up the hill.&#xA;&#xA;Date verified: 2024-07-12 00:00:00 UTC&#xA;Open: Yes&#xA;Electricity: No&#xA;Wifi: No&#xA;Kitchen: No&#xA;Parking: Yes&#xA;Restaurant: No&#xA;Showers: No&#xA;Water: No&#xA;Toilets: No&#xA;Big rig friendly: No&#xA;Tent friendly: No&#xA;Pet friendly: No&#xA;Sanitation dump station: No&#xA;&#xA;https://ioverlander.com/places/f51160c9-a8cd-424d-b712-445eaa89056e (network required)&#xA;</desc>
  <type>Established Campground</type>
  <extensions>
   <osmand:icon>tourism_camp_site</osmand:icon>
   <osmand:background>circle</osmand:background>
   <osmand:color>#339933</osmand:color>
   <osmand:amenity_subtype>user_defined_other_postcode</osmand:amenity_subtype>
   <osmand:amenity_type>user_defined_other</osmand:amenity_type>
  </extensions>
 </wpt>
 <wpt lat="47.1011" lon="-110.0854">
  <ele>0.0</ele>
  <time>2024-07-12 00:00:00 UTC</time>
  <name>Mendocino Headlands State Park</name>
  <desc>Open 5 am to 10 pm. Free. Restrooms, water and drinking water available. Beautiful drive.&#xA;&#xA;Date verified: 2024-07-12 00:00:00 UTC&#xA;Open: Yes&#xA;Electricity: No&#xA;Wifi: No&#xA;Kitchen: No&#xA;Parking: Yes&#xA;Restaurant: No&#xA;Showers: No&#xA;Water: No&#xA;Toilets: No&#xA;Big rig friendly: No&#xA;Tent friendly: No&#xA;Pet friendly: No&#xA;Sanitation dump station: No&#xA;&#xA;https://ioverlander.com/places/e549759a-ab9f-42e9-99f6-e9a475e159b6 (network required)&#xA;</desc>
  <type>Established Campground</type>
  <extensions>
   <osmand:icon>tourism_camp_site</osmand:icon>
   <osmand:background>circle</osmand:background>
   <osmand:color>#339933</osmand:color>
   <osmand:amenity_subtype>user_defined_other_postcode</osmand:amenity_subtype>
   <osmand:amenity_type>user_defined_other</osmand:amenity_type>
  </extensions>
 </wpt>
 <wpt lat="39.0363" lon="-116.1268">
  <ele>0.0</ele>
  <time>2024-07-12 00:00:00 UTC</time>
  <name>Pahrump Valley Winery</name>
  <desc>Estate Winery. beautiful facilty. Free wine tasting - up to 7 wines.&#xA;Fine restaurant. reasonable prices on food &amp; wines.&#xA;&#xA;Tours available. Worth the drive from Vegas.&#xA;&#xA;Date verified: 2024-07-12 00:00:00 UTC&#xA;Open: Yes&#xA;Electricity: No&#xA;Wifi: No&#xA;Kitchen: No&#xA;Parking: Yes&#xA;Restaurant: No&#xA;Showers: No&#xA;Water: No&#xA;Toilets: No&#xA;Big rig friendly: No&#xA;Tent friendly: No&#xA;Pet friendly: No&#xA;Sanitation dump station: No&#xA;&#xA;https://ioverlander.com/places/2689982b-027e-427e-8f0b-88eba940aa37 (network required)&#xA;</desc>
  <type>Established Campground</type>
  <extensions>
   <osmand:icon>tourism_camp_site</osmand:icon>
   <osmand:background>circle</osmand:background>
   <osmand:color>#339933</osmand:color>
   <osmand:amenity_subtype>user_defined_other_postcode</osmand:amenity_subtype>
   <osmand:amenity_type>user_defined_other</osmand:amenity_type>
  </extensions>
 </wpt>
 <wpt lat="44.3142" lon="-114.434">
  <ele>0.0</ele>
  <time>2024-07-12 00:00:00 UTC</time>
  <name>China Ranch</name>
  <desc>Old Ranch - Date Farm - Antiques.&#xA;Out of the way but well worth the trip.&#xA;Fantastic date shakes!&#xA;&#xA;Road paved for part of the way, the dirt/gravel road.&#xA;&#xA;Lots of parking space. 9-5 most days&#xA;&#xA;Date verified: 2024-07-12 00:00:00 UTC&#xA;Open: Yes&#xA;Electricity: No&#xA;Wifi: No&#xA;Kitchen: No&#xA;Parking: Yes&#xA;Restaurant: No&#xA;Showers: No&#xA;Water: No&#xA;Toilets: No&#xA;Big rig friendly: No&#xA;Tent friendly: No&#xA;Pet friendly: No&#xA;Sanitation dump station: No&#xA;&#xA;https://ioverlander.com/places/c2f2ae75-36a6-495a-aeb5-d72d7c5ad4f1 (network required)&#xA;</desc>
  <type>Established Campground</type>
  <extensions>
   <osmand:icon>tourism_camp_site</osmand:icon>
   <osmand:background>circle</osmand:background>
   <osmand:color>#339933</osmand:color>
   <osmand:amenity_subtype>user_defined_other_postcode</osmand:amenity_subtype>
   <osmand:amenity_type>user_defined_other</osmand:amenity_type>
  </extensions>
 </wpt>
 <wpt lat="34.7782" lon="-105.5467">
  <ele>0.0</ele>
  <time>2024-07-12 00:00:00 UTC</time>
  <name>Montezuma hot springs</name>
  <desc>many smal pools whith verry hot water 38-50 Grad C . A cold river byside to cool down. All for free.&#xA;no overnight s tanding. Closed form midnight to 5:00 am.&#xA;&#xA;Date verified: 2024-07-12 00:00:00 UTC&#xA;Open: Yes&#xA;Electricity: No&#xA;Wifi: No&#xA;Kitchen: No&#xA;Parking: Yes&#xA;Restaurant: No&#xA;Showers: No&#xA;Water: No&#xA;Toilets: No&#xA;Big rig friendly: No&#xA;Tent friendly: No&#xA;Pet friendly: No&#xA;Sanitation dump station: No&#xA;&#xA;https://ioverlander.com/places/8b70072a-fa7f-4197-bfe2-cd93f21c453f (network required)&#xA;</desc>
  <type>Established Campground</type>
  <extensions>
   <osmand:icon>tourism_camp_site</osmand:icon>
   <osmand:background>circle</osmand:background>
   <osmand:color>#339933</osmand:color>
   <osmand:amenity_subtype>user_defined_other_postcode</osmand:amenity_subtype>
   <osmand:amenity_type>user_defined_other</osmand:amenity_type>
  </extensions>
 </wpt>
 <wpt lat="37.0489" lon="-119.0791">
  <ele>0.0</ele>
  <time>2024-07-12 00:00:00 UTC</time>
  <name>Thunderbird conservation park</name>
  <desc>Nice hiking trails. Also horseback riding trails. Great place to hang out and star gaze.&#xA;&#xA;Date verified: 2024-07-12 00:00:00 UTC&#xA;Open: Yes&#xA;Electricity: No&#xA;Wifi: No&#xA;Kitchen: No&#xA;Parking: Yes&#xA;Restaurant: No&#xA;Showers: No&#xA;Water: No&#xA;Toilets: No&#xA;Big rig friendly: No&#xA;Tent friendly: No&#xA;Pet friendly: No&#xA;Sanitation dump station: No&#xA;&#xA;https://ioverlander.com/places/dd95fed0-9b8f-42c8-9e31-ba407a3a7c1b (network required)&#xA;</desc>
  <type>Established Campground</type>
  <extensions>
   <osmand:icon>tourism_camp_site</osmand:icon>
   <osmand:background>circle</osmand:background>
   <osmand:color>#339933</osmand:color>
   <osmand:amenity_subtype>user_defined_other_postcode</osmand:amenity_subtype>
   <osmand:amenity_type>user_defined_other</osmand:amenity_type>
  </extensions>
 </wpt>
 <wpt lat="32.2515" lon="-99.5476">
  <ele>0.0</ele>
  <time>2024-07-12 00:00:00 UTC</time>
  <name>Tail Of The Dragon/Deal&#39;s Gap</name>
  <desc>Legendary motorcyle and sports car destination. More than 300 curves in 11-miles.&#xA;&#xA;A bucket list road.&#xA;&#xA;Date verified: 2024-07-12 00:00:00 UTC&#xA;Open: Yes&#xA;Electricity: No&#xA;Wifi: No&#xA;Kitchen: No&#xA;Parking: Yes&#xA;Restaurant: No&#xA;Showers: No&#xA;Water: No&#xA;Toilets: No&#xA;Big rig friendly: No&#xA;Tent friendly: No&#xA;Pet friendly: No&#xA;Sanitation dump station: No&#xA;&#xA;https://ioverlander.com/places/9a284925-fc82-49dc-af83-f816d57e50d3 (network required)&#xA;</desc>
  <type>Established Campground</type>
  <extensions>
   <osmand:icon>tourism_camp_site</osmand:icon>
   <osmand:background>circle</osmand:background>
   <osmand:color>#339933</osmand:color>
   <osmand:amenity_subtype>user_defined_other_postcode</osmand:amenity_subtype>
   <osmand:amenity_type>user_defined_other</osmand:amenity_type>
  </extensions>
 </wpt>
 <wpt lat="44.0993" lon="-120.1846">
  <ele>0.0</ele>
  <time>2024-07-12 00:00:00 UTC</time>
  <name>Lower Antelope Canyon</name>
  <desc>Start of trail in the Lower Antelope Canyon. 75 dollars per person but it is worth it. It really amazing.&#xA;$40 each plus $8 (cash) to Navajos. Very busy. May check out other slot canyons for free.&#xA;&#xA;Edit 05/2024 : around 75 pp (55 + 8 entry fees + taxes). Good idea to book online in advance (two operators : Dixie and Ken)&#xA;&#xA;Date verified: 2024-07-12 00:00:00 UTC&#xA;Open: Yes&#xA;Electricity: No&#xA;Wifi: No&#xA;Kitchen: No&#xA;Parking: Yes&#xA;Restaurant: No&#xA;Showers: No&#xA;Water: No&#xA;Toilets: No&#xA;Big rig friendly: No&#xA;Tent friendly: No&#xA;Pet friendly: No&#xA;Sanitation dump station: No&#xA;&#xA;https://ioverlander.com/places/c18dfdff-2fea-4c46-a726-9b1eaa645b75 (network required)&#xA;</desc>
  <type>Established Campground</type>
  <extensions>
   <osmand:icon>tourism_camp_site</osmand:icon>
   <osmand:background>circle</osmand:background>
   <osmand:color>#339933</osmand:color>
   <osmand:amenity_subtype>user_defined_other_postcode</osmand:amenity_subtype>
   <osmand:amenity_type>user_defined_other</osmand:amenity_type>
  </extensions>
 </wpt>
 <wpt lat="39.6285" lon="-110.7087">
  <ele>0.0</ele>
  <time>2024-07-12 00:00:00 UTC</time>
  <name>4 Corners Park</name>
  <desc>Farthest Northeast city in the US. If you&#39;re doing a 4-corners tour of the US, this is the place.&#xA;&#xA;Nice park with photo-op monument, dedicated pavers and a small gift shop where you can buy souveniers&#xA;&#xA;Free admission.&#xA;&#xA;Date verified: 2024-07-12 00:00:00 UTC&#xA;Open: Yes&#xA;Electricity: No&#xA;Wifi: No&#xA;Kitchen: No&#xA;Parking: Yes&#xA;Restaurant: No&#xA;Showers: No&#xA;Water: No&#xA;Toilets: No&#xA;Big rig friendly: No&#xA;Tent friendly: No&#xA;Pet friendly: No&#xA;Sanitation dump station: No&#xA;&#xA;https://ioverlander.com/places/a386fdfd-cc29-44de-b635-505772b7e458 (network required)&#xA;</desc>
  <type>Established Campground</type>
  <extensions>
   <osmand:icon>tourism_camp_site</osmand:icon>
   <osmand:background>circle</osmand:background>
   <osmand:color>#339933</osmand:color>
   <osmand:amenity_subtype>user_defined_other_postcode</osmand:amenity_subtype>
   <osmand:amenity_type>user_defined_other</osmand:amenity_type>
  </extensions>
 </wpt>
 <wpt lat="39.8699" lon="-105.3817">
  <ele>0.0</ele>
  <time>2024-07-12 00:00:00 UTC</time>
  <name>Carlsbad Caverns - Visitor Center and Entrance</name>
  <desc>This is the carlsbad caverns visitor center and the location where you enter the cave.&#xA;$15 usd (per person) to enter or by anual pass 80,00(one year) if are going to anothers national parks.&#xA;&#xA;You can take an elevator down to the main cave, or you can do a hike through the natural entrance. The hike in and out takes you 750ft. up/down in about a mile, but it&#39;s a comfortable hike in the cool cave temperature.&#xA;beautiful caves, very developed with lights and trails, but amazing none the less!&#xA;&#xA;Date verified: 2024-07-12 00:00:00 UTC&#xA;Open: Yes&#xA;Electricity: No&#xA;Wifi: No&#xA;Kitchen: No&#xA;Parking: Yes&#xA;Restaurant: No&#xA;Showers: No&#xA;Water: No&#xA;Toilets: No&#xA;Big rig friendly: No&#xA;Tent friendly: No&#xA;Pet friendly: No&#xA;Sanitation dump station: No&#xA;&#xA;https://ioverlander.com/places/0afa21c7-0015-4255-a94b-17eeb884f66f (network required)&#xA;</desc>
  <type>Established Campground</type>
  <extensions>
   <osmand:icon>tourism_camp_site</osmand:icon>
   <osmand:background>circle</osmand:background>
   <osmand:color>#339933</osmand:color>
   <osmand:amenity_subtype>user_defined_other_postcode</osmand:amenity_subtype>
   <osmand:amenity_type>user_defined_other</osmand:amenity_type>
  </extensions>
 </wpt>
 <wpt lat="34.381" lon="-110.6779">
  <ele>0.0</ele>
  <time>2024-07-12 00:00:00 UTC</time>
  <name>Wave community recreation center</name>
  <desc>Super nice community center. very nice private (curtain) clean showers, pool, gym, steam room, etc wifi w good lobby and lounge area. $5&#xA;&#xA;Date verified: 2024-07-12 00:00:00 UTC&#xA;Open: Yes&#xA;Electricity: No&#xA;Wifi: No&#xA;Kitchen: No&#xA;Parking: Yes&#xA;Restaurant: No&#xA;Showers: No&#xA;Water: No&#xA;Toilets: No&#xA;Big rig friendly: No&#xA;Tent friendly: No&#xA;Pet friendly: No&#xA;Sanitation dump station: No&#xA;&#xA;https://ioverlander.com/places/4a7eb0f1-09e5-4b33-b93d-dddba97d2af1 (network required)&#xA;</desc>
  <type>Established Campground</type>
  <extensions>
   <osmand:icon>tourism_camp_site</osmand:icon>
   <osmand:background>circle</osmand:background>
   <osmand:color>#339933</osmand:color>
   <osmand:amenity_subtype>user_defined_other_postcode</osmand:amenity_subtype>
   <osmand:amenity_type>user_defined_other</osmand:amenity_type>
  </extensions>
 </wpt>
 <wpt lat="48.0955" lon="-120.3089">
  <ele>0.0</ele>
  <time>2024-07-12 00:00:00 UTC</time>
  <name>Vermillion Cliffs Historical Marker</name>
  <desc>Good roadside pulloff area, 100m from highway. great views of the cliffs.&#xA;&#xA;Date verified: 2024-07-12 00:00:00 UTC&#xA;Open: Yes&#xA;Electricity: No&#xA;Wifi: No&#xA;Kitchen: No&#xA;Parking: Yes&#xA;Restaurant: No&#xA;Showers: No&#xA;Water: No&#xA;Toilets: No&#xA;Big rig friendly: No&#xA;Tent friendly: No&#xA;Pet friendly: No&#xA;Sanitation dump station: No&#xA;&#xA;https://ioverlander.com/places/eb340ad8-f2cf-4134-9a4d-8645e56036f3 (network required)&#xA;</desc>
  <type>Established Campground</type>
  <extensions>
   <osmand:icon>tourism_camp_site</osmand:icon>
   <osmand:background>circle</osmand:background>
   <osmand:color>#339933</osmand:color>
   <osmand:amenity_subtype>user_defined_other_postcode</osmand:amenity_subtype>
   <osmand:amenity_type>user_defined_other</osmand:amenity_type>
  </extensions>
 </wpt>
 <wpt lat="28.0215" lon="-81.0692">
  <ele>0.0</ele>
  <time>2024-07-12 00:00:00 UTC</time>
  <name>Skyline Drive easy walking trail</name>
  <desc>Limberlost trail. Easy walking in the beautiful Skyline Drive, VA.&#xA;&#xA;Date verified: 2024-07-12 00:00:00 UTC&#xA;Open: Yes&#xA;Electricity: No&#xA;Wifi: No&#xA;Kitchen: No&#xA;Parking: Yes&#xA;Restaurant: No&#xA;Showers: No&#xA;Water: No&#xA;Toilets: No&#xA;Big rig friendly: No&#xA;Tent friendly: No&#xA;Pet friendly: No&#xA;Sanitation dump station: No&#xA;&#xA;https://ioverlander.com/places/182ebb9f-1d5f-454a-8035-3ef9516c7f39 (network required)&#xA;</desc>
  <type>Established Campground</type>
  <extensions>
   <osmand:icon>tourism_camp_site</osmand:icon>
   <osmand:background>circle</osmand:background>
   <osmand:color>#339933</osmand:color>
   <osmand:amenity_subtype>user_defined_other_postcode</osmand:amenity_subtype>
   <osmand:amenity_type>user_defined_other</osmand:amenity_type>
  </extensions>
 </wpt>
 <wpt lat="43.0759" lon="-107.2903">
  <ele>0.0</ele>
  <time>2024-07-12 00:00:00 UTC</time>
  <name>San Isidro Currency Exchange</name>
  <desc>Money Exchange in McAllen. Perfect to get Mexican pesos before Crossing the border&#xA;&#xA;Date verified: 2024-07-12 00:00:00 UTC&#xA;Open: Yes&#xA;Electricity: No&#xA;Wifi: No&#xA;Kitchen: No&#xA;Parking: Yes&#xA;Restaurant: No&#xA;Showers: No&#xA;Water: No&#xA;Toilets: No&#xA;Big rig friendly: No&#xA;Tent friendly: No&#xA;Pet friendly: No&#xA;Sanitation dump station: No&#xA;&#xA;https://ioverlander.com/places/442ad318-1a19-44e9-8d75-a6862cdccae5 (network required)&#xA;</desc>
  <type>Established Campground</type>
  <extensions>
   <osmand:icon>tourism_camp_site</osmand:icon>
   <osmand:background>circle</osmand:background>
   <osmand:color>#339933</osmand:color>
   <osmand:amenity_subtype>user_defined_other_postcode</osmand:amenity_subtype>
   <osmand:amenity_type>user_defined_other</osmand:amenity_type>
  </extensions>
 </wpt>
 <wpt lat="46.892" lon="-110.3472">
  <ele>0.0</ele>
  <time>2024-07-12 00:00:00 UTC</time>
  <name>IBC bank</name>
  <desc>IBC bank into the Walmart. if you are not a customer, you can use the ATM machine to get US cash and after that you go at the cashier to get Pesos.&#xA;&#xA;Date verified: 2024-07-12 00:00:00 UTC&#xA;Open: Yes&#xA;Electricity: No&#xA;Wifi: No&#xA;Kitchen: No&#xA;Parking: Yes&#xA;Restaurant: No&#xA;Showers: No&#xA;Water: No&#xA;Toilets: No&#xA;Big rig friendly: No&#xA;Tent friendly: No&#xA;Pet friendly: No&#xA;Sanitation dump station: No&#xA;&#xA;https://ioverlander.com/places/db6182c5-3f98-4796-bd04-7d1762f02c36 (network required)&#xA;</desc>
  <type>Established Campground</type>
  <extensions>
   <osmand:icon>tourism_camp_site</osmand:icon>
   <osmand:background>circle</osmand:background>
   <osmand:color>#339933</osmand:color>
   <osmand:amenity_subtype>user_defined_other_postcode</osmand:amenity_subtype>
   <osmand:amenity_type>user_defined_other</osmand:amenity_type>
  </extensions>
 </wpt>
 <wpt lat="38.8272" lon="-116.3886">
  <ele>0.0</ele>
  <time>2024-07-12 00:00:00 UTC</time>
  <name>Glacier Bank</name>
  <desc>Glacier bank of Libby. ATM&#39;s here and a big parking. 1 minute from Main Street.&#xA;&#xA;Date verified: 2024-07-12 00:00:00 UTC&#xA;Open: Yes&#xA;Electricity: No&#xA;Wifi: No&#xA;Kitchen: No&#xA;Parking: Yes&#xA;Restaurant: No&#xA;Showers: No&#xA;Water: No&#xA;Toilets: No&#xA;Big rig friendly: No&#xA;Tent friendly: No&#xA;Pet friendly: No&#xA;Sanitation dump station: No&#xA;&#xA;https://ioverlander.com/places/2da13bcb-6997-43f9-b139-b1f82be262b6 (network required)&#xA;</desc>
  <type>Established Campground</type>
  <extensions>
   <osmand:icon>tourism_camp_site</osmand:icon>
   <osmand:background>circle</osmand:background>
   <osmand:color>#339933</osmand:color>
   <osmand:amenity_subtype>user_defined_other_postcode</osmand:amenity_subtype>
   <osmand:amenity_type>user_defined_other</osmand:amenity_type>
  </extensions>
 </wpt>
 <wpt lat="44.1051" lon="-114.6958">
  <ele>0.0</ele>
  <time>2024-07-12 00:00:00 UTC</time>
  <name>Honor credit union</name>
  <desc>This is a credit union and has an atm. There also is a drive thru there&#xA;&#xA;Date verified: 2024-07-12 00:00:00 UTC&#xA;Open: Yes&#xA;Electricity: No&#xA;Wifi: No&#xA;Kitchen: No&#xA;Parking: Yes&#xA;Restaurant: No&#xA;Showers: No&#xA;Water: No&#xA;Toilets: No&#xA;Big rig friendly: No&#xA;Tent friendly: No&#xA;Pet friendly: No&#xA;Sanitation dump station: No&#xA;&#xA;https://ioverlander.com/places/E7567ABF-3F06-47EA-BC09-48BBA3FA4BE5 (network required)&#xA;</desc>
  <type>Established Campground</type>
  <extensions>
   <osmand:icon>tourism_camp_site</osmand:icon>
   <osmand:background>circle</osmand:background>
   <osmand:color>#339933</osmand:color>
   <osmand:amenity_subtype>user_defined_other_postcode</osmand:amenity_subtype>
   <osmand:amenity_type>user_defined_other</osmand:amenity_type>
  </extensions>
 </wpt>
 <wpt lat="34.5691" lon="-105.8085">
  <ele>0.0</ele>
  <time>2024-07-12 00:00:00 UTC</time>
  <name>Cambio Express</name>
  <desc>Currency exchange, right before border crossing&#xA;&#xA;Date verified: 2024-07-12 00:00:00 UTC&#xA;Open: Yes&#xA;Electricity: No&#xA;Wifi: No&#xA;Kitchen: No&#xA;Parking: Yes&#xA;Restaurant: No&#xA;Showers: No&#xA;Water: No&#xA;Toilets: No&#xA;Big rig friendly: No&#xA;Tent friendly: No&#xA;Pet friendly: No&#xA;Sanitation dump station: No&#xA;&#xA;https://ioverlander.com/places/2c7362cd-49b4-4d7a-8d1c-139add28e6d7 (network required)&#xA;</desc>
  <type>Established Campground</type>
  <extensions>
   <osmand:icon>tourism_camp_site</osmand:icon>
   <osmand:background>circle</osmand:background>
   <osmand:color>#339933</osmand:color>
   <osmand:amenity_subtype>user_defined_other_postcode</osmand:amenity_subtype>
   <osmand:amenity_type>user_defined_other</osmand:amenity_type>
  </extensions>
 </wpt>
 <wpt lat="36.7783" lon="-119.4179">
  <ele>0.0</ele>
  <time>2024-07-12 00:00:00 UTC</time>
  <name>Memorial Hospital of Salem County NJ</name>
  <desc>A quality Hospital with Cooper doctors. free parking and friendly staff&#xA;&#xA;Date verified: 2024-07-12 00:00:00 UTC&#xA;Open: Yes&#xA;Electricity: No&#xA;Wifi: No&#xA;Kitchen: No&#xA;Parking: Yes&#xA;Restaurant: No&#xA;Showers: No&#xA;Water: No&#xA;Toilets: No&#xA;Big rig friendly: No&#xA;Tent friendly: No&#xA;Pet friendly: No&#xA;Sanitation dump station: No&#xA;&#xA;https://ioverlander.com/places/b1b2e23b-26d1-49ab-8ec0-2ecfe9b3a779 (network required)&#xA;</desc>
  <type>Established Campground</type>
  <extensions>
   <osmand:icon>tourism_camp_site</osmand:icon>
   <osmand:background>circle</osmand:background>
   <osmand:color>#339933</osmand:color>
   <osmand:amenity_subtype>user_defined_other_postcode</osmand:amenity_subtype>
   <osmand:amenity_type>user_defined_other</osmand:amenity_type>
  </extensions>
 </wpt>
 <wpt lat="31.9809" lon="-99.8864">
  <ele>0.0</ele>
  <time>2024-07-12 00:00:00 UTC</time>
  <name>Danbury Hospital</name>
  <desc>Level 2 trauma center. ER entrance is in the back of the hospital off Hospital Ave right before an open field. there is limited outside parking which is usually filled by midday but there is a parking garage with 7&#39;-0&#34; clearance. There are also some smaller parking lots across the street. valet parking is available. Ambulances use same driveway to drop off patients so keep an eye out for ambulances coming in and out. their drop of area is past the ER parking lot.&#xA;&#xA;Date verified: 2024-07-12 00:00:00 UTC&#xA;Open: Yes&#xA;Electricity: No&#xA;Wifi: No&#xA;Kitchen: No&#xA;Parking: Yes&#xA;Restaurant: No&#xA;Showers: No&#xA;Water: No&#xA;Toilets: No&#xA;Big rig friendly: No&#xA;Tent friendly: No&#xA;Pet friendly: No&#xA;Sanitation dump station: No&#xA;&#xA;https://ioverlander.com/places/f457b30c-babf-4740-a3ae-c4b96712ab5c (network required)&#xA;</desc>
  <type>Established Campground</type>
  <extensions>
   <osmand:icon>tourism_camp_site</osmand:icon>
   <osmand:background>circle</osmand:background>
   <osmand:color>#339933</osmand:color>
   <osmand:amenity_subtype>user_defined_other_postcode</osmand:amenity_subtype>
   <osmand:amenity_type>user_defined_other</osmand:amenity_type>
  </extensions>
 </wpt>
 <wpt lat="43.8287" lon="-120.5234">
  <ele>0.0</ele>
  <time>2024-07-12 00:00:00 UTC</time>
  <name>Cortez Family Dentistry</name>
  <desc>We stopped here during our travels because one of our children has cavities.&#xA;The dentist and his crew were friendly and competent.&#xA;We recommend this place.&#xA;115 N Beech Street Cortez&#xA;Tel: 970 565 72 75&#xA;&#xA;Date verified: 2024-07-12 00:00:00 UTC&#xA;Open: Yes&#xA;Electricity: No&#xA;Wifi: No&#xA;Kitchen: No&#xA;Parking: Yes&#xA;Restaurant: No&#xA;Showers: No&#xA;Water: No&#xA;Toilets: No&#xA;Big rig friendly: No&#xA;Tent friendly: No&#xA;Pet friendly: No&#xA;Sanitation dump station: No&#xA;&#xA;https://ioverlander.com/places/897d915b-8d61-4206-bd1b-0282f802b812 (network required)&#xA;</desc>
  <type>Established Campground</type>
  <extensions>
   <osmand:icon>tourism_camp_site</osmand:icon>
   <osmand:background>circle</osmand:background>
   <osmand:color>#339933</osmand:color>
   <osmand:amenity_subtype>user_defined_other_postcode</osmand:amenity_subtype>
   <osmand:amenity_type>user_defined_other</osmand:amenity_type>
  </extensions>
 </wpt>
 <wpt lat="39.3579" lon="-111.0475">
  <ele>0.0</ele>
  <time>2024-07-12 00:00:00 UTC</time>
  <name>Moab Hospital</name>
  <desc>If you need a a doctor you can go here.&#xA;After an accident in mountain bike we needed to get a doctor for a chin scar....&#xA;Friendly crew.&#xA;Quick service...&#xA;Go to the Urgent Care, not to the emergency.&#xA;I hope you don&#39;t need it.&#xA;&#xA;Date verified: 2024-07-12 00:00:00 UTC&#xA;Open: Yes&#xA;Electricity: No&#xA;Wifi: No&#xA;Kitchen: No&#xA;Parking: Yes&#xA;Restaurant: No&#xA;Showers: No&#xA;Water: No&#xA;Toilets: No&#xA;Big rig friendly: No&#xA;Tent friendly: No&#xA;Pet friendly: No&#xA;Sanitation dump station: No&#xA;&#xA;https://ioverlander.com/places/a6ee3484-ed28-435b-a941-33ec50eae000 (network required)&#xA;</desc>
  <type>Established Campground</type>
  <extensions>
   <osmand:icon>tourism_camp_site</osmand:icon>
   <osmand:background>circle</osmand:background>
   <osmand:color>#339933</osmand:color>
   <osmand:amenity_subtype>user_defined_other_postcode</osmand:amenity_subtype>
   <osmand:amenity_type>user_defined_other</osmand:amenity_type>
  </extensions>
 </wpt>
 <wpt lat="39.5993" lon="-105.7205">
  <ele>0.0</ele>
  <time>2024-07-12 00:00:00 UTC</time>
  <name>Anchorage Heath Department</name>
  <desc>Clinica médica publica no es necesario seguro de salud. Pediatría y atención primaria. Muy economico. Vacunación&#xA;&#xA;Date verified: 2024-07-12 00:00:00 UTC&#xA;Open: Yes&#xA;Electricity: No&#xA;Wifi: No&#xA;Kitchen: No&#xA;Parking: Yes&#xA;Restaurant: No&#xA;Showers: No&#xA;Water: No&#xA;Toilets: No&#xA;Big rig friendly: No&#xA;Tent friendly: No&#xA;Pet friendly: No&#xA;Sanitation dump station: No&#xA;&#xA;https://ioverlander.com/places/66c2a96e-a131-4e92-b857-77240faa60aa (network required)&#xA;</desc>
  <type>Established Campground</type>
  <extensions>
   <osmand:icon>tourism_camp_site</osmand:icon>
   <osmand:background>circle</osmand:background>
   <osmand:color>#339933</osmand:color>
   <osmand:amenity_subtype>user_defined_other_postcode</osmand:amenity_subtype>
   <osmand:amenity_type>user_defined_other</osmand:amenity_type>
  </extensions>
 </wpt>
 <wpt lat="34.1104" lon="-111.0167">
  <ele>0.0</ele>
  <time>2024-07-12 00:00:00 UTC</time>
  <name>Pediatric Dentistry - Great Falls</name>
  <desc>They received us immediately to fix 2 cavities on my son. Very professional. I recommend.&#xA;&#xA;Date verified: 2024-07-12 00:00:00 UTC&#xA;Open: Yes&#xA;Electricity: No&#xA;Wifi: No&#xA;Kitchen: No&#xA;Parking: Yes&#xA;Restaurant: No&#xA;Showers: No&#xA;Water: No&#xA;Toilets: No&#xA;Big rig friendly: No&#xA;Tent friendly: No&#xA;Pet friendly: No&#xA;Sanitation dump station: No&#xA;&#xA;https://ioverlander.com/places/976f0d03-11e2-45a1-a333-bd09a44a78f9 (network required)&#xA;</desc>
  <type>Established Campground</type>
  <extensions>
   <osmand:icon>tourism_camp_site</osmand:icon>
   <osmand:background>circle</osmand:background>
   <osmand:color>#339933</osmand:color>
   <osmand:amenity_subtype>user_defined_other_postcode</osmand:amenity_subtype>
   <osmand:amenity_type>user_defined_other</osmand:amenity_type>
  </extensions>
 </wpt>
 <wpt lat="47.8249" lon="-120.6477">
  <ele>0.0</ele>
  <time>2024-07-12 00:00:00 UTC</time>
  <name>Houston Medical Center</name>
  <desc>Parking lot: $7 per day. Has shuttles to hospitals in the medical center.&#xA;&#xA;Date verified: 2024-07-12 00:00:00 UTC&#xA;Open: Yes&#xA;Electricity: No&#xA;Wifi: No&#xA;Kitchen: No&#xA;Parking: Yes&#xA;Restaurant: No&#xA;Showers: No&#xA;Water: No&#xA;Toilets: No&#xA;Big rig friendly: No&#xA;Tent friendly: No&#xA;Pet friendly: No&#xA;Sanitation dump station: No&#xA;&#xA;https://ioverlander.com/places/8ecb3d77-1756-40fd-be33-9f9a627321b6 (network required)&#xA;</desc>
  <type>Established Campground</type>
  <extensions>
   <osmand:icon>tourism_camp_site</osmand:icon>
   <osmand:background>circle</osmand:background>
   <osmand:color>#339933</osmand:color>
   <osmand:amenity_subtype>user_defined_other_postcode</osmand:amenity_subtype>
   <osmand:amenity_type>user_defined_other</osmand:amenity_type>
  </extensions>
 </wpt>
 <wpt lat="27.7509" lon="-81.408">
  <ele>0.0</ele>
  <time>2024-07-12 00:00:00 UTC</time>
  <name>Baylor Scott &amp; White Hospital</name>
  <desc>24 hr emergency. Full service hospital with many specialists. Regional referral center.&#xA;&#xA;Date verified: 2024-07-12 00:00:00 UTC&#xA;Open: Yes&#xA;Electricity: No&#xA;Wifi: No&#xA;Kitchen: No&#xA;Parking: Yes&#xA;Restaurant: No&#xA;Showers: No&#xA;Water: No&#xA;Toilets: No&#xA;Big rig friendly: No&#xA;Tent friendly: No&#xA;Pet friendly: No&#xA;Sanitation dump station: No&#xA;&#xA;https://ioverlander.com/places/87c7d3a0-7c9f-4292-aede-b052b7488feb (network required)&#xA;</desc>
  <type>Established Campground</type>
  <extensions>
   <osmand:icon>tourism_camp_site</osmand:icon>
   <osmand:background>circle</osmand:background>
   <osmand:color>#339933</osmand:color>
   <osmand:amenity_subtype>user_defined_other_postcode</osmand:amenity_subtype>
   <osmand:amenity_type>user_defined_other</osmand:amenity_type>
  </extensions>
 </wpt>
 <wpt lat="43.1743" lon="-107.1671">
  <ele>0.0</ele>
  <time>2024-07-12 00:00:00 UTC</time>
  <name>Miss Lou Family Dentistry</name>
  <desc>Dental practice that works to accommodate travelers.&#xA;&#xA;While passing through Natchez I wound up with a bad gum infection. These fine folks got me in on New Year&#39;s Eve for x-rays and an exam and was able to pull my tooth first thing on January 2nd. I would recommend to all fellow travelers in need.&#xA;&#xA;Date verified: 2024-07-12 00:00:00 UTC&#xA;Open: Yes&#xA;Electricity: No&#xA;Wifi: No&#xA;Kitchen: No&#xA;Parking: Yes&#xA;Restaurant: No&#xA;Showers: No&#xA;Water: No&#xA;Toilets: No&#xA;Big rig friendly: No&#xA;Tent friendly: No&#xA;Pet friendly: No&#xA;Sanitation dump station: No&#xA;&#xA;https://ioverlander.com/places/5e61d760-06f2-4621-9ef6-8d48c750902a (network required)&#xA;</desc>
  <type>Established Campground</type>
  <extensions>
   <osmand:icon>tourism_camp_site</osmand:icon>
   <osmand:background>circle</osmand:background>
   <osmand:color>#339933</osmand:color>
   <osmand:amenity_subtype>user_defined_other_postcode</osmand:amenity_subtype>
   <osmand:amenity_type>user_defined_other</osmand:amenity_type>
  </extensions>
 </wpt>
 <wpt lat="46.9904" lon="-110.224">
  <ele>0.0</ele>
  <time>2024-07-12 00:00:00 UTC</time>
  <name>Mayo Clinic Health System - Austin</name>
  <desc>Hospital and Clinic and Emergency Department and Urgent Care.&#xA;&#xA;Date verified: 2024-07-12 00:00:00 UTC&#xA;Open: Yes&#xA;Electricity: No&#xA;Wifi: No&#xA;Kitchen: No&#xA;Parking: Yes&#xA;Restaurant: No&#xA;Showers: No&#xA;Water: No&#xA;Toilets: No&#xA;Big rig friendly: No&#xA;Tent friendly: No&#xA;Pet friendly: No&#xA;Sanitation dump station: No&#xA;&#xA;https://ioverlander.com/places/aad455f9-e48f-430a-8dd4-c4e74a350a66 (network required)&#xA;</desc>
  <type>Established Campground</type>
  <extensions>
   <osmand:icon>tourism_camp_site</osmand:icon>
   <osmand:background>circle</osmand:background>
   <osmand:color>#339933</osmand:color>
   <osmand:amenity_subtype>user_defined_other_postcode</osmand:amenity_subtype>
   <osmand:amenity_type>user_defined_other</osmand:amenity_type>
  </extensions>
 </wpt>
 <wpt lat="38.9256" lon="-116.2654">
  <ele>0.0</ele>
  <time>2024-07-12 00:00:00 UTC</time>
  <name>Sunnyside Cannabis Dispensary</name>
  <desc>Medical and adult use marijuana . 9 to 9&#xA;&#xA;Date verified: 2024-07-12 00:00:00 UTC&#xA;Open: Yes&#xA;Electricity: No&#xA;Wifi: No&#xA;Kitchen: No&#xA;Parking: Yes&#xA;Restaurant: No&#xA;Showers: No&#xA;Water: No&#xA;Toilets: No&#xA;Big rig friendly: No&#xA;Tent friendly: No&#xA;Pet friendly: No&#xA;Sanitation dump station: No&#xA;&#xA;https://ioverlander.com/places/ae6182d5-ea70-44ea-8904-5247d7abb73d (network required)&#xA;</desc>
  <type>Established Campground</type>
  <extensions>
   <osmand:icon>tourism_camp_site</osmand:icon>
   <osmand:background>circle</osmand:background>
   <osmand:color>#339933</osmand:color>
   <osmand:amenity_subtype>user_defined_other_postcode</osmand:amenity_subtype>
   <osmand:amenity_type>user_defined_other</osmand:amenity_type>
  </extensions>
 </wpt>
 <wpt lat="44.2035" lon="-114.5726">
  <ele>0.0</ele>
  <time>2024-07-12 00:00:00 UTC</time>
  <name>Deaconess Hospital</name>
  <desc>Level 2 Trauma Hospital with Emergency Room. Pediatrics and Pregnant Women can be seen for emergencies but if admission required, may need to be transferred to another hospital that provides services. Available services include: Stroke. Cardiac. MRI. X-Ray. Nuclear Medicine. Ultrasound. Lab. Cafeteria available till midnight.&#xA;&#xA;Date verified: 2024-07-12 00:00:00 UTC&#xA;Open: Yes&#xA;Electricity: No&#xA;Wifi: No&#xA;Kitchen: No&#xA;Parking: Yes&#xA;Restaurant: No&#xA;Showers: No&#xA;Water: No&#xA;Toilets: No&#xA;Big rig friendly: No&#xA;Tent friendly: No&#xA;Pet friendly: No&#xA;Sanitation dump station: No&#xA;&#xA;https://ioverlander.com/places/dcacc9bb-9e33-44ea-997b-81c477252ba8 (network required)&#xA;</desc>
  <type>Established Campground</type>
  <extensions>
   <osmand:icon>tourism_camp_site</osmand:icon>
   <osmand:background>circle</osmand:background>
   <osmand:color>#339933</osmand:color>
   <osmand:amenity_subtype>user_defined_other_postcode</osmand:amenity_subtype>
   <osmand:amenity_type>user_defined_other</osmand:amenity_type>
  </extensions>
 </wpt>
 <wpt lat="34.6675" lon="-105.6853">
  <ele>0.0</ele>
  <time>2024-07-12 00:00:00 UTC</time>
  <name>Deaconess Gateway Hospital</name>
  <desc>Emergency Department. Stroke. Cardiac. Pediatrics. Women’s OB/GYN. Lab. X-Ray. Ultrasound. CT. Nuclear Medicine. Oncology. If patient requires trauma services/admission, Gateway is able to stabilize and transfer to appropriate trauma certified hospital.&#xA;&#xA;Date verified: 2024-07-12 00:00:00 UTC&#xA;Open: Yes&#xA;Electricity: No&#xA;Wifi: No&#xA;Kitchen: No&#xA;Parking: Yes&#xA;Restaurant: No&#xA;Showers: No&#xA;Water: No&#xA;Toilets: No&#xA;Big rig friendly: No&#xA;Tent friendly: No&#xA;Pet friendly: No&#xA;Sanitation dump station: No&#xA;&#xA;https://ioverlander.com/places/f9fadffa-8b78-49b3-b2ce-b0c6e35d4eba (network required)&#xA;</desc>
  <type>Established Campground</type>
  <extensions>
   <osmand:icon>tourism_camp_site</osmand:icon>
   <osmand:background>circle</osmand:background>
   <osmand:color>#339933</osmand:color>
   <osmand:amenity_subtype>user_defined_other_postcode</osmand:amenity_subtype>
   <osmand:amenity_type>user_defined_other</osmand:amenity_type>
  </extensions>
 </wpt>
 <wpt lat="36.9382" lon="-119.2177">
  <ele>0.0</ele>
  <time>2024-07-12 00:00:00 UTC</time>
  <name>Urgent Care</name>
  <desc>Urgent care. You can reserve a spot online.&#xA;&#xA;Date verified: 2024-07-12 00:00:00 UTC&#xA;Open: Yes&#xA;Electricity: No&#xA;Wifi: No&#xA;Kitchen: No&#xA;Parking: Yes&#xA;Restaurant: No&#xA;Showers: No&#xA;Water: No&#xA;Toilets: No&#xA;Big rig friendly: No&#xA;Tent friendly: No&#xA;Pet friendly: No&#xA;Sanitation dump station: No&#xA;&#xA;https://ioverlander.com/places/4b10c4e9-b84c-4f8c-b159-cd8a04723c5e (network required)&#xA;</desc>
  <type>Established Campground</type>
  <extensions>
   <osmand:icon>tourism_camp_site</osmand:icon>
   <osmand:background>circle</osmand:background>
   <osmand:color>#339933</osmand:color>
   <osmand:amenity_subtype>user_defined_other_postcode</osmand:amenity_subtype>
   <osmand:amenity_type>user_defined_other</osmand:amenity_type>
  </extensions>
 </wpt>
 <wpt lat="32.1408" lon="-99.6862">
  <ele>0.0</ele>
  <time>2024-07-12 00:00:00 UTC</time>
  <name>Norton hospital</name>
  <desc>So I am traveling cross country in my car and I ended up with some sharp pains in my chest, came to this hospital and have been given the best treatment I have ever gotten in my 41 years of living . I know this is not about camping but if you need a doctor or need some medical attention this is the place to go .. I really hope to be getting back on the road soon. somehow I got a hole in my lung and a pneumonia.&#xA;&#xA;Date verified: 2024-07-12 00:00:00 UTC&#xA;Open: Yes&#xA;Electricity: No&#xA;Wifi: No&#xA;Kitchen: No&#xA;Parking: Yes&#xA;Restaurant: No&#xA;Showers: No&#xA;Water: No&#xA;Toilets: No&#xA;Big rig friendly: No&#xA;Tent friendly: No&#xA;Pet friendly: No&#xA;Sanitation dump station: No&#xA;&#xA;https://ioverlander.com/places/8ed29b13-b2be-486a-80fd-30a3eb34d108 (network required)&#xA;</desc>
  <type>Established Campground</type>
  <extensions>
   <osmand:icon>tourism_camp_site</osmand:icon>
   <osmand:background>circle</osmand:background>
   <osmand:color>#339933</osmand:color>
   <osmand:amenity_subtype>user_defined_other_postcode</osmand:amenity_subtype>
   <osmand:amenity_type>user_defined_other</osmand:amenity_type>
  </extensions>
 </wpt>
 <wpt lat="43.9886" lon="-120.3232">
  <ele>0.0</ele>
  <time>2024-07-12 00:00:00 UTC</time>
  <name>La Grande Hospital</name>
  <desc>A decent hospital, we had a case of food poisoning while staying at Morgan Lake and drove here for help&#xA;&#xA;Date verified: 2024-07-12 00:00:00 UTC&#xA;Open: Yes&#xA;Electricity: No&#xA;Wifi: No&#xA;Kitchen: No&#xA;Parking: Yes&#xA;Restaurant: No&#xA;Showers: No&#xA;Water: No&#xA;Toilets: No&#xA;Big rig friendly: No&#xA;Tent friendly: No&#xA;Pet friendly: No&#xA;Sanitation dump station: No&#xA;&#xA;https://ioverlander.com/places/f88c019e-fc9c-4cd2-b24c-b7243d9f76c1 (network required)&#xA;</desc>
  <type>Established Campground</type>
  <extensions>
   <osmand:icon>tourism_camp_site</osmand:icon>
   <osmand:background>circle</osmand:background>
   <osmand:color>#339933</osmand:color>
   <osmand:amenity_subtype>user_defined_other_postcode</osmand:amenity_subtype>
   <osmand:amenity_type>user_defined_other</osmand:amenity_type>
  </extensions>
 </wpt>
 <wpt lat="39.5178" lon="-110.8473">
  <ele>0.0</ele>
  <time>2024-07-12 00:00:00 UTC</time>
  <name>Beloit Memorial Hospital</name>
  <desc>Full service hospital with emergency room.&#xA;&#xA;Date verified: 2024-07-12 00:00:00 UTC&#xA;Open: Yes&#xA;Electricity: No&#xA;Wifi: No&#xA;Kitchen: No&#xA;Parking: Yes&#xA;Restaurant: No&#xA;Showers: No&#xA;Water: No&#xA;Toilets: No&#xA;Big rig friendly: No&#xA;Tent friendly: No&#xA;Pet friendly: No&#xA;Sanitation dump station: No&#xA;&#xA;https://ioverlander.com/places/09260e32-7a07-4525-a898-f833b5f882c0 (network required)&#xA;</desc>
  <type>Established Campground</type>
  <extensions>
   <osmand:icon>tourism_camp_site</osmand:icon>
   <osmand:background>circle</osmand:background>
   <osmand:color>#339933</osmand:color>
   <osmand:amenity_subtype>user_defined_other_postcode</osmand:amenity_subtype>
   <osmand:amenity_type>user_defined_other</osmand:amenity_type>
  </extensions>
 </wpt>
 <wpt lat="39.7592" lon="-105.5203">
  <ele>0.0</ele>
  <time>2024-07-12 00:00:00 UTC</time>
  <name>Dennis Schulze, DDS</name>
  <desc>We&#39;ve been using this Dentist for over 12 years and they have a great staff and have modified hours to allow for visits. They take all types of insurance and also have self-pay. See their website for hours. Close proximity to Hwy 64/40. The parking will hold a campervan but anything larger may have to park at a business next door.&#xA;&#xA;Date verified: 2024-07-12 00:00:00 UTC&#xA;Open: Yes&#xA;Electricity: No&#xA;Wifi: No&#xA;Kitchen: No&#xA;Parking: Yes&#xA;Restaurant: No&#xA;Showers: No&#xA;Water: No&#xA;Toilets: No&#xA;Big rig friendly: No&#xA;Tent friendly: No&#xA;Pet friendly: No&#xA;Sanitation dump station: No&#xA;&#xA;https://ioverlander.com/places/b9a269f2-ea0b-4c14-bfb2-fcf8f6fdda17 (network required)&#xA;</desc>
  <type>Established Campground</type>
  <extensions>
   <osmand:icon>tourism_camp_site</osmand:icon>
   <osmand:background>circle</osmand:background>
   <osmand:color>#339933</osmand:color>
   <osmand:amenity_subtype>user_defined_other_postcode</osmand:amenity_subtype>
   <osmand:amenity_type>user_defined_other</osmand:amenity_type>
  </extensions>
 </wpt>
 <wpt lat="34.2703" lon="-110.8165">
  <ele>0.0</ele>
  <time>2024-07-12 00:00:00 UTC</time>
  <name>Mayo Clinic -Jacksonville</name>
  <desc>9 RV parking spots - located in Lot A next to Courtyard by Marriott.&#xA;No overnight parking in Lot A but a great spot if you need a hospital. Beautiful hospital campus with many places to walk, Starbucks and cafeteria. (also seems to be pet-friendly)&#xA;4500 San Pablo Rd. S Jacksonville FL 33224&#xA;&#xA;Date verified: 2024-07-12 00:00:00 UTC&#xA;Open: Yes&#xA;Electricity: No&#xA;Wifi: No&#xA;Kitchen: No&#xA;Parking: Yes&#xA;Restaurant: No&#xA;Showers: No&#xA;Water: No&#xA;Toilets: No&#xA;Big rig friendly: No&#xA;Tent friendly: No&#xA;Pet friendly: No&#xA;Sanitation dump station: No&#xA;&#xA;https://ioverlander.com/places/26f1f851-07f4-406d-b8ba-d0625984c870 (network required)&#xA;</desc>
  <type>Established Campground</type>
  <extensions>
   <osmand:icon>tourism_camp_site</osmand:icon>
   <osmand:background>circle</osmand:background>
   <osmand:color>#339933</osmand:color>
   <osmand:amenity_subtype>user_defined_other_postcode</osmand:amenity_subtype>
   <osmand:amenity_type>user_defined_other</osmand:amenity_type>
  </extensions>
 </wpt>
 <wpt lat="47.9848" lon="-120.4475">
  <ele>0.0</ele>
  <time>2024-07-12 00:00:00 UTC</time>
  <name>Jackson Lodge Medical Clinic</name>
  <desc>Jackson Lodge medical clinic also gas, restrooms and potable water&#xA;&#xA;Date verified: 2024-07-12 00:00:00 UTC&#xA;Open: Yes&#xA;Electricity: No&#xA;Wifi: No&#xA;Kitchen: No&#xA;Parking: Yes&#xA;Restaurant: No&#xA;Showers: No&#xA;Water: No&#xA;Toilets: No&#xA;Big rig friendly: No&#xA;Tent friendly: No&#xA;Pet friendly: No&#xA;Sanitation dump station: No&#xA;&#xA;https://ioverlander.com/places/a0d257d8-0f0a-4e30-a561-0ed502e6cba3 (network required)&#xA;</desc>
  <type>Established Campground</type>
  <extensions>
   <osmand:icon>tourism_camp_site</osmand:icon>
   <osmand:background>circle</osmand:background>
   <osmand:color>#339933</osmand:color>
   <osmand:amenity_subtype>user_defined_other_postcode</osmand:amenity_subtype>
   <osmand:amenity_type>user_defined_other</osmand:amenity_type>
  </extensions>
 </wpt>
 <wpt lat="27.9108" lon="-81.2078">
  <ele>0.0</ele>
  <time>2024-07-12 00:00:00 UTC</time>
  <name>Marquette Hospital</name>
  <desc>This is the hospital and the emergency room. There are other doctors offices too&#xA;&#xA;Date verified: 2024-07-12 00:00:00 UTC&#xA;Open: Yes&#xA;Electricity: No&#xA;Wifi: No&#xA;Kitchen: No&#xA;Parking: Yes&#xA;Restaurant: No&#xA;Showers: No&#xA;Water: No&#xA;Toilets: No&#xA;Big rig friendly: No&#xA;Tent friendly: No&#xA;Pet friendly: No&#xA;Sanitation dump station: No&#xA;&#xA;https://ioverlander.com/places/9BB25C2D-E654-47E1-B002-BB339DAD06A8 (network required)&#xA;</desc>
  <type>Established Campground</type>
  <extensions>
   <osmand:icon>tourism_camp_site</osmand:icon>
   <osmand:background>circle</osmand:background>
   <osmand:color>#339933</osmand:color>
   <osmand:amenity_subtype>user_defined_other_postcode</osmand:amenity_subtype>
   <osmand:amenity_type>user_defined_other</osmand:amenity_type>
  </extensions>
 </wpt>
 <wpt lat="43.3342" lon="-106.9669">
  <ele>0.0</ele>
  <time>2024-07-12 00:00:00 UTC</time>
  <name>Bell Hospital</name>
  <desc>This is Bell Hospital and emergency room and there are other doctors offices in the building&#xA;&#xA;Date verified: 2024-07-12 00:00:00 UTC&#xA;Open: Yes&#xA;Electricity: No&#xA;Wifi: No&#xA;Kitchen: No&#xA;Parking: Yes&#xA;Restaurant: No&#xA;Showers: No&#xA;Water: No&#xA;Toilets: No&#xA;Big rig friendly: No&#xA;Tent friendly: No&#xA;Pet friendly: No&#xA;Sanitation dump station: No&#xA;&#xA;https://ioverlander.com/places/A5FB24C0-AA50-46A9-B636-D366048D14AB (network required)&#xA;</desc>
  <type>Established Campground</type>
  <extensions>
   <osmand:icon>tourism_camp_site</osmand:icon>
   <osmand:background>circle</osmand:background>
   <osmand:color>#339933</osmand:color>
   <osmand:amenity_subtype>user_defined_other_postcode</osmand:amenity_subtype>
   <osmand:amenity_type>user_defined_other</osmand:amenity_type>
  </extensions>
 </wpt>
 <wpt lat="47.1503" lon="-110.0238">
  <ele>0.0</ele>
  <time>2024-07-12 00:00:00 UTC</time>
  <name>Geisinger Medical Center</name>
  <desc>Level 1 Trauma, Stroke, and Heart center. All advanced medical care available.&#xA;&#xA;Date verified: 2024-07-12 00:00:00 UTC&#xA;Open: Yes&#xA;Electricity: No&#xA;Wifi: No&#xA;Kitchen: No&#xA;Parking: Yes&#xA;Restaurant: No&#xA;Showers: No&#xA;Water: No&#xA;Toilets: No&#xA;Big rig friendly: No&#xA;Tent friendly: No&#xA;Pet friendly: No&#xA;Sanitation dump station: No&#xA;&#xA;https://ioverlander.com/places/55F49031-3ADD-4CF0-8767-19BE19D74895 (network required)&#xA;</desc>
  <type>Established Campground</type>
  <extensions>
   <osmand:icon>tourism_camp_site</osmand:icon>
   <osmand:background>circle</osmand:background>
   <osmand:color>#339933</osmand:color>
   <osmand:amenity_subtype>user_defined_other_postcode</osmand:amenity_subtype>
   <osmand:amenity_type>user_defined_other</osmand:amenity_type>
  </extensions>
 </wpt>
 <wpt lat="39.0855" lon="-116.0652">
  <ele>0.0</ele>
  <time>2024-07-12 00:00:00 UTC</time>
  <name>Sanford Hospital</name>
  <desc>Hospital/ ER/ Clinic/ Pharmacy. Public restrooms, Free coffee, Free filtered water fountains. Cafeteria food for purchase, open to public.&#xA;&#xA;Date verified: 2024-07-12 00:00:00 UTC&#xA;Open: Yes&#xA;Electricity: No&#xA;Wifi: No&#xA;Kitchen: No&#xA;Parking: Yes&#xA;Restaurant: No&#xA;Showers: No&#xA;Water: No&#xA;Toilets: No&#xA;Big rig friendly: No&#xA;Tent friendly: No&#xA;Pet friendly: No&#xA;Sanitation dump station: No&#xA;&#xA;https://ioverlander.com/places/CC52FFDE-FF3D-46AD-8C73-B6AA8E90D1DB (network required)&#xA;</desc>
  <type>Established Campground</type>
  <extensions>
   <osmand:icon>tourism_camp_site</osmand:icon>
   <osmand:background>circle</osmand:background>
   <osmand:color>#339933</osmand:color>
   <osmand:amenity_subtype>user_defined_other_postcode</osmand:amenity_subtype>
   <osmand:amenity_type>user_defined_other</osmand:amenity_type>
  </extensions>
 </wpt>
 <wpt lat="44.3634" lon="-114.3724">
  <ele>0.0</ele>
  <time>2024-07-12 00:00:00 UTC</time>
  <name>Urgent Care doctor inside market</name>
  <desc>Had a really bad rash and was sent here by some locals. The doctor&#39;s office is in the back of the store and he gives 75$ consultations. Next pharmacy is in Forks. More convenient than driving all the way to Port Angeles to the next urgent care. (360) 640-5601 (I forget the doctors name.)&#xA;&#xA;Date verified: 2024-07-12 00:00:00 UTC&#xA;Open: Yes&#xA;Electricity: No&#xA;Wifi: No&#xA;Kitchen: No&#xA;Parking: Yes&#xA;Restaurant: No&#xA;Showers: No&#xA;Water: No&#xA;Toilets: No&#xA;Big rig friendly: No&#xA;Tent friendly: No&#xA;Pet friendly: No&#xA;Sanitation dump station: No&#xA;&#xA;https://ioverlander.com/places/F2565A54-30DE-4BE6-90EE-A4A815FDB196 (network required)&#xA;</desc>
  <type>Established Campground</type>
  <extensions>
   <osmand:icon>tourism_camp_site</osmand:icon>
   <osmand:background>circle</osmand:background>
   <osmand:color>#339933</osmand:color>
   <osmand:amenity_subtype>user_defined_other_postcode</osmand:amenity_subtype>
   <osmand:amenity_type>user_defined_other</osmand:amenity_type>
  </extensions>
 </wpt>
 <wpt lat="34.8274" lon="-105.4851">
  <ele>0.0</ele>
  <time>2024-07-12 00:00:00 UTC</time>
  <name>Miami Valley Hospital North</name>
  <desc>Full service medical center with 24 hour emergency room. Parking is limited. Large vehicles should use the overflow lot on the Eastside of the campus.&#xA;&#xA;Date verified: 2024-07-12 00:00:00 UTC&#xA;Open: Yes&#xA;Electricity: No&#xA;Wifi: No&#xA;Kitchen: No&#xA;Parking: Yes&#xA;Restaurant: No&#xA;Showers: No&#xA;Water: No&#xA;Toilets: No&#xA;Big rig friendly: No&#xA;Tent friendly: No&#xA;Pet friendly: No&#xA;Sanitation dump station: No&#xA;&#xA;https://ioverlander.com/places/5d001b40-b241-43f4-bf22-fa2661fe1560 (network required)&#xA;</desc>
  <type>Established Campground</type>
  <extensions>
   <osmand:icon>tourism_camp_site</osmand:icon>
   <osmand:background>circle</osmand:background>
   <osmand:color>#339933</osmand:color>
   <osmand:amenity_subtype>user_defined_other_postcode</osmand:amenity_subtype>
   <osmand:amenity_type>user_defined_other</osmand:amenity_type>
  </extensions>
 </wpt>
 <wpt lat="37.0981" lon="-119.0175">
  <ele>0.0</ele>
  <time>2024-07-12 00:00:00 UTC</time>
  <name>St Luke&#39;s Hospital</name>
  <desc>Great Hospital has Urgent Care and ER. Urgent care entrance is to your left as you come in main hospital entrance.&#xA;&#xA;Date verified: 2024-07-12 00:00:00 UTC&#xA;Open: Yes&#xA;Electricity: No&#xA;Wifi: No&#xA;Kitchen: No&#xA;Parking: Yes&#xA;Restaurant: No&#xA;Showers: No&#xA;Water: No&#xA;Toilets: No&#xA;Big rig friendly: No&#xA;Tent friendly: No&#xA;Pet friendly: No&#xA;Sanitation dump station: No&#xA;&#xA;https://ioverlander.com/places/8E0820FA-2609-4C0A-95F8-F0C688F5A534 (network required)&#xA;</desc>
  <type>Established Campground</type>
  <extensions>
   <osmand:icon>tourism_camp_site</osmand:icon>
   <osmand:background>circle</osmand:background>
   <osmand:color>#339933</osmand:color>
   <osmand:amenity_subtype>user_defined_other_postcode</osmand:amenity_subtype>
   <osmand:amenity_type>user_defined_other</osmand:amenity_type>
  </extensions>
 </wpt>
 <wpt lat="32.3007" lon="-99.486">
  <ele>0.0</ele>
  <time>2024-07-12 00:00:00 UTC</time>
  <name>Norwalk Hospital</name>
  <desc>Local trauma center. Full service hospital with emergency room and 24/7 availability.&#xA;&#xA;Date verified: 2024-07-12 00:00:00 UTC&#xA;Open: Yes&#xA;Electricity: No&#xA;Wifi: No&#xA;Kitchen: No&#xA;Parking: Yes&#xA;Restaurant: No&#xA;Showers: No&#xA;Water: No&#xA;Toilets: No&#xA;Big rig friendly: No&#xA;Tent friendly: No&#xA;Pet friendly: No&#xA;Sanitation dump station: No&#xA;&#xA;https://ioverlander.com/places/d8397d66-26dd-4427-8b88-6bff3aef46bc (network required)&#xA;</desc>
  <type>Established Campground</type>
  <extensions>
   <osmand:icon>tourism_camp_site</osmand:icon>
   <osmand:background>circle</osmand:background>
   <osmand:color>#339933</osmand:color>
   <osmand:amenity_subtype>user_defined_other_postcode</osmand:amenity_subtype>
   <osmand:amenity_type>user_defined_other</osmand:amenity_type>
  </extensions>
 </wpt>
 <wpt lat="43.8041" lon="-120.5542">
  <ele>0.0</ele>
  <time>2024-07-12 00:00:00 UTC</time>
  <name>Bernardo Veterinary</name>
  <desc>Friendly vet for dog check before entering Mexico. Offered text consultations for emergencies while we are on the road.&#xA;We walked in without an appointment and our doggie was taken care of immediately&#xA;&#xA;Date verified: 2024-07-12 00:00:00 UTC&#xA;Open: Yes&#xA;Electricity: No&#xA;Wifi: No&#xA;Kitchen: No&#xA;Parking: Yes&#xA;Restaurant: No&#xA;Showers: No&#xA;Water: No&#xA;Toilets: No&#xA;Big rig friendly: No&#xA;Tent friendly: No&#xA;Pet friendly: No&#xA;Sanitation dump station: No&#xA;&#xA;https://ioverlander.com/places/b1f79897-7f5d-4c09-b4be-8aee28f6d2ed (network required)&#xA;</desc>
  <type>Established Campground</type>
  <extensions>
   <osmand:icon>tourism_camp_site</osmand:icon>
   <osmand:background>circle</osmand:background>
   <osmand:color>#339933</osmand:color>
   <osmand:amenity_subtype>user_defined_other_postcode</osmand:amenity_subtype>
   <osmand:amenity_type>user_defined_other</osmand:amenity_type>
  </extensions>
 </wpt>
 <wpt lat="39.3333" lon="-111.0783">
  <ele>0.0</ele>
  <time>2024-07-12 00:00:00 UTC</time>
  <name>Best dog park ever!</name>
  <desc>Awesome dog park! Right next to the river, huuuuge space super lovely!!&#xA;&#xA;Date verified: 2024-07-12 00:00:00 UTC&#xA;Open: Yes&#xA;Electricity: No&#xA;Wifi: No&#xA;Kitchen: No&#xA;Parking: Yes&#xA;Restaurant: No&#xA;Showers: No&#xA;Water: No&#xA;Toilets: No&#xA;Big rig friendly: No&#xA;Tent friendly: No&#xA;Pet friendly: No&#xA;Sanitation dump station: No&#xA;&#xA;https://ioverlander.com/places/6ef943dc-a101-4ff4-a80c-db835d6028c0 (network required)&#xA;</desc>
  <type>Established Campground</type>
  <extensions>
   <osmand:icon>tourism_camp_site</osmand:icon>
   <osmand:background>circle</osmand:background>
   <osmand:color>#339933</osmand:color>
   <osmand:amenity_subtype>user_defined_other_postcode</osmand:amenity_subtype>
   <osmand:amenity_type>user_defined_other</osmand:amenity_type>
  </extensions>
 </wpt>
 <wpt lat="39.5747" lon="-105.7513">
  <ele>0.0</ele>
  <time>2024-07-12 00:00:00 UTC</time>
  <name>Sudz unleashed self service dog wash</name>
  <desc>self service dog wash, $10/10 minutes. In the back behind the muffler shop .&#xA;&#xA;Date verified: 2024-07-12 00:00:00 UTC&#xA;Open: Yes&#xA;Electricity: No&#xA;Wifi: No&#xA;Kitchen: No&#xA;Parking: Yes&#xA;Restaurant: No&#xA;Showers: No&#xA;Water: No&#xA;Toilets: No&#xA;Big rig friendly: No&#xA;Tent friendly: No&#xA;Pet friendly: No&#xA;Sanitation dump station: No&#xA;&#xA;https://ioverlander.com/places/6e9ab9fc-4530-4cc8-bd48-34f7b5e26b08 (network required)&#xA;</desc>
  <type>Established Campground</type>
  <extensions>
   <osmand:icon>tourism_camp_site</osmand:icon>
   <osmand:background>circle</osmand:background>
   <osmand:color>#339933</osmand:color>
   <osmand:amenity_subtype>user_defined_other_postcode</osmand:amenity_subtype>
   <osmand:amenity_type>user_defined_other</osmand:amenity_type>
  </extensions>
 </wpt>
 <wpt lat="34.0858" lon="-111.0475">
  <ele>0.0</ele>
  <time>2024-07-12 00:00:00 UTC</time>
  <name>Self service Pet wash at the Rapid Wash Car Wash</name>
  <desc>5 dollars for 5 minutes. bring your own towel&#xA;&#xA;Date verified: 2024-07-12 00:00:00 UTC&#xA;Open: Yes&#xA;Electricity: No&#xA;Wifi: No&#xA;Kitchen: No&#xA;Parking: Yes&#xA;Restaurant: No&#xA;Showers: No&#xA;Water: No&#xA;Toilets: No&#xA;Big rig friendly: No&#xA;Tent friendly: No&#xA;Pet friendly: No&#xA;Sanitation dump station: No&#xA;&#xA;https://ioverlander.com/places/5a05ac7d-570b-430c-bfb2-0ef2bc5d036f (network required)&#xA;</desc>
  <type>Established Campground</type>
  <extensions>
   <osmand:icon>tourism_camp_site</osmand:icon>
   <osmand:background>circle</osmand:background>
   <osmand:color>#339933</osmand:color>
   <osmand:amenity_subtype>user_defined_other_postcode</osmand:amenity_subtype>
   <osmand:amenity_type>user_defined_other</osmand:amenity_type>
  </extensions>
 </wpt>
 <wpt lat="47.8003" lon="-120.6785">
  <ele>0.0</ele>
  <time>2024-07-12 00:00:00 UTC</time>
  <name>Malibu Coast Animal Hospital and Legacy Park</name>
  <desc>Animal Hospital and access to Legacy Park. Good place to take a break and walk dogs. Street parking HWY 1 or park at Civic Center Way. There is also a Country Mart for shopping.&#xA;&#xA;Date verified: 2024-07-12 00:00:00 UTC&#xA;Open: Yes&#xA;Electricity: No&#xA;Wifi: No&#xA;Kitchen: No&#xA;Parking: Yes&#xA;Restaurant: No&#xA;Showers: No&#xA;Water: No&#xA;Toilets: No&#xA;Big rig friendly: No&#xA;Tent friendly: No&#xA;Pet friendly: No&#xA;Sanitation dump station: No&#xA;&#xA;https://ioverlander.com/places/5cf3f5f7-e2a8-4b05-b1a2-8662e8a7f828 (network required)&#xA;</desc>
  <type>Established Campground</type>
  <extensions>
   <osmand:icon>tourism_camp_site</osmand:icon>
   <osmand:background>circle</osmand:background>
   <osmand:color>#339933</osmand:color>
   <osmand:amenity_subtype>user_defined_other_postcode</osmand:amenity_subtype>
   <osmand:amenity_type>user_defined_other</osmand:amenity_type>
  </extensions>
 </wpt>
 <wpt lat="27.7263" lon="-81.4388">
  <ele>0.0</ele>
  <time>2024-07-12 00:00:00 UTC</time>
  <name>Happy trail dog park</name>
  <desc>Great dog park... free!&#xA;&#xA;Most dog parks in the area require a pass to get in involving a fee and providing vaccination records. This is a normal dog park without all that... beautiful park&#xA;&#xA;Date verified: 2024-07-12 00:00:00 UTC&#xA;Open: Yes&#xA;Electricity: No&#xA;Wifi: No&#xA;Kitchen: No&#xA;Parking: Yes&#xA;Restaurant: No&#xA;Showers: No&#xA;Water: No&#xA;Toilets: No&#xA;Big rig friendly: No&#xA;Tent friendly: No&#xA;Pet friendly: No&#xA;Sanitation dump station: No&#xA;&#xA;https://ioverlander.com/places/88557d7b-6abe-40db-a58f-3140a388646e (network required)&#xA;</desc>
  <type>Established Campground</type>
  <extensions>
   <osmand:icon>tourism_camp_site</osmand:icon>
   <osmand:background>circle</osmand:background>
   <osmand:color>#339933</osmand:color>
   <osmand:amenity_subtype>user_defined_other_postcode</osmand:amenity_subtype>
   <osmand:amenity_type>user_defined_other</osmand:amenity_type>
  </extensions>
 </wpt>
 <wpt lat="43.1497" lon="-107.1979">
  <ele>0.0</ele>
  <time>2024-07-12 00:00:00 UTC</time>
  <name>Devon Dog Park and Greenland Open Space</name>
  <desc>Devon Dog Park Fantastic off the leash dog park right next to GreenLand Open Space , with a Trailhead for hiking, riding horses Xcoountry skiing , mountain biking , have a b-q. It is close to the highway and a railroad tracks, good place to take dog out , get fresh water , stretch your legs. Has super oversized pit toilets . Not sure if you can stay overnight call the number on website , I’m sure if you got in late and kept quiet for a night no one would care , people were super nice&#xA;&#xA;Date verified: 2024-07-12 00:00:00 UTC&#xA;Open: Yes&#xA;Electricity: No&#xA;Wifi: No&#xA;Kitchen: No&#xA;Parking: Yes&#xA;Restaurant: No&#xA;Showers: No&#xA;Water: No&#xA;Toilets: No&#xA;Big rig friendly: No&#xA;Tent friendly: No&#xA;Pet friendly: No&#xA;Sanitation dump station: No&#xA;&#xA;https://ioverlander.com/places/c3ae1df7-a10c-4394-a4ca-08628a22b29a (network required)&#xA;</desc>
  <type>Established Campground</type>
  <extensions>
   <osmand:icon>tourism_camp_site</osmand:icon>
   <osmand:background>circle</osmand:background>
   <osmand:color>#339933</osmand:color>
   <osmand:amenity_subtype>user_defined_other_postcode</osmand:amenity_subtype>
   <osmand:amenity_type>user_defined_other</osmand:amenity_type>
  </extensions>
 </wpt>
 <wpt lat="46.9658" lon="-110.2548">
  <ele>0.0</ele>
  <time>2024-07-12 00:00:00 UTC</time>
  <name>Ortiz Dog Park</name>
  <desc>This dog park is over 100 acres of trails, and land for your dog to roam freely. It is an off leash dog park (you can still leash your dog) with no fence but clear perimeters of where the park ends. This is a must go to with your dog, the views from the trails are insane and your dog will make lots of friends! It’s open from 6AM-10PM and has an amazing view of the sunset.&#xA;&#xA;Date verified: 2024-07-12 00:00:00 UTC&#xA;Open: Yes&#xA;Electricity: No&#xA;Wifi: No&#xA;Kitchen: No&#xA;Parking: Yes&#xA;Restaurant: No&#xA;Showers: No&#xA;Water: No&#xA;Toilets: No&#xA;Big rig friendly: No&#xA;Tent friendly: No&#xA;Pet friendly: No&#xA;Sanitation dump station: No&#xA;&#xA;https://ioverlander.com/places/4035825d-90e8-4d24-9807-1f640207f66e (network required)&#xA;</desc>
  <type>Established Campground</type>
  <extensions>
   <osmand:icon>tourism_camp_site</osmand:icon>
   <osmand:background>circle</osmand:background>
   <osmand:color>#339933</osmand:color>
   <osmand:amenity_subtype>user_defined_other_postcode</osmand:amenity_subtype>
   <osmand:amenity_type>user_defined_other</osmand:amenity_type>
  </extensions>
 </wpt>
 <wpt lat="38.901" lon="-116.2962">
  <ele>0.0</ele>
  <time>2024-07-12 00:00:00 UTC</time>
  <name>Walton Rocks</name>
  <desc>Awesome dog beach along Florida’s east coast. It is really hard to find anywhere to take your dog to the beach along this coast but this one is great. It is also an OFF LEASH beach so your dog can run and play with friends, play some fetch or go for a swim in the ocean. What a great place for the dogs.&#xA;&#xA;Date verified: 2024-07-12 00:00:00 UTC&#xA;Open: Yes&#xA;Electricity: No&#xA;Wifi: No&#xA;Kitchen: No&#xA;Parking: Yes&#xA;Restaurant: No&#xA;Showers: No&#xA;Water: No&#xA;Toilets: No&#xA;Big rig friendly: No&#xA;Tent friendly: No&#xA;Pet friendly: No&#xA;Sanitation dump station: No&#xA;&#xA;https://ioverlander.com/places/33381875-4b39-44dc-8903-21ee4033ecb3 (network required)&#xA;</desc>
  <type>Established Campground</type>
  <extensions>
   <osmand:icon>tourism_camp_site</osmand:icon>
   <osmand:background>circle</osmand:background>
   <osmand:color>#339933</osmand:color>
   <osmand:amenity_subtype>user_defined_other_postcode</osmand:amenity_subtype>
   <osmand:amenity_type>user_defined_other</osmand:amenity_type>
  </extensions>
 </wpt>
 <wpt lat="44.1789" lon="-114.6034">
  <ele>0.0</ele>
  <time>2024-07-12 00:00:00 UTC</time>
  <name>Woof Bowl Dog Park</name>
  <desc>Small fenced dog park behind the football field in the Roswell Sports Complex. Lots of parking, expansive parking lot.&#xA;&#xA;Date verified: 2024-07-12 00:00:00 UTC&#xA;Open: Yes&#xA;Electricity: No&#xA;Wifi: No&#xA;Kitchen: No&#xA;Parking: Yes&#xA;Restaurant: No&#xA;Showers: No&#xA;Water: No&#xA;Toilets: No&#xA;Big rig friendly: No&#xA;Tent friendly: No&#xA;Pet friendly: No&#xA;Sanitation dump station: No&#xA;&#xA;https://ioverlander.com/places/680e99a7-c3a3-42d6-9143-9589e0d00de3 (network required)&#xA;</desc>
  <type>Established Campground</type>
  <extensions>
   <osmand:icon>tourism_camp_site</osmand:icon>
   <osmand:background>circle</osmand:background>
   <osmand:color>#339933</osmand:color>
   <osmand:amenity_subtype>user_defined_other_postcode</osmand:amenity_subtype>
   <osmand:amenity_type>user_defined_other</osmand:amenity_type>
  </extensions>
 </wpt>
 <wpt lat="34.6429" lon="-105.7161">
  <ele>0.0</ele>
  <time>2024-07-12 00:00:00 UTC</time>
  <name>Dog park</name>
  <desc>Great good sized dog park. No fee to get in.&#xA;&#xA;Date verified: 2024-07-12 00:00:00 UTC&#xA;Open: Yes&#xA;Electricity: No&#xA;Wifi: No&#xA;Kitchen: No&#xA;Parking: Yes&#xA;Restaurant: No&#xA;Showers: No&#xA;Water: No&#xA;Toilets: No&#xA;Big rig friendly: No&#xA;Tent friendly: No&#xA;Pet friendly: No&#xA;Sanitation dump station: No&#xA;&#xA;https://ioverlander.com/places/41d12133-36f5-4485-b4ca-e5266d730326 (network required)&#xA;</desc>
  <type>Established Campground</type>
  <extensions>
   <osmand:icon>tourism_camp_site</osmand:icon>
   <osmand:background>circle</osmand:background>
   <osmand:color>#339933</osmand:color>
   <osmand:amenity_subtype>user_defined_other_postcode</osmand:amenity_subtype>
   <osmand:amenity_type>user_defined_other</osmand:amenity_type>
  </extensions>
 </wpt>
 <wpt lat="36.9136" lon="-119.2485">
  <ele>0.0</ele>
  <time>2024-07-12 00:00:00 UTC</time>
  <name>Dog park</name>
  <desc>Great large dog park... it’s behind the church&#xA;&#xA;Date verified: 2024-07-12 00:00:00 UTC&#xA;Open: Yes&#xA;Electricity: No&#xA;Wifi: No&#xA;Kitchen: No&#xA;Parking: Yes&#xA;Restaurant: No&#xA;Showers: No&#xA;Water: No&#xA;Toilets: No&#xA;Big rig friendly: No&#xA;Tent friendly: No&#xA;Pet friendly: No&#xA;Sanitation dump station: No&#xA;&#xA;https://ioverlander.com/places/c856ab56-0f6e-4c8c-b264-e6568c62471a (network required)&#xA;</desc>
  <type>Established Campground</type>
  <extensions>
   <osmand:icon>tourism_camp_site</osmand:icon>
   <osmand:background>circle</osmand:background>
   <osmand:color>#339933</osmand:color>
   <osmand:amenity_subtype>user_defined_other_postcode</osmand:amenity_subtype>
   <osmand:amenity_type>user_defined_other</osmand:amenity_type>
  </extensions>
 </wpt>
 <wpt lat="32.1162" lon="-99.717">
  <ele>0.0</ele>
  <time>2024-07-12 00:00:00 UTC</time>
  <name>Village of Ruidoso Dog Park</name>
  <desc>Two fenced areas on a slope with trees for shade and many nice benches to rest on. The people were very friendly and attentive of their dogs. There was hardly any poop on the ground, either!&#xA;There’s also an area of blue bins to drop off recycling, right there in the parking lot.&#xA;&#xA;Date verified: 2024-07-12 00:00:00 UTC&#xA;Open: Yes&#xA;Electricity: No&#xA;Wifi: No&#xA;Kitchen: No&#xA;Parking: Yes&#xA;Restaurant: No&#xA;Showers: No&#xA;Water: No&#xA;Toilets: No&#xA;Big rig friendly: No&#xA;Tent friendly: No&#xA;Pet friendly: No&#xA;Sanitation dump station: No&#xA;&#xA;https://ioverlander.com/places/83e39862-959f-472a-9832-ac7600d34345 (network required)&#xA;</desc>
  <type>Established Campground</type>
  <extensions>
   <osmand:icon>tourism_camp_site</osmand:icon>
   <osmand:background>circle</osmand:background>
   <osmand:color>#339933</osmand:color>
   <osmand:amenity_subtype>user_defined_other_postcode</osmand:amenity_subtype>
   <osmand:amenity_type>user_defined_other</osmand:amenity_type>
  </extensions>
 </wpt>
 <wpt lat="43.964" lon="-120.354">
  <ele>0.0</ele>
  <time>2024-07-12 00:00:00 UTC</time>
  <name>Las Cruces Dog Park</name>
  <desc>There are two areas for dogs at this dog park. One smaller area for “special needs” dogs and a large area for all others. There is no grass, but the dogs don’t seem to mind. This is one of the best dog parks I’ve taken my pooch to. It’s maintained by a coalition of members who care about this park, and it shows. Very little, if any, poop to watch out for, lots of trees and shade, benches and chairs galore, water buckets with fresh water all over, and even a big light if you need to come after dark!&#xA;&#xA;Date verified: 2024-07-12 00:00:00 UTC&#xA;Open: Yes&#xA;Electricity: No&#xA;Wifi: No&#xA;Kitchen: No&#xA;Parking: Yes&#xA;Restaurant: No&#xA;Showers: No&#xA;Water: No&#xA;Toilets: No&#xA;Big rig friendly: No&#xA;Tent friendly: No&#xA;Pet friendly: No&#xA;Sanitation dump station: No&#xA;&#xA;https://ioverlander.com/places/71078e3f-90d8-45c5-846a-41024599cd94 (network required)&#xA;</desc>
  <type>Established Campground</type>
  <extensions>
   <osmand:icon>tourism_camp_site</osmand:icon>
   <osmand:background>circle</osmand:background>
   <osmand:color>#339933</osmand:color>
   <osmand:amenity_subtype>user_defined_other_postcode</osmand:amenity_subtype>
   <osmand:amenity_type>user_defined_other</osmand:amenity_type>
  </extensions>
 </wpt>
 <wpt lat="39.4932" lon="-110.8781">
  <ele>0.0</ele>
  <time>2024-07-12 00:00:00 UTC</time>
  <name>On Cue/ Phillips 66</name>
  <desc>Awesome rest stop for people with dogs. Very large fenced-in dog play area on west side of building. Plenty of parking for overnight stops as well.&#xA;&#xA;Date verified: 2024-07-12 00:00:00 UTC&#xA;Open: Yes&#xA;Electricity: No&#xA;Wifi: No&#xA;Kitchen: No&#xA;Parking: Yes&#xA;Restaurant: No&#xA;Showers: No&#xA;Water: No&#xA;Toilets: No&#xA;Big rig friendly: No&#xA;Tent friendly: No&#xA;Pet friendly: No&#xA;Sanitation dump station: No&#xA;&#xA;https://ioverlander.com/places/3e16bbc4-e851-435d-b933-4da8730972bb (network required)&#xA;</desc>
  <type>Established Campground</type>
  <extensions>
   <osmand:icon>tourism_camp_site</osmand:icon>
   <osmand:background>circle</osmand:background>
   <osmand:color>#339933</osmand:color>
   <osmand:amenity_subtype>user_defined_other_postcode</osmand:amenity_subtype>
   <osmand:amenity_type>user_defined_other</osmand:amenity_type>
  </extensions>
 </wpt>
 <wpt lat="39.7346" lon="-105.5511">
  <ele>0.0</ele>
  <time>2024-07-12 00:00:00 UTC</time>
  <name>dog park</name>
  <desc>Off and on leash dog park and hiking trail&#xA;potable water supply and large parking area for day use only... free.&#xA;&#xA;Date verified: 2024-07-12 00:00:00 UTC&#xA;Open: Yes&#xA;Electricity: No&#xA;Wifi: No&#xA;Kitchen: No&#xA;Parking: Yes&#xA;Restaurant: No&#xA;Showers: No&#xA;Water: No&#xA;Toilets: No&#xA;Big rig friendly: No&#xA;Tent friendly: No&#xA;Pet friendly: No&#xA;Sanitation dump station: No&#xA;&#xA;https://ioverlander.com/places/1fa93198-4f99-4425-9c9c-372fdc6b377e (network required)&#xA;</desc>
  <type>Established Campground</type>
  <extensions>
   <osmand:icon>tourism_camp_site</osmand:icon>
   <osmand:background>circle</osmand:background>
   <osmand:color>#339933</osmand:color>
   <osmand:amenity_subtype>user_defined_other_postcode</osmand:amenity_subtype>
   <osmand:amenity_type>user_defined_other</osmand:amenity_type>
  </extensions>
 </wpt>
 <wpt lat="34.2457" lon="-110.8473">
  <ele>0.0</ele>
  <time>2024-07-12 00:00:00 UTC</time>
  <name>Valley Emergency Pet Care</name>
  <desc>Emergency pet care clinic. Open 24 hours 7 days per week.&#xA;This clinic is for emergency care/surgery only, it&#39;s not a clinic for routine animal care.&#xA;Expensive, but a modern facility with a veterinary surgeon always on duty.&#xA;&#xA;Date verified: 2024-07-12 00:00:00 UTC&#xA;Open: Yes&#xA;Electricity: No&#xA;Wifi: No&#xA;Kitchen: No&#xA;Parking: Yes&#xA;Restaurant: No&#xA;Showers: No&#xA;Water: No&#xA;Toilets: No&#xA;Big rig friendly: No&#xA;Tent friendly: No&#xA;Pet friendly: No&#xA;Sanitation dump station: No&#xA;&#xA;https://ioverlander.com/places/22bb08fc-cad7-49ed-b624-c8545b185125 (network required)&#xA;</desc>
  <type>Established Campground</type>
  <extensions>
   <osmand:icon>tourism_camp_site</osmand:icon>
   <osmand:background>circle</osmand:background>
   <osmand:color>#339933</osmand:color>
   <osmand:amenity_subtype>user_defined_other_postcode</osmand:amenity_subtype>
   <osmand:amenity_type>user_defined_other</osmand:amenity_type>
  </extensions>
 </wpt>
 <wpt lat="47.9602" lon="-120.4783">
  <ele>0.0</ele>
  <time>2024-07-12 00:00:00 UTC</time>
  <name>Dirty Paws Self Serve Dog Wash</name>
  <desc>Self serve dog wash for $10 for 10 minutes. Accepts cash and credit cards. Towels available.&#xA;&#xA;Date verified: 2024-07-12 00:00:00 UTC&#xA;Open: Yes&#xA;Electricity: No&#xA;Wifi: No&#xA;Kitchen: No&#xA;Parking: Yes&#xA;Restaurant: No&#xA;Showers: No&#xA;Water: No&#xA;Toilets: No&#xA;Big rig friendly: No&#xA;Tent friendly: No&#xA;Pet friendly: No&#xA;Sanitation dump station: No&#xA;&#xA;https://ioverlander.com/places/1aeeed23-ed7f-49e1-a4ed-40351e699dc5 (network required)&#xA;</desc>
  <type>Established Campground</type>
  <extensions>
   <osmand:icon>tourism_camp_site</osmand:icon>
   <osmand:background>circle</osmand:background>
   <osmand:color>#339933</osmand:color>
   <osmand:amenity_subtype>user_defined_other_postcode</osmand:amenity_subtype>
   <osmand:amenity_type>user_defined_other</osmand:amenity_type>
  </extensions>
 </wpt>
 <wpt lat="27.8862" lon="-81.2386">
  <ele>0.0</ele>
  <time>2024-07-12 00:00:00 UTC</time>
  <name>ARIZONA HUMANE SOCIETY</name>
  <desc>Check website for updated info-&#xA;&#xA;Good place. Low cost vaccines. On friday it&#39;s without appointement and 21 dollars per vaccin. Check te pictures.&#xA;&#xA;Date verified: 2024-07-12 00:00:00 UTC&#xA;Open: Yes&#xA;Electricity: No&#xA;Wifi: No&#xA;Kitchen: No&#xA;Parking: Yes&#xA;Restaurant: No&#xA;Showers: No&#xA;Water: No&#xA;Toilets: No&#xA;Big rig friendly: No&#xA;Tent friendly: No&#xA;Pet friendly: No&#xA;Sanitation dump station: No&#xA;&#xA;https://ioverlander.com/places/55306694-2138-41ab-be11-fae95f21eae7 (network required)&#xA;</desc>
  <type>Established Campground</type>
  <extensions>
   <osmand:icon>tourism_camp_site</osmand:icon>
   <osmand:background>circle</osmand:background>
   <osmand:color>#339933</osmand:color>
   <osmand:amenity_subtype>user_defined_other_postcode</osmand:amenity_subtype>
   <osmand:amenity_type>user_defined_other</osmand:amenity_type>
  </extensions>
 </wpt>
 <wpt lat="43.3096" lon="-106.9977">
  <ele>0.0</ele>
  <time>2024-07-12 00:00:00 UTC</time>
  <name>Dog Park NOLA City Park</name>
  <desc>If you travel with your dog, this is a great place to visit. The park is separated into areas: one for big dogs and one for small dogs.&#xA;My dogs loved it. Several people come here daily to play with their dogs freely. Good place to make good friends.&#xA;Payed U$10 for one week in the administration of the park.&#xA;Clean bathrooms and a place to bath the dogs.&#xA;&#xA;Date verified: 2024-07-12 00:00:00 UTC&#xA;Open: Yes&#xA;Electricity: No&#xA;Wifi: No&#xA;Kitchen: No&#xA;Parking: Yes&#xA;Restaurant: No&#xA;Showers: No&#xA;Water: No&#xA;Toilets: No&#xA;Big rig friendly: No&#xA;Tent friendly: No&#xA;Pet friendly: No&#xA;Sanitation dump station: No&#xA;&#xA;https://ioverlander.com/places/cfd600ca-138f-43d3-9b68-092946711d81 (network required)&#xA;</desc>
  <type>Established Campground</type>
  <extensions>
   <osmand:icon>tourism_camp_site</osmand:icon>
   <osmand:background>circle</osmand:background>
   <osmand:color>#339933</osmand:color>
   <osmand:amenity_subtype>user_defined_other_postcode</osmand:amenity_subtype>
   <osmand:amenity_type>user_defined_other</osmand:amenity_type>
  </extensions>
 </wpt>
 <wpt lat="47.1257" lon="-110.0546">
  <ele>0.0</ele>
  <time>2024-07-12 00:00:00 UTC</time>
  <name>U-Wash Pets and Grooming</name>
  <desc>Cheapeat Self Serve Dog wash I could find in Bend and it&#39;s owned by two very nice and friendly sisters. Took a pic of prices.&#xA;&#xA;Date verified: 2024-07-12 00:00:00 UTC&#xA;Open: Yes&#xA;Electricity: No&#xA;Wifi: No&#xA;Kitchen: No&#xA;Parking: Yes&#xA;Restaurant: No&#xA;Showers: No&#xA;Water: No&#xA;Toilets: No&#xA;Big rig friendly: No&#xA;Tent friendly: No&#xA;Pet friendly: No&#xA;Sanitation dump station: No&#xA;&#xA;https://ioverlander.com/places/f2d2fbb1-310f-484c-adce-d8fa584cf6bf (network required)&#xA;</desc>
  <type>Established Campground</type>
  <extensions>
   <osmand:icon>tourism_camp_site</osmand:icon>
   <osmand:background>circle</osmand:background>
   <osmand:color>#339933</osmand:color>
   <osmand:amenity_subtype>user_defined_other_postcode</osmand:amenity_subtype>
   <osmand:amenity_type>user_defined_other</osmand:amenity_type>
  </extensions>
 </wpt>
 <wpt lat="39.0609" lon="-116.096">
  <ele>0.0</ele>
  <time>2024-07-12 00:00:00 UTC</time>
  <name>The Stock Doc (Best Vet ever)</name>
  <desc>We went to The Stock Doc to get the third round of vaccines for our puppy and they where so nice, prices are very reasonable, 20 for a vaccine. They offered us coffee and we could use their bathroom. Very nice people and place, I highly recommend if you&#39;re looking for a vet.&#xA;&#xA;Date verified: 2024-07-12 00:00:00 UTC&#xA;Open: Yes&#xA;Electricity: No&#xA;Wifi: No&#xA;Kitchen: No&#xA;Parking: Yes&#xA;Restaurant: No&#xA;Showers: No&#xA;Water: No&#xA;Toilets: No&#xA;Big rig friendly: No&#xA;Tent friendly: No&#xA;Pet friendly: No&#xA;Sanitation dump station: No&#xA;&#xA;https://ioverlander.com/places/2e4da694-8211-48c9-b5f3-7d1c038e49de (network required)&#xA;</desc>
  <type>Established Campground</type>
  <extensions>
   <osmand:icon>tourism_camp_site</osmand:icon>
   <osmand:background>circle</osmand:background>
   <osmand:color>#339933</osmand:color>
   <osmand:amenity_subtype>user_defined_other_postcode</osmand:amenity_subtype>
   <osmand:amenity_type>user_defined_other</osmand:amenity_type>
  </extensions>
 </wpt>
 <wpt lat="44.3388" lon="-114.4032">
  <ele>0.0</ele>
  <time>2024-07-12 00:00:00 UTC</time>
  <name>Island Park : Dawg friendly, Picknick , Boat Launch</name>
  <desc>Day spot! Great place to take hike with the dog, do some fishing, picnic by the river, park here walk to town. Pit toilets, skate park, LTE 4 bars. If you are not longer then a pickup with a boat trailer, then you good to turn around and park here.&#xA;&#xA;Date verified: 2024-07-12 00:00:00 UTC&#xA;Open: Yes&#xA;Electricity: No&#xA;Wifi: No&#xA;Kitchen: No&#xA;Parking: Yes&#xA;Restaurant: No&#xA;Showers: No&#xA;Water: No&#xA;Toilets: No&#xA;Big rig friendly: No&#xA;Tent friendly: No&#xA;Pet friendly: No&#xA;Sanitation dump station: No&#xA;&#xA;https://ioverlander.com/places/b8df61da-d17b-4467-b648-831bd0c6110a (network required)&#xA;</desc>
  <type>Established Campground</type>
  <extensions>
   <osmand:icon>tourism_camp_site</osmand:icon>
   <osmand:background>circle</osmand:background>
   <osmand:color>#339933</osmand:color>
   <osmand:amenity_subtype>user_defined_other_postcode</osmand:amenity_subtype>
   <osmand:amenity_type>user_defined_other</osmand:amenity_type>
  </extensions>
 </wpt>
 <wpt lat="34.8028" lon="-105.5159">
  <ele>0.0</ele>
  <time>2024-07-12 00:00:00 UTC</time>
  <name>Dog Park</name>
  <desc>There are 2 park next to each other, one is for dogs and the other one is supposed to be for kids but the dog park had no shade so we stayed at the kid park to play with our puppies. I think it&#39;s possible to overnight as well.&#xA;&#xA;Date verified: 2024-07-12 00:00:00 UTC&#xA;Open: Yes&#xA;Electricity: No&#xA;Wifi: No&#xA;Kitchen: No&#xA;Parking: Yes&#xA;Restaurant: No&#xA;Showers: No&#xA;Water: No&#xA;Toilets: No&#xA;Big rig friendly: No&#xA;Tent friendly: No&#xA;Pet friendly: No&#xA;Sanitation dump station: No&#xA;&#xA;https://ioverlander.com/places/b77514bf-6c1c-4e85-83a5-46cdb3f6a3e3 (network required)&#xA;</desc>
  <type>Established Campground</type>
  <extensions>
   <osmand:icon>tourism_camp_site</osmand:icon>
   <osmand:background>circle</osmand:background>
   <osmand:color>#339933</osmand:color>
   <osmand:amenity_subtype>user_defined_other_postcode</osmand:amenity_subtype>
   <osmand:amenity_type>user_defined_other</osmand:amenity_type>
  </extensions>
 </wpt>
 <wpt lat="37.0735" lon="-119.0483">
  <ele>0.0</ele>
  <time>2024-07-12 00:00:00 UTC</time>
  <name>Lil&#39;Dog Car and Pet Wash</name>
  <desc>self service dog wash. $3.00 got us 6 min&#xA;&#xA;Date verified: 2024-07-12 00:00:00 UTC&#xA;Open: Yes&#xA;Electricity: No&#xA;Wifi: No&#xA;Kitchen: No&#xA;Parking: Yes&#xA;Restaurant: No&#xA;Showers: No&#xA;Water: No&#xA;Toilets: No&#xA;Big rig friendly: No&#xA;Tent friendly: No&#xA;Pet friendly: No&#xA;Sanitation dump station: No&#xA;&#xA;https://ioverlander.com/places/d29c05ba-1154-4538-8ea1-7d16ba87a005 (network required)&#xA;</desc>
  <type>Established Campground</type>
  <extensions>
   <osmand:icon>tourism_camp_site</osmand:icon>
   <osmand:background>circle</osmand:background>
   <osmand:color>#339933</osmand:color>
   <osmand:amenity_subtype>user_defined_other_postcode</osmand:amenity_subtype>
   <osmand:amenity_type>user_defined_other</osmand:amenity_type>
  </extensions>
 </wpt>
 <wpt lat="32.2761" lon="-99.5168">
  <ele>0.0</ele>
  <time>2024-07-12 00:00:00 UTC</time>
  <name>All breed handling</name>
  <desc>I boarded my two dogs with Brian Belli and his wife for three days and was very pleased. They have a wonderful site with fenced wooded areas and well equipped kennels. Brian and his wife both have professional experience showing and caring for dogs. They can be reached at 508.287.7710. Rates were adjusted based on the services requested.&#xA;&#xA;Date verified: 2024-07-12 00:00:00 UTC&#xA;Open: Yes&#xA;Electricity: No&#xA;Wifi: No&#xA;Kitchen: No&#xA;Parking: Yes&#xA;Restaurant: No&#xA;Showers: No&#xA;Water: No&#xA;Toilets: No&#xA;Big rig friendly: No&#xA;Tent friendly: No&#xA;Pet friendly: No&#xA;Sanitation dump station: No&#xA;&#xA;https://ioverlander.com/places/f026e309-1f05-4565-9dbc-c661460b3469 (network required)&#xA;</desc>
  <type>Established Campground</type>
  <extensions>
   <osmand:icon>tourism_camp_site</osmand:icon>
   <osmand:background>circle</osmand:background>
   <osmand:color>#339933</osmand:color>
   <osmand:amenity_subtype>user_defined_other_postcode</osmand:amenity_subtype>
   <osmand:amenity_type>user_defined_other</osmand:amenity_type>
  </extensions>
 </wpt>
 <wpt lat="44.1239" lon="-120.1538">
  <ele>0.0</ele>
  <time>2024-07-12 00:00:00 UTC</time>
  <name>Off Leash Dog Beach</name>
  <desc>Beautiful beach with white sand, gentle waves, and plenty of street parking right on the beach where you can spend the day and let your dog run around!&#xA;&#xA;Date verified: 2024-07-12 00:00:00 UTC&#xA;Open: Yes&#xA;Electricity: No&#xA;Wifi: No&#xA;Kitchen: No&#xA;Parking: Yes&#xA;Restaurant: No&#xA;Showers: No&#xA;Water: No&#xA;Toilets: No&#xA;Big rig friendly: No&#xA;Tent friendly: No&#xA;Pet friendly: No&#xA;Sanitation dump station: No&#xA;&#xA;https://ioverlander.com/places/05c51956-f21c-4184-bc9f-61f1ef789c50 (network required)&#xA;</desc>
  <type>Established Campground</type>
  <extensions>
   <osmand:icon>tourism_camp_site</osmand:icon>
   <osmand:background>circle</osmand:background>
   <osmand:color>#339933</osmand:color>
   <osmand:amenity_subtype>user_defined_other_postcode</osmand:amenity_subtype>
   <osmand:amenity_type>user_defined_other</osmand:amenity_type>
  </extensions>
 </wpt>
 <wpt lat="39.6531" lon="-110.6779">
  <ele>0.0</ele>
  <time>2024-07-12 00:00:00 UTC</time>
  <name>Steel City Emergency Vets</name>
  <desc>Veterinary service providing after hours, weekend and holiday emergency pet care.&#xA;&#xA;Date verified: 2024-07-12 00:00:00 UTC&#xA;Open: Yes&#xA;Electricity: No&#xA;Wifi: No&#xA;Kitchen: No&#xA;Parking: Yes&#xA;Restaurant: No&#xA;Showers: No&#xA;Water: No&#xA;Toilets: No&#xA;Big rig friendly: No&#xA;Tent friendly: No&#xA;Pet friendly: No&#xA;Sanitation dump station: No&#xA;&#xA;https://ioverlander.com/places/9bc4727b-c7c1-4b36-b5a0-0ed8c6ad889e (network required)&#xA;</desc>
  <type>Established Campground</type>
  <extensions>
   <osmand:icon>tourism_camp_site</osmand:icon>
   <osmand:background>circle</osmand:background>
   <osmand:color>#339933</osmand:color>
   <osmand:amenity_subtype>user_defined_other_postcode</osmand:amenity_subtype>
   <osmand:amenity_type>user_defined_other</osmand:amenity_type>
  </extensions>
 </wpt>
 <wpt lat="39.8945" lon="-105.3509">
  <ele>0.0</ele>
  <time>2024-07-12 00:00:00 UTC</time>
  <name>Spirit Mountain Animal Hospital</name>
  <desc>Friendly staff, make the anti-rabie shot in my dogs without appointment. Payed U$55 shot, certificate and tag.&#xA;&#xA;Date verified: 2024-07-12 00:00:00 UTC&#xA;Open: Yes&#xA;Electricity: No&#xA;Wifi: No&#xA;Kitchen: No&#xA;Parking: Yes&#xA;Restaurant: No&#xA;Showers: No&#xA;Water: No&#xA;Toilets: No&#xA;Big rig friendly: No&#xA;Tent friendly: No&#xA;Pet friendly: No&#xA;Sanitation dump station: No&#xA;&#xA;https://ioverlander.com/places/761254cc-0a75-4bb6-bc6b-5a6ed42279a3 (network required)&#xA;</desc>
  <type>Established Campground</type>
  <extensions>
   <osmand:icon>tourism_camp_site</osmand:icon>
   <osmand:background>circle</osmand:background>
   <osmand:color>#339933</osmand:color>
   <osmand:amenity_subtype>user_defined_other_postcode</osmand:amenity_subtype>
   <osmand:amenity_type>user_defined_other</osmand:amenity_type>
  </extensions>
 </wpt>
 <wpt lat="34.4056" lon="-110.6471">
  <ele>0.0</ele>
  <time>2024-07-12 00:00:00 UTC</time>
  <name>Bijou Dog Park</name>
  <desc>Big open dog park, fountain for the pets, VERY dusty though. The place is basically loose dirt and wood chips. Good if you want your dog to socialize but I&#39;d prefer bringing them to the beach&#xA;&#xA;Date verified: 2024-07-12 00:00:00 UTC&#xA;Open: Yes&#xA;Electricity: No&#xA;Wifi: No&#xA;Kitchen: No&#xA;Parking: Yes&#xA;Restaurant: No&#xA;Showers: No&#xA;Water: No&#xA;Toilets: No&#xA;Big rig friendly: No&#xA;Tent friendly: No&#xA;Pet friendly: No&#xA;Sanitation dump station: No&#xA;&#xA;https://ioverlander.com/places/10b092c4-7194-4d16-b2ab-c62e989e3432 (network required)&#xA;</desc>
  <type>Established Campground</type>
  <extensions>
   <osmand:icon>tourism_camp_site</osmand:icon>
   <osmand:background>circle</osmand:background>
   <osmand:color>#339933</osmand:color>
   <osmand:amenity_subtype>user_defined_other_postcode</osmand:amenity_subtype>
   <osmand:amenity_type>user_defined_other</osmand:amenity_type>
  </extensions>
 </wpt>
 <extensions>
  <osmand:points_groups>
   <osmand:group icon="tourism_camp_site" background="circle" color="#339933" name="Established Campground"></osmand:group>
   <osmand:group icon="fuel" background="circle" color="#339933" name="Fuel Station"></osmand:group>
   <osmand:group icon="tourism_viewpoint" background="star" color="#ffff80ff" name="Hotel"></osmand:group>
   <osmand:group icon="tourism_camp_site" background="circle" color="#79d279" name="Informal Campsite"></osmand:group>
   <osmand:group icon="tourism_viewpoint" background="circle" color="#339933" name="Laundromat"></osmand:group>
   <osmand:group icon="shop_car_repair" background="circle" color="#9999ff" name="Mechanic and Parts"></osmand:group>
   <osmand:group icon="tourism_viewpoint" background="star" color="#ffff80ff" name="Propane"></osmand:group>
   <osmand:group icon="tourism_viewpoint" background="star" color="#ffff80ff" name="Restaurant"></osmand:group>
   <osmand:group icon="tourism_viewpoint" background="star" color="#ffff80ff" name="Sanitation Dump Station"></osmand:group>
   <osmand:group icon="shop_supermarket" background="circle" color="#339933" name="Shopping"></osmand:group>
   <osmand:group icon="tourism_viewpoint" background="star" color="#ffff80ff" name="Showers"></osmand:group>
   <osmand:group icon="amenity_drinking_water" background="circle" color="#0099ff" name="Water"></osmand:group>
   <osmand:group icon="tourism_camp_site" background="circle" color="#00ff00" name="Wild Camping"></osmand:group>
  </osmand:points_groups>
 </extensions>
</gpx>
